timestamp,date,day_of_week,is_weekend,hour,hour_sin,hour_cos,dow_sin,dow_cos,tariff_index,temp_proxy_c,N_agents,load_baseline_kw,load_smart_kw
2025-01-01T00:00:00,2025-01-01,2,0,0.0,0.0,1.0,0.9749279121818236,-0.22252093395631434,1.0,24.421888009624364,1867,92.42893061045235,148.8328754904115
2025-01-01T00:15:00,2025-01-01,2,0,0.25,0.06540312923014306,0.9978589232386035,0.9749279121818236,-0.22252093395631434,1.0,23.79159217738308,1867,189.1599599207272,259.1516607440597
2025-01-01T00:30:00,2025-01-01,2,0,0.5,0.13052619222005157,0.9914448613738104,0.9749279121818236,-0.22252093395631434,1.0,23.11821347079796,1867,240.32001392348775,339.03181406899574
2025-01-01T00:45:00,2025-01-01,2,0,0.75,0.19509032201612825,0.9807852804032304,0.9749279121818236,-0.22252093395631434,1.0,23.060618927014577,1867,262.4840235853235,408.16428666673073
2025-01-01T01:00:00,2025-01-01,2,0,1.0,0.25881904510252074,0.9659258262890683,0.9749279121818236,-0.22252093395631434,1.0,22.405012067002122,1867,287.1406275806231,446.6431938347684
2025-01-01T01:15:00,2025-01-01,2,0,1.25,0.3214394653031616,0.9469301294951057,0.9749279121818236,-0.22252093395631434,1.0,22.68981830287247,1867,351.1000616731007,494.2616705379753
2025-01-01T01:30:00,2025-01-01,2,0,1.5,0.3826834323650898,0.9238795325112867,0.9749279121818236,-0.22252093395631434,1.0,23.100229741523258,1867,413.47944296822527,530.5182898682292
2025-01-01T01:45:00,2025-01-01,2,0,1.75,0.44228869021900125,0.8968727415326884,0.9749279121818236,-0.22252093395631434,1.0,21.633312880688173,1867,512.3182835479355,597.2119597072651
2025-01-01T02:00:00,2025-01-01,2,0,2.0,0.49999999999999994,0.8660254037844387,0.9749279121818236,-0.22252093395631434,1.0,21.18062933072316,1867,508.31259341681056,575.8274199716388
2025-01-01T02:15:00,2025-01-01,2,0,2.25,0.5555702330196022,0.8314696123025452,0.9749279121818236,-0.22252093395631434,1.0,21.464447162207886,1867,452.9166007313351,680.8792843987717
2025-01-01T02:30:00,2025-01-01,2,0,2.5,0.6087614290087207,0.7933533402912352,0.9749279121818236,-0.22252093395631434,1.0,20.997289358216346,1867,478.4078895539422,750.3212782280605
2025-01-01T02:45:00,2025-01-01,2,0,2.75,0.6593458151000688,0.7518398074789774,0.9749279121818236,-0.22252093395631434,1.0,20.455667324779597,1867,472.33193202468544,789.8017613096958
2025-01-01T03:00:00,2025-01-01,2,0,3.0,0.7071067811865475,0.7071067811865476,0.9749279121818236,-0.22252093395631434,1.0,19.441719173175077,1867,513.8846105260179,813.2194686385986
2025-01-01T03:15:00,2025-01-01,2,0,3.25,0.7518398074789774,0.659345815100069,0.9749279121818236,-0.22252093395631434,1.0,19.59003013114118,1867,528.7334631830228,755.1349965889091
2025-01-01T03:30:00,2025-01-01,2,0,3.5,0.793353340291235,0.6087614290087208,0.9749279121818236,-0.22252093395631434,1.0,19.634024763354663,1867,549.3000953431332,708.720255388081
2025-01-01T03:45:00,2025-01-01,2,0,3.75,0.8314696123025451,0.5555702330196024,0.9749279121818236,-0.22252093395631434,1.0,18.022929339532183,1867,564.0997621057537,735.5328732963945
2025-01-01T04:00:00,2025-01-01,2,0,4.0,0.8660254037844386,0.5000000000000001,0.9749279121818236,-0.22252093395631434,1.0,18.172516272760742,1867,534.1818324991286,632.0977791876043
2025-01-01T04:15:00,2025-01-01,2,0,4.25,0.8968727415326884,0.44228869021900125,0.9749279121818236,-0.22252093395631434,1.0,16.930629564300524,1867,466.6428538931934,544.5386767501868
2025-01-01T04:30:00,2025-01-01,2,0,4.5,0.9238795325112867,0.38268343236508984,0.9749279121818236,-0.22252093395631434,1.0,16.930176761938476,1867,449.6126106422698,499.5200061816244
2025-01-01T04:45:00,2025-01-01,2,0,4.75,0.9469301294951056,0.3214394653031617,0.9749279121818236,-0.22252093395631434,1.0,16.241226836010952,1867,422.2268618499993,521.0405920151479
2025-01-01T05:00:00,2025-01-01,2,0,5.0,0.9659258262890683,0.25881904510252074,0.9749279121818236,-0.22252093395631434,1.0,16.85894532135519,1867,401.12509166366385,510.3234477675526
2025-01-01T05:15:00,2025-01-01,2,0,5.25,0.9807852804032304,0.1950903220161283,0.9749279121818236,-0.22252093395631434,1.0,15.906110713016163,1867,354.59245802918247,486.7063090729139
2025-01-01T05:30:00,2025-01-01,2,0,5.5,0.9914448613738104,0.1305261922200517,0.9749279121818236,-0.22252093395631434,1.0,16.510190041240698,1867,291.774199355489,434.8902373185812
2025-01-01T05:45:00,2025-01-01,2,0,5.75,0.9978589232386035,0.06540312923014327,0.9749279121818236,-0.22252093395631434,1.0,16.137975761374122,1867,275.24374657638407,408.5668819310575
2025-01-01T06:00:00,2025-01-01,2,0,6.0,1.0,6.123233995736766e-17,0.9749279121818236,-0.22252093395631434,1.0,15.645200746102741,1867,253.4641051308731,409.8997597778484
2025-01-01T06:15:00,2025-01-01,2,0,6.25,0.9978589232386035,-0.06540312923014316,0.9749279121818236,-0.22252093395631434,1.0,13.978905328633829,1867,252.26644895895907,396.966868531164
2025-01-01T06:30:00,2025-01-01,2,0,6.5,0.9914448613738104,-0.1305261922200516,0.9749279121818236,-0.22252093395631434,1.0,14.916664220744607,1867,251.06935080349132,410.9453462685596
2025-01-01T06:45:00,2025-01-01,2,0,6.75,0.9807852804032304,-0.1950903220161282,0.9749279121818236,-0.22252093395631434,1.0,14.982081758944085,1867,248.56331215614833,395.8226364336373
2025-01-01T07:00:00,2025-01-01,2,0,7.0,0.9659258262890683,-0.25881904510252063,0.9749279121818236,-0.22252093395631434,1.2,14.871832968895353,1867,213.71932238632732,358.0030642858363
2025-01-01T07:15:00,2025-01-01,2,0,7.25,0.9469301294951057,-0.3214394653031616,0.9749279121818236,-0.22252093395631434,1.2,13.700682091500633,1867,208.85679650641012,318.174254639276
2025-01-01T07:30:00,2025-01-01,2,0,7.5,0.9238795325112868,-0.3826834323650895,0.9749279121818236,-0.22252093395631434,1.2,14.170070839311922,1867,196.0941965388869,298.40410971173975
2025-01-01T07:45:00,2025-01-01,2,0,7.75,0.8968727415326884,-0.44228869021900113,0.9749279121818236,-0.22252093395631434,1.2,13.731307776195383,1867,180.07681840976963,281.7762957141431
2025-01-01T08:00:00,2025-01-01,2,0,8.0,0.8660254037844388,-0.4999999999999998,0.9749279121818236,-0.22252093395631434,1.2,13.71914269861023,1867,155.90672856781282,266.4888788343475
2025-01-01T08:15:00,2025-01-01,2,0,8.25,0.8314696123025451,-0.5555702330196023,0.9749279121818236,-0.22252093395631434,1.2,14.751827491612264,1867,157.68623685987217,275.62187925783724
2025-01-01T08:30:00,2025-01-01,2,0,8.5,0.7933533402912352,-0.6087614290087207,0.9749279121818236,-0.22252093395631434,1.2,13.566810026558,1867,138.7371426569736,269.571457701935
2025-01-01T08:45:00,2025-01-01,2,0,8.75,0.7518398074789774,-0.6593458151000688,0.9749279121818236,-0.22252093395631434,1.2,13.993333437601068,1867,130.83104911283658,223.86446385037587
2025-01-01T09:00:00,2025-01-01,2,0,9.0,0.7071067811865476,-0.7071067811865475,0.9749279121818236,-0.22252093395631434,1.2,14.530633920429905,1867,114.07851633160814,216.26011602428892
2025-01-01T09:15:00,2025-01-01,2,0,9.25,0.659345815100069,-0.7518398074789773,0.9749279121818236,-0.22252093395631434,1.2,13.662686200922398,1867,108.20661357330988,200.35965142304943
2025-01-01T09:30:00,2025-01-01,2,0,9.5,0.6087614290087209,-0.7933533402912349,0.9749279121818236,-0.22252093395631434,1.2,13.984309662006643,1867,103.24469453283012,199.86364916443844
2025-01-01T09:45:00,2025-01-01,2,0,9.75,0.5555702330196025,-0.831469612302545,0.9749279121818236,-0.22252093395631434,1.2,14.181566803530306,1867,87.91458458780264,187.85883157323408
2025-01-01T10:00:00,2025-01-01,2,0,10.0,0.49999999999999994,-0.8660254037844387,0.9749279121818236,-0.22252093395631434,1.0,14.242714106818626,1867,73.10255215163977,190.85883157323406
2025-01-01T10:15:00,2025-01-01,2,0,10.25,0.4422886902190017,-0.8968727415326881,0.9749279121818236,-0.22252093395631434,1.0,13.58338572717875,1867,66.6734843882242,183.63924117538278
2025-01-01T10:30:00,2025-01-01,2,0,10.5,0.38268343236508984,-0.9238795325112867,0.9749279121818236,-0.22252093395631434,1.0,14.502406943158485,1867,58.38950923294469,161.02233296282228
2025-01-01T10:45:00,2025-01-01,2,0,10.75,0.32143946530316175,-0.9469301294951056,0.9749279121818236,-0.22252093395631434,1.0,15.434057603848792,1867,50.203044369162846,159.98013347433118
2025-01-01T11:00:00,2025-01-01,2,0,11.0,0.258819045102521,-0.9659258262890682,0.9749279121818236,-0.22252093395631434,1.0,13.875560770416278,1867,46.20304436916285,153.97672571874952
2025-01-01T11:15:00,2025-01-01,2,0,11.25,0.19509032201612816,-0.9807852804032304,0.9749279121818236,-0.22252093395631434,1.0,15.526811938997687,1867,46.20304436916285,144.4301904722398
2025-01-01T11:30:00,2025-01-01,2,0,11.5,0.130526192220052,-0.9914448613738104,0.9749279121818236,-0.22252093395631434,1.0,15.31149237367054,1867,43.20304436916285,136.7740474147363
2025-01-01T11:45:00,2025-01-01,2,0,11.75,0.06540312923014312,-0.9978589232386035,0.9749279121818236,-0.22252093395631434,1.0,15.104078918661802,1867,75.20304436916285,134.77404741473632
2025-01-01T12:00:00,2025-01-01,2,0,12.0,1.2246467991473532e-16,-1.0,0.9749279121818236,-0.22252093395631434,1.0,16.95760924068617,1867,64.07678349959764,132.7740474147363
2025-01-01T12:15:00,2025-01-01,2,0,12.25,-0.06540312923014287,-0.9978589232386035,0.9749279121818236,-0.22252093395631434,1.0,16.501280936650414,1867,56.20209881491295,132.65214265283151
2025-01-01T12:30:00,2025-01-01,2,0,12.5,-0.13052619222005177,-0.9914448613738104,0.9749279121818236,-0.22252093395631434,1.0,15.627858084684542,1867,61.43543214824627,137.13942123576228
2025-01-01T12:45:00,2025-01-01,2,0,12.75,-0.19509032201612794,-0.9807852804032305,0.9749279121818236,-0.22252093395631434,1.0,16.711288339145263,1867,72.57499736563759,164.5136404714122
2025-01-01T13:00:00,2025-01-01,2,0,13.0,-0.2588190451025208,-0.9659258262890683,0.9749279121818236,-0.22252093395631434,1.0,17.34601375020211,1867,74.61778549538224,165.8027709061948
2025-01-01T13:15:00,2025-01-01,2,0,13.25,-0.32143946530316153,-0.9469301294951057,0.9749279121818236,-0.22252093395631434,1.0,17.232998583475542,1867,111.40229459862348,203.797792154969
2025-01-01T13:30:00,2025-01-01,2,0,13.5,-0.38268343236508967,-0.9238795325112867,0.9749279121818236,-0.22252093395631434,1.0,18.113645566126586,1867,151.23067540821873,241.63281749943997
2025-01-01T13:45:00,2025-01-01,2,0,13.75,-0.4422886902190015,-0.8968727415326883,0.9749279121818236,-0.22252093395631434,1.0,18.03145281609138,1867,206.1398386598883,280.2106959636558
2025-01-01T14:00:00,2025-01-01,2,0,14.0,-0.4999999999999998,-0.8660254037844388,0.9749279121818236,-0.22252093395631434,1.0,18.84743426588547,1867,200.0161119518138,321.28906526563674
2025-01-01T14:15:00,2025-01-01,2,0,14.25,-0.555570233019602,-0.8314696123025455,0.9749279121818236,-0.22252093395631434,1.0,19.692571622896924,1867,239.74807654357156,380.216093504764
2025-01-01T14:30:00,2025-01-01,2,0,14.5,-0.6087614290087207,-0.7933533402912352,0.9749279121818236,-0.22252093395631434,1.0,18.8114454960763,1867,327.79455911007693,433.779547103595
2025-01-01T14:45:00,2025-01-01,2,0,14.75,-0.6593458151000688,-0.7518398074789774,0.9749279121818236,-0.22252093395631434,1.0,19.729464390852907,1867,369.96745184819986,564.8134386801919
2025-01-01T15:00:00,2025-01-01,2,0,15.0,-0.7071067811865471,-0.7071067811865479,0.9749279121818236,-0.22252093395631434,1.0,19.72201545407695,1867,496.1168410821544,664.1619328018355
2025-01-01T15:15:00,2025-01-01,2,0,15.25,-0.7518398074789773,-0.6593458151000691,0.9749279121818236,-0.22252093395631434,1.0,20.468779822116357,1867,704.515943541471,839.9454497507858
2025-01-01T15:30:00,2025-01-01,2,0,15.5,-0.7933533402912349,-0.6087614290087209,0.9749279121818236,-0.22252093395631434,1.0,20.070840436610226,1867,893.4853021139794,949.5111594377305
2025-01-01T15:45:00,2025-01-01,2,0,15.75,-0.8314696123025452,-0.5555702330196022,0.9749279121818236,-0.22252093395631434,1.0,20.822960974195166,1867,967.270455515853,1010.6510924721551
2025-01-01T16:00:00,2025-01-01,2,0,16.0,-0.8660254037844384,-0.5000000000000004,0.9749279121818236,-0.22252093395631434,1.0,21.43519668693243,1867,957.0732580267887,1026.6408429300307
2025-01-01T16:15:00,2025-01-01,2,0,16.25,-0.8968727415326883,-0.44228869021900136,0.9749279121818236,-0.22252093395631434,1.0,22.467895115079216,1867,945.2593120086261,1141.5966472335808
2025-01-01T16:30:00,2025-01-01,2,0,16.5,-0.9238795325112868,-0.3826834323650895,0.9749279121818236,-0.22252093395631434,1.0,22.983233798663015,1867,1005.2767535997672,1118.329748682856
2025-01-01T16:45:00,2025-01-01,2,0,16.75,-0.9469301294951056,-0.3214394653031618,0.9749279121818236,-0.22252093395631434,1.0,21.859615465823456,1867,1041.9752338577869,1150.669123708122
2025-01-01T17:00:00,2025-01-01,2,0,17.0,-0.9659258262890683,-0.25881904510252063,0.9749279121818236,-0.22252093395631434,1.0,22.52321458040777,1867,1093.1704396349826,1176.7969497310812
2025-01-01T17:15:00,2025-01-01,2,0,17.25,-0.9807852804032303,-0.19509032201612866,0.9749279121818236,-0.22252093395631434,1.0,23.72156345166167,1867,1103.598652665913,1208.0772517751693
2025-01-01T17:30:00,2025-01-01,2,0,17.5,-0.9914448613738104,-0.13052619222005163,0.9749279121818236,-0.22252093395631434,1.0,22.457116703547626,1867,1103.3599049402087,1220.3505740158976
2025-01-01T17:45:00,2025-01-01,2,0,17.75,-0.9978589232386035,-0.06540312923014273,0.9749279121818236,-0.22252093395631434,1.0,23.678172971628992,1867,1082.4265161985156,1224.8424070041651
2025-01-01T18:00:00,2025-01-01,2,0,18.0,-1.0,-1.8369701987210297e-16,0.9749279121818236,-0.22252093395631434,1.7,24.18426853171723,1867,1097.8242442438284,569.5000663185282
2025-01-01T18:15:00,2025-01-01,2,0,18.25,-0.9978589232386036,0.06540312923014237,0.9749279121818236,-0.22252093395631434,1.7,25.265247831245958,1867,1020.3483798545946,564.3009574315896
2025-01-01T18:30:00,2025-01-01,2,0,18.5,-0.9914448613738105,0.13052619222005124,0.9749279121818236,-0.22252093395631434,1.7,25.173762382089862,1867,1035.896408806319,588.4434768445441
2025-01-01T18:45:00,2025-01-01,2,0,18.75,-0.9807852804032304,0.19509032201612828,0.9749279121818236,-0.22252093395631434,1.7,24.792489621681952,1867,1047.7951799731204,596.1444668991753
2025-01-01T19:00:00,2025-01-01,2,0,19.0,-0.9659258262890684,0.2588190451025203,0.9749279121818236,-0.22252093395631434,1.7,24.975006886246657,1867,1004.9108679713195,589.7874349892695
2025-01-01T19:15:00,2025-01-01,2,0,19.25,-0.9469301294951057,0.3214394653031615,0.9749279121818236,-0.22252093395631434,1.7,25.231119208885374,1867,1049.7250607960013,598.5884967620589
2025-01-01T19:30:00,2025-01-01,2,0,19.5,-0.923879532511287,0.38268343236508917,0.9749279121818236,-0.22252093395631434,1.7,26.457394835341415,1867,1065.311643875468,555.9332907685082
2025-01-01T19:45:00,2025-01-01,2,0,19.75,-0.8968727415326885,0.4422886902190011,0.9749279121818236,-0.22252093395631434,1.7,25.424765811426912,1867,1085.8743632188555,545.1635347732247
2025-01-01T20:00:00,2025-01-01,2,0,20.0,-0.8660254037844386,0.5,0.9749279121818236,-0.22252093395631434,1.7,25.613346724715573,1867,1154.1780746078985,540.115352406075
2025-01-01T20:15:00,2025-01-01,2,0,20.25,-0.8314696123025456,0.5555702330196018,0.9749279121818236,-0.22252093395631434,1.7,26.09626512279054,1867,1186.5298956188074,525.9283588199511
2025-01-01T20:30:00,2025-01-01,2,0,20.5,-0.7933533402912357,0.6087614290087199,0.9749279121818236,-0.22252093395631434,1.7,25.87620690119099,1867,1216.1589514862137,539.5261740297138
2025-01-01T20:45:00,2025-01-01,2,0,20.75,-0.7518398074789773,0.6593458151000691,0.9749279121818236,-0.22252093395631434,1.7,25.868783002652187,1867,1274.079011116836,554.633669251883
2025-01-01T21:00:00,2025-01-01,2,0,21.0,-0.7071067811865477,0.7071067811865475,0.9749279121818236,-0.22252093395631434,1.7,25.331559714109368,1867,1386.1769853282597,603.4727143910479
2025-01-01T21:15:00,2025-01-01,2,0,21.25,-0.6593458151000687,0.7518398074789775,0.9749279121818236,-0.22252093395631434,1.0,25.98024065860849,1867,1375.072319604332,1332.7020453030598
2025-01-01T21:30:00,2025-01-01,2,0,21.5,-0.6087614290087209,0.7933533402912349,0.9749279121818236,-0.22252093395631434,1.0,25.682520434458212,1867,1393.143835533738,1369.0578902052846
2025-01-01T21:45:00,2025-01-01,2,0,21.75,-0.555570233019603,0.8314696123025447,0.9749279121818236,-0.22252093395631434,1.0,26.584388348133515,1867,1324.1112638990749,1393.7588997507717
2025-01-01T22:00:00,2025-01-01,2,0,22.0,-0.5000000000000004,0.8660254037844384,0.9749279121818236,-0.22252093395631434,1.0,26.187408059355107,1867,1340.8694061915653,1357.2874912673706
2025-01-01T22:15:00,2025-01-01,2,0,22.25,-0.4422886902190014,0.8968727415326883,0.9749279121818236,-0.22252093395631434,1.0,25.667094609164675,1867,1309.6442714598572,1358.286829290459
2025-01-01T22:30:00,2025-01-01,2,0,22.5,-0.38268343236508956,0.9238795325112868,0.9749279121818236,-0.22252093395631434,1.0,25.944305809028126,1867,1351.8836653145177,1367.736706349793
2025-01-01T22:45:00,2025-01-01,2,0,22.75,-0.32143946530316186,0.9469301294951056,0.9749279121818236,-0.22252093395631434,1.0,25.17731471816824,1867,1266.3076693571863,1455.254785714227
2025-01-01T23:00:00,2025-01-01,2,0,23.0,-0.2588190451025215,0.9659258262890681,0.9749279121818236,-0.22252093395631434,1.0,25.8274282377628,1867,1346.2344499613203,1527.8754129423662
2025-01-01T23:15:00,2025-01-01,2,0,23.25,-0.19509032201612872,0.9807852804032303,0.9749279121818236,-0.22252093395631434,1.0,24.985577937412295,1867,1295.1132762309583,1617.2776194525125
2025-01-01T23:30:00,2025-01-01,2,0,23.5,-0.13052619222005168,0.9914448613738104,0.9749279121818236,-0.22252093395631434,1.0,25.110149454255662,1867,1350.3076622721098,1592.8426548699672
2025-01-01T23:45:00,2025-01-01,2,0,23.75,-0.0654031292301428,0.9978589232386035,0.9749279121818236,-0.22252093395631434,1.0,23.736502897679774,1867,1389.4878033585212,1597.804490758729
2025-01-02T00:00:00,2025-01-02,3,0,0.0,0.0,1.0,0.43388373911755823,-0.900968867902419,1.0,25.309322649020896,1990,79.83913137901799,151.7645875613475
2025-01-02T00:15:00,2025-01-02,3,0,0.25,0.06540312923014306,0.9978589232386035,0.43388373911755823,-0.900968867902419,1.0,24.157971784722303,1990,173.64805463532372,256.3989958523322
2025-01-02T00:30:00,2025-01-02,3,0,0.5,0.13052619222005157,0.9914448613738104,0.43388373911755823,-0.900968867902419,1.0,23.93925985019618,1990,229.96537849711905,343.21533521416376
2025-01-02T00:45:00,2025-01-02,3,0,0.75,0.19509032201612825,0.9807852804032304,0.43388373911755823,-0.900968867902419,1.0,23.932546554313866,1990,277.9758760966165,415.4791591495347
2025-01-02T01:00:00,2025-01-02,3,0,1.0,0.25881904510252074,0.9659258262890683,0.43388373911755823,-0.900968867902419,1.0,23.131368670322516,1990,289.04578951653,380.0742950191
2025-01-02T01:15:00,2025-01-02,3,0,1.25,0.3214394653031616,0.9469301294951057,0.43388373911755823,-0.900968867902419,1.0,24.465138458141446,1990,398.36441182399716,459.6247944364265
2025-01-02T01:30:00,2025-01-02,3,0,1.5,0.3826834323650898,0.9238795325112867,0.43388373911755823,-0.900968867902419,1.0,22.36663703601652,1990,456.15857124428703,520.8852020451224
2025-01-02T01:45:00,2025-01-02,3,0,1.75,0.44228869021900125,0.8968727415326884,0.43388373911755823,-0.900968867902419,1.0,22.34354200439334,1990,547.1211395140764,626.6319870151157
2025-01-02T02:00:00,2025-01-02,3,0,2.0,0.49999999999999994,0.8660254037844387,0.43388373911755823,-0.900968867902419,1.0,22.23086442078119,1990,621.1372082254871,611.4857713567105
2025-01-02T02:15:00,2025-01-02,3,0,2.25,0.5555702330196022,0.8314696123025452,0.43388373911755823,-0.900968867902419,1.0,22.040451795562667,1990,701.8635577162823,706.0037863874991
2025-01-02T02:30:00,2025-01-02,3,0,2.5,0.6087614290087207,0.7933533402912352,0.43388373911755823,-0.900968867902419,1.0,22.126323465798947,1990,709.5651533308129,743.2048243157399
2025-01-02T02:45:00,2025-01-02,3,0,2.75,0.6593458151000688,0.7518398074789774,0.43388373911755823,-0.900968867902419,1.0,21.751168086402956,1990,677.7519624223479,753.148352543998
2025-01-02T03:00:00,2025-01-02,3,0,3.0,0.7071067811865475,0.7071067811865476,0.43388373911755823,-0.900968867902419,1.0,20.686052228711606,1990,689.5028297916936,764.8633580728897
2025-01-02T03:15:00,2025-01-02,3,0,3.25,0.7518398074789774,0.659345815100069,0.43388373911755823,-0.900968867902419,1.0,20.244901538733785,1990,577.3654833623788,679.8893568978019
2025-01-02T03:30:00,2025-01-02,3,0,3.5,0.793353340291235,0.6087614290087208,0.43388373911755823,-0.900968867902419,1.0,20.10562899827055,1990,573.5315585140262,663.7228817425224
2025-01-02T03:45:00,2025-01-02,3,0,3.75,0.8314696123025451,0.5555702330196024,0.43388373911755823,-0.900968867902419,1.0,20.190445433806048,1990,661.5783944702445,663.4160540452594
2025-01-02T04:00:00,2025-01-02,3,0,4.0,0.8660254037844386,0.5000000000000001,0.43388373911755823,-0.900968867902419,1.0,19.733343215309972,1990,673.2226531742257,624.437191731103
2025-01-02T04:15:00,2025-01-02,3,0,4.25,0.8968727415326884,0.44228869021900125,0.43388373911755823,-0.900968867902419,1.0,18.629310688235385,1990,667.6810530300775,610.5083870957219
2025-01-02T04:30:00,2025-01-02,3,0,4.5,0.9238795325112867,0.38268343236508984,0.43388373911755823,-0.900968867902419,1.0,17.336145472601547,1990,588.6142414358743,579.1354005532784
2025-01-02T04:45:00,2025-01-02,3,0,4.75,0.9469301294951056,0.3214394653031617,0.43388373911755823,-0.900968867902419,1.0,19.499867097279218,1990,562.324251710221,528.2256916262288
2025-01-02T05:00:00,2025-01-02,3,0,5.0,0.9659258262890683,0.25881904510252074,0.43388373911755823,-0.900968867902419,1.0,18.438628855188277,1990,519.8562222375625,492.304103981137
2025-01-02T05:15:00,2025-01-02,3,0,5.25,0.9807852804032304,0.1950903220161283,0.43388373911755823,-0.900968867902419,1.0,17.692334922063964,1990,461.8794428756201,467.2017126767891
2025-01-02T05:30:00,2025-01-02,3,0,5.5,0.9914448613738104,0.1305261922200517,0.43388373911755823,-0.900968867902419,1.0,17.419464400729307,1990,393.74825051725384,414.3511174386941
2025-01-02T05:45:00,2025-01-02,3,0,5.75,0.9978589232386035,0.06540312923014327,0.43388373911755823,-0.900968867902419,1.0,16.59873684466268,1990,368.52903096553894,390.9392046083443
2025-01-02T06:00:00,2025-01-02,3,0,6.0,1.0,6.123233995736766e-17,0.43388373911755823,-0.900968867902419,1.0,16.02449206543847,1990,369.9875207547353,401.54730674775107
2025-01-02T06:15:00,2025-01-02,3,0,6.25,0.9978589232386035,-0.06540312923014316,0.43388373911755823,-0.900968867902419,1.0,16.157240462038374,1990,318.522715767523,391.6358574723885
2025-01-02T06:30:00,2025-01-02,3,0,6.5,0.9914448613738104,-0.1305261922200516,0.43388373911755823,-0.900968867902419,1.0,15.974167493023657,1990,278.96500872818547,376.1594129982776
2025-01-02T06:45:00,2025-01-02,3,0,6.75,0.9807852804032304,-0.1950903220161282,0.43388373911755823,-0.900968867902419,1.0,15.503800599491758,1990,263.2151898876059,398.6038229361661
2025-01-02T07:00:00,2025-01-02,3,0,7.0,0.9659258262890683,-0.25881904510252063,0.43388373911755823,-0.900968867902419,1.2,14.797324201789122,1990,236.28417423535598,366.4012676348691
2025-01-02T07:15:00,2025-01-02,3,0,7.25,0.9469301294951057,-0.3214394653031616,0.43388373911755823,-0.900968867902419,1.2,15.298986090420891,1990,229.97718665771623,340.4338596081132
2025-01-02T07:30:00,2025-01-02,3,0,7.5,0.9238795325112868,-0.3826834323650895,0.43388373911755823,-0.900968867902419,1.2,15.670425584582734,1990,217.13486170688458,329.5413694895362
2025-01-02T07:45:00,2025-01-02,3,0,7.75,0.8968727415326884,-0.44228869021900113,0.43388373911755823,-0.900968867902419,1.2,14.889250391781239,1990,217.3687991996767,336.0229999243186
2025-01-02T08:00:00,2025-01-02,3,0,8.0,0.8660254037844388,-0.4999999999999998,0.43388373911755823,-0.900968867902419,1.2,15.085396024279662,1990,186.73960983425752,336.4052557529261
2025-01-02T08:15:00,2025-01-02,3,0,8.25,0.8314696123025451,-0.5555702330196023,0.43388373911755823,-0.900968867902419,1.2,13.740616796615404,1990,189.53629175645432,331.32896925849224
2025-01-02T08:30:00,2025-01-02,3,0,8.5,0.7933533402912352,-0.6087614290087207,0.43388373911755823,-0.900968867902419,1.2,14.794523375394819,1990,168.77431054547876,331.1365961826078
2025-01-02T08:45:00,2025-01-02,3,0,8.75,0.7518398074789774,-0.6593458151000688,0.43388373911755823,-0.900968867902419,1.2,14.807438903773441,1990,151.83004177077518,322.0929005304339
2025-01-02T09:00:00,2025-01-02,3,0,9.0,0.7071067811865476,-0.7071067811865475,0.43388373911755823,-0.900968867902419,1.2,14.132113909226744,1990,139.13829021798014,287.0146396608691
2025-01-02T09:15:00,2025-01-02,3,0,9.25,0.659345815100069,-0.7518398074789773,0.43388373911755823,-0.900968867902419,1.2,13.842893011991633,1990,130.292482764564,269.3854892360814
2025-01-02T09:30:00,2025-01-02,3,0,9.5,0.6087614290087209,-0.7933533402912349,0.43388373911755823,-0.900968867902419,1.2,15.166194596428879,1990,113.92126880209295,261.3416815944477
2025-01-02T09:45:00,2025-01-02,3,0,9.75,0.5555702330196025,-0.831469612302545,0.43388373911755823,-0.900968867902419,1.2,14.49726440225943,1990,96.8721606638544,232.70467343186235
2025-01-02T10:00:00,2025-01-02,3,0,10.0,0.49999999999999994,-0.8660254037844387,0.43388373911755823,-0.900968867902419,1.0,15.36523166500124,1990,97.86596830548812,221.30160437815388
2025-01-02T10:15:00,2025-01-02,3,0,10.25,0.4422886902190017,-0.8968727415326881,0.43388373911755823,-0.900968867902419,1.0,14.934062193827673,1990,91.18698973257362,207.7406096482461
2025-01-02T10:30:00,2025-01-02,3,0,10.5,0.38268343236508984,-0.9238795325112867,0.43388373911755823,-0.900968867902419,1.0,15.698414737745994,1990,76.05285124626123,202.18687356146657
2025-01-02T10:45:00,2025-01-02,3,0,10.75,0.32143946530316175,-0.9469301294951056,0.43388373911755823,-0.900968867902419,1.0,15.283253630995432,1990,74.05285124626123,199.89073829576608
2025-01-02T11:00:00,2025-01-02,3,0,11.0,0.258819045102521,-0.9659258262890682,0.43388373911755823,-0.900968867902419,1.0,14.767643823287777,1990,72.05285124626123,182.7044461612403
2025-01-02T11:15:00,2025-01-02,3,0,11.25,0.19509032201612816,-0.9807852804032304,0.43388373911755823,-0.900968867902419,1.0,15.827069952382015,1990,62.88755389493687,166.48222393901807
2025-01-02T11:30:00,2025-01-02,3,0,11.5,0.130526192220052,-0.9914448613738104,0.43388373911755823,-0.900968867902419,1.0,15.910688869574644,1990,60.354729766460565,159.70871223333248
2025-01-02T11:45:00,2025-01-02,3,0,11.75,0.06540312923014312,-0.9978589232386035,0.43388373911755823,-0.900968867902419,1.0,16.751151573485064,1990,61.623301195032,165.30816875507156
2025-01-02T12:00:00,2025-01-02,3,0,12.0,1.2246467991473532e-16,-1.0,0.43388373911755823,-0.900968867902419,1.0,16.354772566490134,1990,47.68553002435328,151.57438949085744
2025-01-02T12:15:00,2025-01-02,3,0,12.25,-0.06540312923014287,-0.9978589232386035,0.43388373911755823,-0.900968867902419,1.0,16.67585013419814,1990,67.10031263304893,141.5933292315133
2025-01-02T12:30:00,2025-01-02,3,0,12.5,-0.13052619222005177,-0.9914448613738104,0.43388373911755823,-0.900968867902419,1.0,17.73112594417846,1990,83.440403761727,159.05724941768423
2025-01-02T12:45:00,2025-01-02,3,0,12.75,-0.19509032201612794,-0.9807852804032305,0.43388373911755823,-0.900968867902419,1.0,18.23413255644775,1990,80.440403761727,171.94203202638008
2025-01-02T13:00:00,2025-01-02,3,0,13.0,-0.2588190451025208,-0.9659258262890683,0.43388373911755823,-0.900968867902419,1.0,18.32343389362822,1990,81.0908385443357,169.56293859437258
2025-01-02T13:15:00,2025-01-02,3,0,13.25,-0.32143946530316153,-0.9469301294951057,0.43388373911755823,-0.900968867902419,1.0,18.836709380952826,1990,140.90177497776045,227.8786109986001
2025-01-02T13:30:00,2025-01-02,3,0,13.5,-0.38268343236508967,-0.9238795325112867,0.43388373911755823,-0.900968867902419,1.0,18.844190685281568,1990,177.91436874148465,282.46687598240845
2025-01-02T13:45:00,2025-01-02,3,0,13.75,-0.4422886902190015,-0.8968727415326883,0.43388373911755823,-0.900968867902419,1.0,19.401343058430395,1990,209.2574844358589,358.2967594117098
2025-01-02T14:00:00,2025-01-02,3,0,14.0,-0.4999999999999998,-0.8660254037844388,0.43388373911755823,-0.900968867902419,1.0,19.84180614475511,1990,219.05894063731512,347.6242956435936
2025-01-02T14:15:00,2025-01-02,3,0,14.25,-0.555570233019602,-0.8314696123025455,0.43388373911755823,-0.900968867902419,1.0,19.93948148090551,1990,330.90380871609614,375.91259194873794
2025-01-02T14:30:00,2025-01-02,3,0,14.5,-0.6087614290087207,-0.7933533402912352,0.43388373911755823,-0.900968867902419,1.0,20.122370026649133,1990,397.9125649281018,401.03315265863057
2025-01-02T14:45:00,2025-01-02,3,0,14.75,-0.6593458151000688,-0.7518398074789774,0.43388373911755823,-0.900968867902419,1.0,20.56064198874754,1990,462.4800286201363,479.75807484491133
2025-01-02T15:00:00,2025-01-02,3,0,15.0,-0.7071067811865471,-0.7071067811865479,0.43388373911755823,-0.900968867902419,1.0,22.31067904868421,1990,600.9777337772981,629.2044067979839
2025-01-02T15:15:00,2025-01-02,3,0,15.25,-0.7518398074789773,-0.6593458151000691,0.43388373911755823,-0.900968867902419,1.0,21.26839307163161,1990,778.3935363043752,828.0232066188532
2025-01-02T15:30:00,2025-01-02,3,0,15.5,-0.7933533402912349,-0.6087614290087209,0.43388373911755823,-0.900968867902419,1.0,21.508839733486553,1990,905.0203750471188,1052.9521023790398
2025-01-02T15:45:00,2025-01-02,3,0,15.75,-0.8314696123025452,-0.5555702330196022,0.43388373911755823,-0.900968867902419,1.0,21.819753602151515,1990,1042.1619057603518,1234.172805432537
2025-01-02T16:00:00,2025-01-02,3,0,16.0,-0.8660254037844384,-0.5000000000000004,0.43388373911755823,-0.900968867902419,1.0,22.400674966787847,1990,1025.6037471095397,1230.9692321696698
2025-01-02T16:15:00,2025-01-02,3,0,16.25,-0.8968727415326883,-0.44228869021900136,0.43388373911755823,-0.900968867902419,1.0,22.94292948124726,1990,1057.4181572864825,1316.8127957850181
2025-01-02T16:30:00,2025-01-02,3,0,16.5,-0.9238795325112868,-0.3826834323650895,0.43388373911755823,-0.900968867902419,1.0,22.485189606968504,1990,1049.3880314944004,1373.2657409502817
2025-01-02T16:45:00,2025-01-02,3,0,16.75,-0.9469301294951056,-0.3214394653031618,0.43388373911755823,-0.900968867902419,1.0,22.33315869150557,1990,1139.2412938608247,1383.3050249300868
2025-01-02T17:00:00,2025-01-02,3,0,17.0,-0.9659258262890683,-0.25881904510252063,0.43388373911755823,-0.900968867902419,1.0,24.04491761762298,1990,1099.2047880912958,1348.8588297041706
2025-01-02T17:15:00,2025-01-02,3,0,17.25,-0.9807852804032303,-0.19509032201612866,0.43388373911755823,-0.900968867902419,1.0,23.23755698602633,1990,1135.2011225610968,1437.1076332677574
2025-01-02T17:30:00,2025-01-02,3,0,17.5,-0.9914448613738104,-0.13052619222005163,0.43388373911755823,-0.900968867902419,1.0,24.675567271950925,1990,1237.9252034922429,1421.1413854888249
2025-01-02T17:45:00,2025-01-02,3,0,17.75,-0.9978589232386035,-0.06540312923014273,0.43388373911755823,-0.900968867902419,1.0,24.908214445207356,1990,1239.0444771407908,1375.2964220319916
2025-01-02T18:00:00,2025-01-02,3,0,18.0,-1.0,-1.8369701987210297e-16,0.43388373911755823,-0.900968867902419,1.7,25.80215218507849,1990,1233.2846433634572,655.1168298276855
2025-01-02T18:15:00,2025-01-02,3,0,18.25,-0.9978589232386036,0.06540312923014237,0.43388373911755823,-0.900968867902419,1.7,26.38092436138748,1990,1204.089153806805,615.2269911049189
2025-01-02T18:30:00,2025-01-02,3,0,18.5,-0.9914448613738105,0.13052619222005124,0.43388373911755823,-0.900968867902419,1.7,25.84849075670601,1990,1203.9041414278795,603.1228345941593
2025-01-02T18:45:00,2025-01-02,3,0,18.75,-0.9807852804032304,0.19509032201612828,0.43388373911755823,-0.900968867902419,1.7,25.52421846706677,1990,1191.8139320784055,584.273429841303
2025-01-02T19:00:00,2025-01-02,3,0,19.0,-0.9659258262890684,0.2588190451025203,0.43388373911755823,-0.900968867902419,1.7,25.3590463917266,1990,1244.2775032187228,586.2611877791466
2025-01-02T19:15:00,2025-01-02,3,0,19.25,-0.9469301294951057,0.3214394653031615,0.43388373911755823,-0.900968867902419,1.7,25.77394390202975,1990,1239.8013820761066,618.6659496771101
2025-01-02T19:30:00,2025-01-02,3,0,19.5,-0.923879532511287,0.38268343236508917,0.43388373911755823,-0.900968867902419,1.7,26.43503112396129,1990,1196.9566004582725,607.3705052393013
2025-01-02T19:45:00,2025-01-02,3,0,19.75,-0.8968727415326885,0.4422886902190011,0.43388373911755823,-0.900968867902419,1.7,25.307734339091645,1990,1190.9650287805896,601.621742672123
2025-01-02T20:00:00,2025-01-02,3,0,20.0,-0.8660254037844386,0.5,0.43388373911755823,-0.900968867902419,1.7,26.708469579558344,1990,1145.6261108789515,586.2231030277499
2025-01-02T20:15:00,2025-01-02,3,0,20.25,-0.8314696123025456,0.5555702330196018,0.43388373911755823,-0.900968867902419,1.7,26.74524509610909,1990,1141.184689411814,599.0050474267908
2025-01-02T20:30:00,2025-01-02,3,0,20.5,-0.7933533402912357,0.6087614290087199,0.43388373911755823,-0.900968867902419,1.7,27.20310276894465,1990,1168.3207924818043,619.0576839985299
2025-01-02T20:45:00,2025-01-02,3,0,20.75,-0.7518398074789773,0.6593458151000691,0.43388373911755823,-0.900968867902419,1.7,26.654150774744117,1990,1250.451142602698,640.7449983546544
2025-01-02T21:00:00,2025-01-02,3,0,21.0,-0.7071067811865477,0.7071067811865475,0.43388373911755823,-0.900968867902419,1.7,26.92899621724142,1990,1365.5609219712444,693.3381165408163
2025-01-02T21:15:00,2025-01-02,3,0,21.25,-0.6593458151000687,0.7518398074789775,0.43388373911755823,-0.900968867902419,1.0,26.41324199216836,1990,1397.0772284727143,1563.4533823985073
2025-01-02T21:30:00,2025-01-02,3,0,21.5,-0.6087614290087209,0.7933533402912349,0.43388373911755823,-0.900968867902419,1.0,26.538018685960022,1990,1395.585337319328,1595.8192874454662
2025-01-02T21:45:00,2025-01-02,3,0,21.75,-0.555570233019603,0.8314696123025447,0.43388373911755823,-0.900968867902419,1.0,25.68853855294198,1990,1397.5346381259453,1543.2302307292357
2025-01-02T22:00:00,2025-01-02,3,0,22.0,-0.5000000000000004,0.8660254037844384,0.43388373911755823,-0.900968867902419,1.0,26.737506335506716,1990,1299.9231523854382,1467.9188648608044
2025-01-02T22:15:00,2025-01-02,3,0,22.25,-0.4422886902190014,0.8968727415326883,0.43388373911755823,-0.900968867902419,1.0,27.478592855700757,1990,1269.422381960211,1451.9808286139178
2025-01-02T22:30:00,2025-01-02,3,0,22.5,-0.38268343236508956,0.9238795325112868,0.43388373911755823,-0.900968867902419,1.0,26.50862590871693,1990,1234.7874568954462,1487.388572741854
2025-01-02T22:45:00,2025-01-02,3,0,22.75,-0.32143946530316186,0.9469301294951056,0.43388373911755823,-0.900968867902419,1.0,26.46850532528591,1990,1262.1584186294913,1473.2585004319335
2025-01-02T23:00:00,2025-01-02,3,0,23.0,-0.2588190451025215,0.9659258262890681,0.43388373911755823,-0.900968867902419,1.0,25.474941647453296,1990,1374.6460522612049,1485.4237391686397
2025-01-02T23:15:00,2025-01-02,3,0,23.25,-0.19509032201612872,0.9807852804032303,0.43388373911755823,-0.900968867902419,1.0,26.715361771437745,1990,1433.9712481767183,1501.5832341871242
2025-01-02T23:30:00,2025-01-02,3,0,23.5,-0.13052619222005168,0.9914448613738104,0.43388373911755823,-0.900968867902419,1.0,25.167679927533047,1990,1513.7429102958056,1494.7866928496805
2025-01-02T23:45:00,2025-01-02,3,0,23.75,-0.0654031292301428,0.9978589232386035,0.43388373911755823,-0.900968867902419,1.0,25.85987071348797,1990,1553.2779612902073,1631.1213879206916
2025-01-03T00:00:00,2025-01-03,4,0,0.0,0.0,1.0,-0.433883739117558,-0.9009688679024191,1.0,25.873699366728196,1934,91.62167542602326,170.2170600381074
2025-01-03T00:15:00,2025-01-03,4,0,0.25,0.06540312923014306,0.9978589232386035,-0.433883739117558,-0.9009688679024191,1.0,24.80601184061766,1934,184.71503276909084,243.4493064149191
2025-01-03T00:30:00,2025-01-03,4,0,0.5,0.13052619222005157,0.9914448613738104,-0.433883739117558,-0.9009688679024191,1.0,24.452111916197023,1934,255.71881369951305,288.3242158352086
2025-01-03T00:45:00,2025-01-03,4,0,0.75,0.19509032201612825,0.9807852804032304,-0.433883739117558,-0.9009688679024191,1.0,24.256124664903922,1934,252.4459565566559,337.9838575421328
2025-01-03T01:00:00,2025-01-03,4,0,1.0,0.25881904510252074,0.9659258262890683,-0.433883739117558,-0.9009688679024191,1.0,25.091287619191363,1934,263.4492503642975,383.05159518066716
2025-01-03T01:15:00,2025-01-03,4,0,1.25,0.3214394653031616,0.9469301294951057,-0.433883739117558,-0.9009688679024191,1.0,24.035412423572364,1934,302.1557713726038,418.5017552631097
2025-01-03T01:30:00,2025-01-03,4,0,1.5,0.3826834323650898,0.9238795325112867,-0.433883739117558,-0.9009688679024191,1.0,24.462789481196246,1934,349.0893080086021,543.4102345696327
2025-01-03T01:45:00,2025-01-03,4,0,1.75,0.44228869021900125,0.8968727415326884,-0.433883739117558,-0.9009688679024191,1.0,23.44259328765946,1934,431.1963562121148,683.9680607433019
2025-01-03T02:00:00,2025-01-03,4,0,2.0,0.49999999999999994,0.8660254037844387,-0.433883739117558,-0.9009688679024191,1.0,22.859389723453802,1934,460.73515933404997,680.3583131977197
2025-01-03T02:15:00,2025-01-03,4,0,2.25,0.5555702330196022,0.8314696123025452,-0.433883739117558,-0.9009688679024191,1.0,23.076874533475408,1934,532.6189723090545,735.7365684127992
2025-01-03T02:30:00,2025-01-03,4,0,2.5,0.6087614290087207,0.7933533402912352,-0.433883739117558,-0.9009688679024191,1.0,22.708282260787986,1934,564.9813920211253,715.7670487440624
2025-01-03T02:45:00,2025-01-03,4,0,2.75,0.6593458151000688,0.7518398074789774,-0.433883739117558,-0.9009688679024191,1.0,22.028828939037364,1934,553.2972326008354,802.5506543477699
2025-01-03T03:00:00,2025-01-03,4,0,3.0,0.7071067811865475,0.7071067811865476,-0.433883739117558,-0.9009688679024191,1.0,20.946022766290916,1934,578.0945319553597,782.622471117956
2025-01-03T03:15:00,2025-01-03,4,0,3.25,0.7518398074789774,0.659345815100069,-0.433883739117558,-0.9009688679024191,1.0,20.9009697171757,1934,530.5296220102324,756.5696758086217
2025-01-03T03:30:00,2025-01-03,4,0,3.5,0.793353340291235,0.6087614290087208,-0.433883739117558,-0.9009688679024191,1.0,20.075898113317354,1934,561.4413802881824,686.3624230010431
2025-01-03T03:45:00,2025-01-03,4,0,3.75,0.8314696123025451,0.5555702330196024,-0.433883739117558,-0.9009688679024191,1.0,20.24187292244614,1934,616.3318421224141,665.9047472667177
2025-01-03T04:00:00,2025-01-03,4,0,4.0,0.8660254037844386,0.5000000000000001,-0.433883739117558,-0.9009688679024191,1.0,20.070049470999887,1934,557.6152987382619,664.8760668700739
2025-01-03T04:15:00,2025-01-03,4,0,4.25,0.8968727415326884,0.44228869021900125,-0.433883739117558,-0.9009688679024191,1.0,20.527062135563536,1934,559.4301175636629,602.1944532985176
2025-01-03T04:30:00,2025-01-03,4,0,4.5,0.9238795325112867,0.38268343236508984,-0.433883739117558,-0.9009688679024191,1.0,20.11744976650061,1934,538.9877426466211,598.7068627188075
2025-01-03T04:45:00,2025-01-03,4,0,4.75,0.9469301294951056,0.3214394653031617,-0.433883739117558,-0.9009688679024191,1.0,19.31875007207373,1934,472.4381290462402,541.8956897741731
2025-01-03T05:00:00,2025-01-03,4,0,5.0,0.9659258262890683,0.25881904510252074,-0.433883739117558,-0.9009688679024191,1.0,19.138604687314935,1934,429.860786051071,489.7631103427348
2025-01-03T05:15:00,2025-01-03,4,0,5.25,0.9807852804032304,0.1950903220161283,-0.433883739117558,-0.9009688679024191,1.0,18.37104205324683,1934,408.6126394512939,431.0994457464615
2025-01-03T05:30:00,2025-01-03,4,0,5.5,0.9914448613738104,0.1305261922200517,-0.433883739117558,-0.9009688679024191,1.0,19.575246700344678,1934,384.05028344980747,393.746472536097
2025-01-03T05:45:00,2025-01-03,4,0,5.75,0.9978589232386035,0.06540312923014327,-0.433883739117558,-0.9009688679024191,1.0,18.52584597468124,1934,352.4586348171102,375.0433331633924
2025-01-03T06:00:00,2025-01-03,4,0,6.0,1.0,6.123233995736766e-17,-0.433883739117558,-0.9009688679024191,1.0,18.909681131757164,1934,327.63355738482807,389.6044925836822
2025-01-03T06:15:00,2025-01-03,4,0,6.25,0.9978589232386035,-0.06540312923014316,-0.433883739117558,-0.9009688679024191,1.0,17.283665012802963,1934,312.45247042830636,390.6853901462645
2025-01-03T06:30:00,2025-01-03,4,0,6.5,0.9914448613738104,-0.1305261922200516,-0.433883739117558,-0.9009688679024191,1.0,17.053343896466377,1934,310.8438485544604,339.64371259511745
2025-01-03T06:45:00,2025-01-03,4,0,6.75,0.9807852804032304,-0.1950903220161282,-0.433883739117558,-0.9009688679024191,1.0,17.208005935701404,1934,326.99423985880816,328.46759486247765
2025-01-03T07:00:00,2025-01-03,4,0,7.0,0.9659258262890683,-0.25881904510252063,-0.433883739117558,-0.9009688679024191,1.2,16.48272021145998,1934,306.6258950838273,314.615420949434
2025-01-03T07:15:00,2025-01-03,4,0,7.25,0.9469301294951057,-0.3214394653031616,-0.433883739117558,-0.9009688679024191,1.2,16.370771737435483,1934,276.0141594409536,288.97472046634215
2025-01-03T07:30:00,2025-01-03,4,0,7.5,0.9238795325112868,-0.3826834323650895,-0.433883739117558,-0.9009688679024191,1.2,15.430338046789407,1934,255.8778303832603,273.14121229979077
2025-01-03T07:45:00,2025-01-03,4,0,7.75,0.8968727415326884,-0.44228869021900113,-0.433883739117558,-0.9009688679024191,1.2,16.447491810724806,1934,255.42888613555004,287.6028760386282
2025-01-03T08:00:00,2025-01-03,4,0,8.0,0.8660254037844388,-0.4999999999999998,-0.433883739117558,-0.9009688679024191,1.2,15.851008373196528,1934,238.75881311579394,277.0509784722085
2025-01-03T08:15:00,2025-01-03,4,0,8.25,0.8314696123025451,-0.5555702330196023,-0.433883739117558,-0.9009688679024191,1.2,16.165818615080024,1934,230.43965355681746,255.6024478763954
2025-01-03T08:30:00,2025-01-03,4,0,8.5,0.7933533402912352,-0.6087614290087207,-0.433883739117558,-0.9009688679024191,1.2,15.484220443556763,1934,227.41166442638269,231.00553150773985
2025-01-03T08:45:00,2025-01-03,4,0,8.75,0.7518398074789774,-0.6593458151000688,-0.433883739117558,-0.9009688679024191,1.2,14.512884005240865,1934,205.5172544884945,212.53470465800683
2025-01-03T09:00:00,2025-01-03,4,0,9.0,0.7071067811865476,-0.7071067811865475,-0.433883739117558,-0.9009688679024191,1.2,15.86558907193674,1934,187.78031416453882,204.3540200003357
2025-01-03T09:15:00,2025-01-03,4,0,9.25,0.659345815100069,-0.7518398074789773,-0.433883739117558,-0.9009688679024191,1.2,16.276399921425877,1934,177.0784696322595,199.49033022360237
2025-01-03T09:30:00,2025-01-03,4,0,9.5,0.6087614290087209,-0.7933533402912349,-0.433883739117558,-0.9009688679024191,1.2,14.848609825850879,1934,171.56615079167983,196.85746577347453
2025-01-03T09:45:00,2025-01-03,4,0,9.75,0.5555702330196025,-0.831469612302545,-0.433883739117558,-0.9009688679024191,1.2,15.097887304529403,1934,124.92127981653385,187.0853292610854
2025-01-03T10:00:00,2025-01-03,4,0,10.0,0.49999999999999994,-0.8660254037844387,-0.433883739117558,-0.9009688679024191,1.0,15.588510807380127,1934,115.56679751636742,186.78285280346174
2025-01-03T10:15:00,2025-01-03,4,0,10.25,0.4422886902190017,-0.8968727415326881,-0.433883739117558,-0.9009688679024191,1.0,15.734764753896332,1934,112.56679751636742,174.56870425273704
2025-01-03T10:30:00,2025-01-03,4,0,10.5,0.38268343236508984,-0.9238795325112867,-0.433883739117558,-0.9009688679024191,1.0,15.00156763515349,1934,96.3873508760512,162.80427523874283
2025-01-03T10:45:00,2025-01-03,4,0,10.75,0.32143946530316175,-0.9469301294951056,-0.433883739117558,-0.9009688679024191,1.0,17.236387706198315,1934,86.81990207502048,157.46707717110993
2025-01-03T11:00:00,2025-01-03,4,0,11.0,0.258819045102521,-0.9659258262890682,-0.433883739117558,-0.9009688679024191,1.0,16.974495908295303,1934,79.26248078566516,149.22415992005804
2025-01-03T11:15:00,2025-01-03,4,0,11.25,0.19509032201612816,-0.9807852804032304,-0.433883739117558,-0.9009688679024191,1.0,16.205824467823383,1934,73.4453379285223,138.94585520686834
2025-01-03T11:30:00,2025-01-03,4,0,11.5,0.130526192220052,-0.9914448613738104,-0.433883739117558,-0.9009688679024191,1.0,15.717310452700922,1934,67.16012080564371,136.4493222233601
2025-01-03T11:45:00,2025-01-03,4,0,11.75,0.06540312923014312,-0.9978589232386035,-0.433883739117558,-0.9009688679024191,1.0,17.270497384254288,1934,60.854245666290296,136.4493222233601
2025-01-03T12:00:00,2025-01-03,4,0,12.0,1.2246467991473532e-16,-1.0,-0.433883739117558,-0.9009688679024191,1.0,18.511491624804663,1934,56.517359270778385,132.60254812006417
2025-01-03T12:15:00,2025-01-03,4,0,12.25,-0.06540312923014287,-0.9978589232386035,-0.433883739117558,-0.9009688679024191,1.0,18.104803041419594,1934,42.59049421281935,131.39664749894612
2025-01-03T12:30:00,2025-01-03,4,0,12.5,-0.13052619222005177,-0.9914448613738104,-0.433883739117558,-0.9009688679024191,1.0,18.603922932811624,1934,63.76937938561756,147.13058508232294
2025-01-03T12:45:00,2025-01-03,4,0,12.75,-0.19509032201612794,-0.9807852804032305,-0.433883739117558,-0.9009688679024191,1.0,17.66577916109796,1934,84.3630339097069,155.93435319826492
2025-01-03T13:00:00,2025-01-03,4,0,13.0,-0.2588190451025208,-0.9659258262890683,-0.433883739117558,-0.9009688679024191,1.0,18.703387958969465,1934,94.74399410892795,168.54184381268402
2025-01-03T13:15:00,2025-01-03,4,0,13.25,-0.32143946530316153,-0.9469301294951057,-0.433883739117558,-0.9009688679024191,1.0,18.01030415381867,1934,131.54740945551825,216.5748601170319
2025-01-03T13:30:00,2025-01-03,4,0,13.5,-0.38268343236508967,-0.9238795325112867,-0.433883739117558,-0.9009688679024191,1.0,20.454753392172865,1934,234.51694177741624,263.49431455474723
2025-01-03T13:45:00,2025-01-03,4,0,13.75,-0.4422886902190015,-0.8968727415326883,-0.433883739117558,-0.9009688679024191,1.0,19.976825808628504,1934,293.46657219694964,303.5018523319324
2025-01-03T14:00:00,2025-01-03,4,0,14.0,-0.4999999999999998,-0.8660254037844388,-0.433883739117558,-0.9009688679024191,1.0,18.74775393062494,1934,245.83602095471355,329.3325045058455
2025-01-03T14:15:00,2025-01-03,4,0,14.25,-0.555570233019602,-0.8314696123025455,-0.433883739117558,-0.9009688679024191,1.0,19.284531780889377,1934,259.97630610889286,363.60600844365274
2025-01-03T14:30:00,2025-01-03,4,0,14.5,-0.6087614290087207,-0.7933533402912352,-0.433883739117558,-0.9009688679024191,1.0,21.068218158359898,1934,305.41658674130395,403.87538868498973
2025-01-03T14:45:00,2025-01-03,4,0,14.75,-0.6593458151000688,-0.7518398074789774,-0.433883739117558,-0.9009688679024191,1.0,21.253817705270983,1934,451.6470056641685,471.52363010953565
2025-01-03T15:00:00,2025-01-03,4,0,15.0,-0.7071067811865471,-0.7071067811865479,-0.433883739117558,-0.9009688679024191,1.0,21.37708383745524,1934,556.1423783195254,606.2392204044364
2025-01-03T15:15:00,2025-01-03,4,0,15.25,-0.7518398074789773,-0.6593458151000691,-0.433883739117558,-0.9009688679024191,1.0,22.325340356318613,1934,731.5852649562132,895.0263479437195
2025-01-03T15:30:00,2025-01-03,4,0,15.5,-0.7933533402912349,-0.6087614290087209,-0.433883739117558,-0.9009688679024191,1.0,23.551091124440138,1934,881.8079487919701,1039.5762844329058
2025-01-03T15:45:00,2025-01-03,4,0,15.75,-0.8314696123025452,-0.5555702330196022,-0.433883739117558,-0.9009688679024191,1.0,22.95359226224898,1934,1025.1526910910607,1128.8969071357237
2025-01-03T16:00:00,2025-01-03,4,0,16.0,-0.8660254037844384,-0.5000000000000004,-0.433883739117558,-0.9009688679024191,1.0,22.03404665784998,1934,1015.4355186458324,1145.0741753736377
2025-01-03T16:15:00,2025-01-03,4,0,16.25,-0.8968727415326883,-0.44228869021900136,-0.433883739117558,-0.9009688679024191,1.0,23.39655145193358,1934,1008.3711821675167,1190.4392742653688
2025-01-03T16:30:00,2025-01-03,4,0,16.5,-0.9238795325112868,-0.3826834323650895,-0.433883739117558,-0.9009688679024191,1.0,23.07268672826439,1934,957.4137142725399,1130.6535172708707
2025-01-03T16:45:00,2025-01-03,4,0,16.75,-0.9469301294951056,-0.3214394653031618,-0.433883739117558,-0.9009688679024191,1.0,23.734344593494196,1934,931.6847058905894,1093.1834350018137
2025-01-03T17:00:00,2025-01-03,4,0,17.0,-0.9659258262890683,-0.25881904510252063,-0.433883739117558,-0.9009688679024191,1.0,24.75814555702985,1934,998.8875384551549,1177.8339894372918
2025-01-03T17:15:00,2025-01-03,4,0,17.25,-0.9807852804032303,-0.19509032201612866,-0.433883739117558,-0.9009688679024191,1.0,24.793738286462723,1934,1083.8015172771002,1191.2818154384033
2025-01-03T17:30:00,2025-01-03,4,0,17.5,-0.9914448613738104,-0.13052619222005163,-0.433883739117558,-0.9009688679024191,1.0,24.575992635499016,1934,1084.9333802395588,1131.1681974621754
2025-01-03T17:45:00,2025-01-03,4,0,17.75,-0.9978589232386035,-0.06540312923014273,-0.433883739117558,-0.9009688679024191,1.0,25.501717308143764,1934,1111.6012210831432,1182.6538820819048
2025-01-03T18:00:00,2025-01-03,4,0,18.0,-1.0,-1.8369701987210297e-16,-0.433883739117558,-0.9009688679024191,1.7,25.31435043878078,1934,1044.9968228672874,554.805996477877
2025-01-03T18:15:00,2025-01-03,4,0,18.25,-0.9978589232386036,0.06540312923014237,-0.433883739117558,-0.9009688679024191,1.7,26.389741772666593,1934,987.9722410581071,521.5950615002309
2025-01-03T18:30:00,2025-01-03,4,0,18.5,-0.9914448613738105,0.13052619222005124,-0.433883739117558,-0.9009688679024191,1.7,26.17525237135254,1934,975.603472205028,537.8032852963627
2025-01-03T18:45:00,2025-01-03,4,0,18.75,-0.9807852804032304,0.19509032201612828,-0.433883739117558,-0.9009688679024191,1.7,26.783601500868627,1934,1025.4100660730423,547.1860564066723
2025-01-03T19:00:00,2025-01-03,4,0,19.0,-0.9659258262890684,0.2588190451025203,-0.433883739117558,-0.9009688679024191,1.7,26.595702899835672,1934,1083.9095254482086,541.9019984356578
2025-01-03T19:15:00,2025-01-03,4,0,19.25,-0.9469301294951057,0.3214394653031615,-0.433883739117558,-0.9009688679024191,1.7,27.389957821537514,1934,1127.0049725407694,537.2926112929289
2025-01-03T19:30:00,2025-01-03,4,0,19.5,-0.923879532511287,0.38268343236508917,-0.433883739117558,-0.9009688679024191,1.7,27.021226237738315,1934,1115.7761332960415,532.4347275643386
2025-01-03T19:45:00,2025-01-03,4,0,19.75,-0.8968727415326885,0.4422886902190011,-0.433883739117558,-0.9009688679024191,1.7,27.233305832653798,1934,1104.4834602742637,557.3451312218488
2025-01-03T20:00:00,2025-01-03,4,0,20.0,-0.8660254037844386,0.5,-0.433883739117558,-0.9009688679024191,1.7,27.01560447557088,1934,1145.0455890748897,572.4434185437291
2025-01-03T20:15:00,2025-01-03,4,0,20.25,-0.8314696123025456,0.5555702330196018,-0.433883739117558,-0.9009688679024191,1.7,27.528836063215373,1934,1159.3903336170765,575.9814377652197
2025-01-03T20:30:00,2025-01-03,4,0,20.5,-0.7933533402912357,0.6087614290087199,-0.433883739117558,-0.9009688679024191,1.7,26.443364173058242,1934,1133.2484915943649,607.2589542896158
2025-01-03T20:45:00,2025-01-03,4,0,20.75,-0.7518398074789773,0.6593458151000691,-0.433883739117558,-0.9009688679024191,1.7,29.145551427024028,1934,1274.771815226834,642.5180712036604
2025-01-03T21:00:00,2025-01-03,4,0,21.0,-0.7071067811865477,0.7071067811865475,-0.433883739117558,-0.9009688679024191,1.7,27.14987801965702,1934,1427.3961728977342,703.7205913156108
2025-01-03T21:15:00,2025-01-03,4,0,21.25,-0.6593458151000687,0.7518398074789775,-0.433883739117558,-0.9009688679024191,1.0,27.604541238196756,1934,1497.1106218531368,1572.2292217514153
2025-01-03T21:30:00,2025-01-03,4,0,21.5,-0.6087614290087209,0.7933533402912349,-0.433883739117558,-0.9009688679024191,1.0,27.22204361450491,1934,1526.3968691437142,1543.7998336557087
2025-01-03T21:45:00,2025-01-03,4,0,21.75,-0.555570233019603,0.8314696123025447,-0.433883739117558,-0.9009688679024191,1.0,27.149640719497285,1934,1557.4926082774757,1469.0420558779308
2025-01-03T22:00:00,2025-01-03,4,0,22.0,-0.5000000000000004,0.8660254037844384,-0.433883739117558,-0.9009688679024191,1.0,27.594372321199845,1934,1469.898099596903,1475.2460439997126
2025-01-03T22:15:00,2025-01-03,4,0,22.25,-0.4422886902190014,0.8968727415326883,-0.433883739117558,-0.9009688679024191,1.0,26.932410051012585,1934,1423.6102561932958,1446.4839145340281
2025-01-03T22:30:00,2025-01-03,4,0,22.5,-0.38268343236508956,0.9238795325112868,-0.433883739117558,-0.9009688679024191,1.0,26.843524556312087,1934,1411.094150791451,1430.314515638237
2025-01-03T22:45:00,2025-01-03,4,0,22.75,-0.32143946530316186,0.9469301294951056,-0.433883739117558,-0.9009688679024191,1.0,26.11133685229102,1934,1420.5947644262965,1430.3410991346277
2025-01-03T23:00:00,2025-01-03,4,0,23.0,-0.2588190451025215,0.9659258262890681,-0.433883739117558,-0.9009688679024191,1.0,26.198710193408406,1934,1526.3250707090876,1452.0686205836441
2025-01-03T23:15:00,2025-01-03,4,0,23.25,-0.19509032201612872,0.9807852804032303,-0.433883739117558,-0.9009688679024191,1.0,25.843904049750304,1934,1561.333658267703,1506.5891382241746
2025-01-03T23:30:00,2025-01-03,4,0,23.5,-0.13052619222005168,0.9914448613738104,-0.433883739117558,-0.9009688679024191,1.0,27.39749767229072,1934,1663.3093829721843,1452.852313578251
2025-01-03T23:45:00,2025-01-03,4,0,23.75,-0.0654031292301428,0.9978589232386035,-0.433883739117558,-0.9009688679024191,1.0,25.26687662744262,1934,1649.831674521215,1597.2593128724359
2025-01-04T00:00:00,2025-01-04,5,1,0.0,0.0,1.0,-0.9749279121818235,-0.2225209339563146,1.0,25.282780523758387,1655,67.80644362883493,145.810502531657
2025-01-04T00:15:00,2025-01-04,5,1,0.25,0.06540312923014306,0.9978589232386035,-0.9749279121818235,-0.2225209339563146,1.0,25.294354350430073,1655,173.71035667231322,243.45611907091507
2025-01-04T00:30:00,2025-01-04,5,1,0.5,0.13052619222005157,0.9914448613738104,-0.9749279121818235,-0.2225209339563146,1.0,25.231429425431372,1655,208.87579835623313,308.0112432945171
2025-01-04T00:45:00,2025-01-04,5,1,0.75,0.19509032201612825,0.9807852804032304,-0.9749279121818235,-0.2225209339563146,1.0,24.328709071706015,1655,262.9543880529814,400.3282483198031
2025-01-04T01:00:00,2025-01-04,5,1,1.0,0.25881904510252074,0.9659258262890683,-0.9749279121818235,-0.2225209339563146,1.0,24.763154553089407,1655,268.7818283769371,393.07871598703906
2025-01-04T01:15:00,2025-01-04,5,1,1.25,0.3214394653031616,0.9469301294951057,-0.9749279121818235,-0.2225209339563146,1.0,24.43046102782432,1655,360.9951537168126,480.10349185352646
2025-01-04T01:30:00,2025-01-04,5,1,1.5,0.3826834323650898,0.9238795325112867,-0.9749279121818235,-0.2225209339563146,1.0,24.114653224776326,1655,411.115793623199,521.4740545133731
2025-01-04T01:45:00,2025-01-04,5,1,1.75,0.44228869021900125,0.8968727415326884,-0.9749279121818235,-0.2225209339563146,1.0,24.090572188698378,1655,442.58474289856133,530.815866314095
2025-01-04T02:00:00,2025-01-04,5,1,2.0,0.49999999999999994,0.8660254037844387,-0.9749279121818235,-0.2225209339563146,1.0,24.017150438308313,1655,430.5272234562593,566.8811324205376
2025-01-04T02:15:00,2025-01-04,5,1,2.25,0.5555702330196022,0.8314696123025452,-0.9749279121818235,-0.2225209339563146,1.0,23.55417705680991,1655,465.868066063723,561.3723177207444
2025-01-04T02:30:00,2025-01-04,5,1,2.5,0.6087614290087207,0.7933533402912352,-0.9749279121818235,-0.2225209339563146,1.0,22.86951289214743,1655,487.5863445925258,539.2276394258073
2025-01-04T02:45:00,2025-01-04,5,1,2.75,0.6593458151000688,0.7518398074789774,-0.9749279121818235,-0.2225209339563146,1.0,22.65663330065514,1655,489.84975444218213,600.880914998167
2025-01-04T03:00:00,2025-01-04,5,1,3.0,0.7071067811865475,0.7071067811865476,-0.9749279121818235,-0.2225209339563146,1.0,21.474061611378414,1655,494.501314605378,613.7786931342818
2025-01-04T03:15:00,2025-01-04,5,1,3.25,0.7518398074789774,0.659345815100069,-0.9749279121818235,-0.2225209339563146,1.0,20.998098452040434,1655,429.16972040247936,535.2286331218298
2025-01-04T03:30:00,2025-01-04,5,1,3.5,0.793353340291235,0.6087614290087208,-0.9749279121818235,-0.2225209339563146,1.0,21.512731700711754,1655,442.8533202560217,538.4584591112678
2025-01-04T03:45:00,2025-01-04,5,1,3.75,0.8314696123025451,0.5555702330196024,-0.9749279121818235,-0.2225209339563146,1.0,21.078770632829784,1655,454.15177686805185,567.1815416818251
2025-01-04T04:00:00,2025-01-04,5,1,4.0,0.8660254037844386,0.5000000000000001,-0.9749279121818235,-0.2225209339563146,1.0,21.62567837217089,1655,423.48591796849723,580.5599645994877
2025-01-04T04:15:00,2025-01-04,5,1,4.25,0.8968727415326884,0.44228869021900125,-0.9749279121818235,-0.2225209339563146,1.0,19.870164344347113,1655,430.79670588195665,564.2483506337431
2025-01-04T04:30:00,2025-01-04,5,1,4.5,0.9238795325112867,0.38268343236508984,-0.9749279121818235,-0.2225209339563146,1.0,19.068123450654177,1655,419.88471219931085,520.4333195778416
2025-01-04T04:45:00,2025-01-04,5,1,4.75,0.9469301294951056,0.3214394653031617,-0.9749279121818235,-0.2225209339563146,1.0,19.43986325336751,1655,393.5964215768898,510.75039226471404
2025-01-04T05:00:00,2025-01-04,5,1,5.0,0.9659258262890683,0.25881904510252074,-0.9749279121818235,-0.2225209339563146,1.0,18.671200283958886,1655,352.7225954899333,448.125346151407
2025-01-04T05:15:00,2025-01-04,5,1,5.25,0.9807852804032304,0.1950903220161283,-0.9749279121818235,-0.2225209339563146,1.0,18.08579744535121,1655,321.16690265761645,409.9868636279629
2025-01-04T05:30:00,2025-01-04,5,1,5.5,0.9914448613738104,0.1305261922200517,-0.9749279121818235,-0.2225209339563146,1.0,19.05322901034542,1655,318.3637278145567,396.3011907501162
2025-01-04T05:45:00,2025-01-04,5,1,5.75,0.9978589232386035,0.06540312923014327,-0.9749279121818235,-0.2225209339563146,1.0,19.07055353436128,1655,291.83991829074716,364.0922885100597
2025-01-04T06:00:00,2025-01-04,5,1,6.0,1.0,6.123233995736766e-17,-0.9749279121818235,-0.2225209339563146,1.0,17.896853904672106,1655,259.1423337496844,357.7761732378639
2025-01-04T06:15:00,2025-01-04,5,1,6.25,0.9978589232386035,-0.06540312923014316,-0.9749279121818235,-0.2225209339563146,1.0,17.043640178039325,1655,259.1423337496844,335.37702116231804
2025-01-04T06:30:00,2025-01-04,5,1,6.5,0.9914448613738104,-0.1305261922200516,-0.9749279121818235,-0.2225209339563146,1.0,17.313360203799974,1655,237.7367298849501,331.8750070613697
2025-01-04T06:45:00,2025-01-04,5,1,6.75,0.9807852804032304,-0.1950903220161282,-0.9749279121818235,-0.2225209339563146,1.0,16.908119785206406,1655,228.09360667716896,349.8155821264012
2025-01-04T07:00:00,2025-01-04,5,1,7.0,0.9659258262890683,-0.25881904510252063,-0.9749279121818235,-0.2225209339563146,1.2,15.938612638027971,1655,213.88515762448054,303.9770169581099
2025-01-04T07:15:00,2025-01-04,5,1,7.25,0.9469301294951057,-0.3214394653031616,-0.9749279121818235,-0.2225209339563146,1.2,17.023092808079003,1655,193.56536557722686,291.3412681658394
2025-01-04T07:30:00,2025-01-04,5,1,7.5,0.9238795325112868,-0.3826834323650895,-0.9749279121818235,-0.2225209339563146,1.2,16.581760296623905,1655,190.74735833085006,270.0824407613602
2025-01-04T07:45:00,2025-01-04,5,1,7.75,0.8968727415326884,-0.44228869021900113,-0.9749279121818235,-0.2225209339563146,1.2,16.96330277804391,1655,174.2112152800419,251.63370064278342
2025-01-04T08:00:00,2025-01-04,5,1,8.0,0.8660254037844388,-0.4999999999999998,-0.9749279121818235,-0.2225209339563146,1.2,15.815901237967758,1655,151.32162522852033,247.63370064278342
2025-01-04T08:15:00,2025-01-04,5,1,8.25,0.8314696123025451,-0.5555702330196023,-0.9749279121818235,-0.2225209339563146,1.2,16.034441773600022,1655,163.18168781086555,243.90163480070441
2025-01-04T08:30:00,2025-01-04,5,1,8.5,0.7933533402912352,-0.6087614290087207,-0.9749279121818235,-0.2225209339563146,1.2,15.913885667069534,1655,156.84400665144526,219.86812280863816
2025-01-04T08:45:00,2025-01-04,5,1,8.75,0.7518398074789774,-0.6593458151000688,-0.9749279121818235,-0.2225209339563146,1.2,14.957382197396164,1655,134.84400665144523,194.23139850033758
2025-01-04T09:00:00,2025-01-04,5,1,9.0,0.7071067811865476,-0.7071067811865475,-0.9749279121818235,-0.2225209339563146,1.2,17.3631013547457,1655,127.2578929040098,184.01520713365525
2025-01-04T09:15:00,2025-01-04,5,1,9.25,0.659345815100069,-0.7518398074789773,-0.9749279121818235,-0.2225209339563146,1.2,14.747484821511796,1655,109.73657554362083,172.97807687619905
2025-01-04T09:30:00,2025-01-04,5,1,9.5,0.6087614290087209,-0.7933533402912349,-0.9749279121818235,-0.2225209339563146,1.2,15.326474355258409,1655,102.89860452912808,151.64017127770072
2025-01-04T09:45:00,2025-01-04,5,1,9.75,0.5555702330196025,-0.831469612302545,-0.9749279121818235,-0.2225209339563146,1.2,15.841785454091534,1655,102.89860452912808,143.64017127770072
2025-01-04T10:00:00,2025-01-04,5,1,10.0,0.49999999999999994,-0.8660254037844387,-0.9749279121818235,-0.2225209339563146,1.0,15.240601505970956,1655,100.89860452912808,140.67528833455697
2025-01-04T10:15:00,2025-01-04,5,1,10.25,0.4422886902190017,-0.8968727415326881,-0.9749279121818235,-0.2225209339563146,1.0,16.48913267575338,1655,80.73966733106045,137.66713616064385
2025-01-04T10:30:00,2025-01-04,5,1,10.5,0.38268343236508984,-0.9238795325112867,-0.9749279121818235,-0.2225209339563146,1.0,16.121638225581304,1655,68.46238822867615,130.24475721633658
2025-01-04T10:45:00,2025-01-04,5,1,10.75,0.32143946530316175,-0.9469301294951056,-0.9749279121818235,-0.2225209339563146,1.0,16.592130730502408,1655,54.10236733822049,127.24475721633652
2025-01-04T11:00:00,2025-01-04,5,1,11.0,0.258819045102521,-0.9659258262890682,-0.9749279121818235,-0.2225209339563146,1.0,16.86879287078171,1655,44.57812399232178,117.90822710566319
2025-01-04T11:15:00,2025-01-04,5,1,11.25,0.19509032201612816,-0.9807852804032304,-0.9749279121818235,-0.2225209339563146,1.0,16.985807232984982,1655,36.33691197284889,117.90822710566319
2025-01-04T11:30:00,2025-01-04,5,1,11.5,0.130526192220052,-0.9914448613738104,-0.9749279121818235,-0.2225209339563146,1.0,17.228266587941,1655,38.17712936415324,110.97688134996962
2025-01-04T11:45:00,2025-01-04,5,1,11.75,0.06540312923014312,-0.9978589232386035,-0.9749279121818235,-0.2225209339563146,1.0,17.335446528540867,1655,43.17712936415324,115.62059462846551
2025-01-04T12:00:00,2025-01-04,5,1,12.0,1.2246467991473532e-16,-1.0,-0.9749279121818235,-0.2225209339563146,1.0,17.93481415396671,1655,33.4814771902402,104.66821367608453
2025-01-04T12:15:00,2025-01-04,5,1,12.25,-0.06540312923014287,-0.9978589232386035,-0.9749279121818235,-0.2225209339563146,1.0,18.440538598250217,1655,31.481477190240195,119.98400042556695
2025-01-04T12:30:00,2025-01-04,5,1,12.5,-0.13052619222005177,-0.9914448613738104,-0.9749279121818235,-0.2225209339563146,1.0,18.134696775037206,1655,32.4814771902402,112.26313086034958
2025-01-04T12:45:00,2025-01-04,5,1,12.75,-0.19509032201612794,-0.9807852804032305,-0.9749279121818235,-0.2225209339563146,1.0,18.344939093048076,1655,76.47903872693217,111.26313086034958
2025-01-04T13:00:00,2025-01-04,5,1,13.0,-0.2588190451025208,-0.9659258262890683,-0.9749279121818235,-0.2225209339563146,1.0,18.70513814362417,1655,97.17438896847804,130.28614435360308
2025-01-04T13:15:00,2025-01-04,5,1,13.25,-0.32143946530316153,-0.9469301294951057,-0.9749279121818235,-0.2225209339563146,1.0,19.457504356811988,1655,101.24119954920167,156.2008017976085
2025-01-04T13:30:00,2025-01-04,5,1,13.5,-0.38268343236508967,-0.9238795325112867,-0.9749279121818235,-0.2225209339563146,1.0,19.428209329652688,1655,95.30414072567227,202.9807842306346
2025-01-04T13:45:00,2025-01-04,5,1,13.75,-0.4422886902190015,-0.8968727415326883,-0.9749279121818235,-0.2225209339563146,1.0,19.788032457261153,1655,148.03773285817743,219.2545000043267
2025-01-04T14:00:00,2025-01-04,5,1,14.0,-0.4999999999999998,-0.8660254037844388,-0.9749279121818235,-0.2225209339563146,1.0,19.519292660475617,1655,186.82191676161193,242.92007971447157
2025-01-04T14:15:00,2025-01-04,5,1,14.25,-0.555570233019602,-0.8314696123025455,-0.9749279121818235,-0.2225209339563146,1.0,21.871692735976882,1655,250.6529153282627,279.65868314003114
2025-01-04T14:30:00,2025-01-04,5,1,14.5,-0.6087614290087207,-0.7933533402912352,-0.9749279121818235,-0.2225209339563146,1.0,20.446739941639322,1655,294.85266742589806,286.5380309661181
2025-01-04T14:45:00,2025-01-04,5,1,14.75,-0.6593458151000688,-0.7518398074789774,-0.9749279121818235,-0.2225209339563146,1.0,22.508639558835924,1655,373.21143641326836,386.66561550718075
2025-01-04T15:00:00,2025-01-04,5,1,15.0,-0.7071067811865471,-0.7071067811865479,-0.9749279121818235,-0.2225209339563146,1.0,22.39549205343957,1655,514.4249591962055,483.41524352604335
2025-01-04T15:15:00,2025-01-04,5,1,15.25,-0.7518398074789773,-0.6593458151000691,-0.9749279121818235,-0.2225209339563146,1.0,22.919187770292584,1655,626.6696425165428,675.8063028122614
2025-01-04T15:30:00,2025-01-04,5,1,15.5,-0.7933533402912349,-0.6087614290087209,-0.9749279121818235,-0.2225209339563146,1.0,22.871857691844127,1655,807.323350282046,776.6043541375345
2025-01-04T15:45:00,2025-01-04,5,1,15.75,-0.8314696123025452,-0.5555702330196022,-0.9749279121818235,-0.2225209339563146,1.0,23.3928835072322,1655,771.274586603384,859.727335197118
2025-01-04T16:00:00,2025-01-04,5,1,16.0,-0.8660254037844384,-0.5000000000000004,-0.9749279121818235,-0.2225209339563146,1.0,23.660085488837918,1655,752.8720122262803,829.4208878220296
2025-01-04T16:15:00,2025-01-04,5,1,16.25,-0.8968727415326883,-0.44228869021900136,-0.9749279121818235,-0.2225209339563146,1.0,24.209376421921647,1655,813.3898428680977,895.4124496726004
2025-01-04T16:30:00,2025-01-04,5,1,16.5,-0.9238795325112868,-0.3826834323650895,-0.9749279121818235,-0.2225209339563146,1.0,24.719551174755967,1655,793.010956926935,904.562695111542
2025-01-04T16:45:00,2025-01-04,5,1,16.75,-0.9469301294951056,-0.3214394653031618,-0.9749279121818235,-0.2225209339563146,1.0,25.47082483148041,1655,821.3054165090869,927.6592847377248
2025-01-04T17:00:00,2025-01-04,5,1,17.0,-0.9659258262890683,-0.25881904510252063,-0.9749279121818235,-0.2225209339563146,1.0,24.372276834560527,1655,833.7410171222416,958.3537567874141
2025-01-04T17:15:00,2025-01-04,5,1,17.25,-0.9807852804032303,-0.19509032201612866,-0.9749279121818235,-0.2225209339563146,1.0,25.557641230816344,1655,869.735872747695,979.9987061475291
2025-01-04T17:30:00,2025-01-04,5,1,17.5,-0.9914448613738104,-0.13052619222005163,-0.9749279121818235,-0.2225209339563146,1.0,26.525412690878277,1655,946.6066458007291,959.94118896061
2025-01-04T17:45:00,2025-01-04,5,1,17.75,-0.9978589232386035,-0.06540312923014273,-0.9749279121818235,-0.2225209339563146,1.0,26.70288550620332,1655,945.3396986811282,1002.0388748507855
2025-01-04T18:00:00,2025-01-04,5,1,18.0,-1.0,-1.8369701987210297e-16,-0.9749279121818235,-0.2225209339563146,1.7,25.59757312355583,1655,962.5940706618042,453.20216067424286
2025-01-04T18:15:00,2025-01-04,5,1,18.25,-0.9978589232386036,0.06540312923014237,-0.9749279121818235,-0.2225209339563146,1.7,26.636307162166446,1655,1012.7762677145382,446.93715047230444
2025-01-04T18:30:00,2025-01-04,5,1,18.5,-0.9914448613738105,0.13052619222005124,-0.9749279121818235,-0.2225209339563146,1.7,26.866884670995706,1655,963.4948021269856,423.55903511783094
2025-01-04T18:45:00,2025-01-04,5,1,18.75,-0.9807852804032304,0.19509032201612828,-0.9749279121818235,-0.2225209339563146,1.7,27.0780543793163,1655,1019.1291528785359,465.46188073236135
2025-01-04T19:00:00,2025-01-04,5,1,19.0,-0.9659258262890684,0.2588190451025203,-0.9749279121818235,-0.2225209339563146,1.7,25.844845561627906,1655,1061.6452578128471,469.2008728756615
2025-01-04T19:15:00,2025-01-04,5,1,19.25,-0.9469301294951057,0.3214394653031615,-0.9749279121818235,-0.2225209339563146,1.7,27.82742396936522,1655,1076.3217782952702,462.8825643519886
2025-01-04T19:30:00,2025-01-04,5,1,19.5,-0.923879532511287,0.38268343236508917,-0.9749279121818235,-0.2225209339563146,1.7,26.563575896866535,1655,1023.3547757065925,444.0569400578044
2025-01-04T19:45:00,2025-01-04,5,1,19.75,-0.8968727415326885,0.4422886902190011,-0.9749279121818235,-0.2225209339563146,1.7,28.89261528737536,1655,961.6883240508313,436.5690640768658
2025-01-04T20:00:00,2025-01-04,5,1,20.0,-0.8660254037844386,0.5,-0.9749279121818235,-0.2225209339563146,1.7,28.123960977493574,1655,993.6203917415944,481.9201475121503
2025-01-04T20:15:00,2025-01-04,5,1,20.25,-0.8314696123025456,0.5555702330196018,-0.9749279121818235,-0.2225209339563146,1.7,27.778364319146277,1655,1060.6585365427,486.8924297890522
2025-01-04T20:30:00,2025-01-04,5,1,20.5,-0.7933533402912357,0.6087614290087199,-0.9749279121818235,-0.2225209339563146,1.7,28.265240957507853,1655,1078.8723690145762,517.2832333858532
2025-01-04T20:45:00,2025-01-04,5,1,20.75,-0.7518398074789773,0.6593458151000691,-0.9749279121818235,-0.2225209339563146,1.7,28.021149910421613,1655,1078.6341829976943,528.6962629649696
2025-01-04T21:00:00,2025-01-04,5,1,21.0,-0.7071067811865477,0.7071067811865475,-0.9749279121818235,-0.2225209339563146,1.7,27.644012294369453,1655,1147.4409119376232,564.5686844725478
2025-01-04T21:15:00,2025-01-04,5,1,21.25,-0.6593458151000687,0.7518398074789775,-0.9749279121818235,-0.2225209339563146,1.0,27.88594985828757,1655,1185.4177367213442,1262.0695316185463
2025-01-04T21:30:00,2025-01-04,5,1,21.5,-0.6087614290087209,0.7933533402912349,-0.9749279121818235,-0.2225209339563146,1.0,28.102305133702796,1655,1232.5365707134392,1303.7077210370353
2025-01-04T21:45:00,2025-01-04,5,1,21.75,-0.555570233019603,0.8314696123025447,-0.9749279121818235,-0.2225209339563146,1.0,27.372992186102326,1655,1280.6033075569012,1294.5198723217413
2025-01-04T22:00:00,2025-01-04,5,1,22.0,-0.5000000000000004,0.8660254037844384,-0.9749279121818235,-0.2225209339563146,1.0,28.161990486256684,1655,1213.7535465584203,1295.1085786698468
2025-01-04T22:15:00,2025-01-04,5,1,22.25,-0.4422886902190014,0.8968727415326883,-0.9749279121818235,-0.2225209339563146,1.0,28.281198704630526,1655,1190.8318709860337,1297.942926495934
2025-01-04T22:30:00,2025-01-04,5,1,22.5,-0.38268343236508956,0.9238795325112868,-0.9749279121818235,-0.2225209339563146,1.0,28.118774735248333,1655,1143.8511238295723,1370.8068597658062
2025-01-04T22:45:00,2025-01-04,5,1,22.75,-0.32143946530316186,0.9469301294951056,-0.9749279121818235,-0.2225209339563146,1.0,28.018399889575075,1655,1138.4969835502068,1308.9182534179201
2025-01-04T23:00:00,2025-01-04,5,1,23.0,-0.2588190451025215,0.9659258262890681,-0.9749279121818235,-0.2225209339563146,1.0,27.903659884057202,1655,1201.4303406415381,1307.2682081590328
2025-01-04T23:15:00,2025-01-04,5,1,23.25,-0.19509032201612872,0.9807852804032303,-0.9749279121818235,-0.2225209339563146,1.0,27.353132279480302,1655,1170.5322851406308,1311.8082434176172
2025-01-04T23:30:00,2025-01-04,5,1,23.5,-0.13052619222005168,0.9914448613738104,-0.9749279121818235,-0.2225209339563146,1.0,27.474799183377456,1655,1301.229303431449,1419.1248051134592
2025-01-04T23:45:00,2025-01-04,5,1,23.75,-0.0654031292301428,0.9978589232386035,-0.9749279121818235,-0.2225209339563146,1.0,26.504066239869836,1655,1369.5604065845887,1520.6799716860185
2025-01-05T00:00:00,2025-01-05,6,1,0.0,0.0,1.0,-0.7818314824680299,0.6234898018587334,1.0,25.78715426839978,1343,56.904347826086955,156.02450397419895
2025-01-05T00:15:00,2025-01-05,6,1,0.25,0.06540312923014306,0.9978589232386035,-0.7818314824680299,0.6234898018587334,1.0,26.486857219959877,1343,124.94815114552966,234.71999630156478
2025-01-05T00:30:00,2025-01-05,6,1,0.5,0.13052619222005157,0.9914448613738104,-0.7818314824680299,0.6234898018587334,1.0,24.763812256309198,1343,163.19336853683404,300.12307274685867
2025-01-05T00:45:00,2025-01-05,6,1,0.75,0.19509032201612825,0.9807852804032304,-0.7818314824680299,0.6234898018587334,1.0,25.454336839789473,1343,215.28769910964286,362.6151741961338
2025-01-05T01:00:00,2025-01-05,6,1,1.0,0.25881904510252074,0.9659258262890683,-0.7818314824680299,0.6234898018587334,1.0,25.08032453657689,1343,242.4048005589182,354.9930359898748
2025-01-05T01:15:00,2025-01-05,6,1,1.25,0.3214394653031616,0.9469301294951057,-0.7818314824680299,0.6234898018587334,1.0,24.600900215755907,1343,244.37761801923568,368.39780249551086
2025-01-05T01:30:00,2025-01-05,6,1,1.5,0.3826834323650898,0.9238795325112867,-0.7818314824680299,0.6234898018587334,1.0,24.71023491218572,1343,296.09166533237135,389.27757165167975
2025-01-05T01:45:00,2025-01-05,6,1,1.75,0.44228869021900125,0.8968727415326884,-0.7818314824680299,0.6234898018587334,1.0,23.45055947400941,1343,317.6797656449602,421.64121899467483
2025-01-05T02:00:00,2025-01-05,6,1,2.0,0.49999999999999994,0.8660254037844387,-0.7818314824680299,0.6234898018587334,1.0,24.308165180372914,1343,322.8495259571118,499.8310969098839
2025-01-05T02:15:00,2025-01-05,6,1,2.25,0.5555702330196022,0.8314696123025452,-0.7818314824680299,0.6234898018587334,1.0,22.872217146751428,1343,319.06893642587,510.01432578073775
2025-01-05T02:30:00,2025-01-05,6,1,2.5,0.6087614290087207,0.7933533402912352,-0.7818314824680299,0.6234898018587334,1.0,23.32413514832898,1343,361.9099333252966,507.59458933869
2025-01-05T02:45:00,2025-01-05,6,1,2.75,0.6593458151000688,0.7518398074789774,-0.7818314824680299,0.6234898018587334,1.0,22.010371531223768,1343,427.86856967258655,504.6181405393431
2025-01-05T03:00:00,2025-01-05,6,1,3.0,0.7071067811865475,0.7071067811865476,-0.7818314824680299,0.6234898018587334,1.0,22.10540443361728,1343,449.4457396041043,516.2912102019909
2025-01-05T03:15:00,2025-01-05,6,1,3.25,0.7518398074789774,0.659345815100069,-0.7818314824680299,0.6234898018587334,1.0,21.3702586067895,1343,391.5884932272927,475.9239482415731
2025-01-05T03:30:00,2025-01-05,6,1,3.5,0.793353340291235,0.6087614290087208,-0.7818314824680299,0.6234898018587334,1.0,22.142410475576682,1343,380.0854739036212,513.6966715114834
2025-01-05T03:45:00,2025-01-05,6,1,3.75,0.8314696123025451,0.5555702330196024,-0.7818314824680299,0.6234898018587334,1.0,20.182354953022156,1343,412.74698356545696,526.8105429299198
2025-01-05T04:00:00,2025-01-05,6,1,4.0,0.8660254037844386,0.5000000000000001,-0.7818314824680299,0.6234898018587334,1.0,20.03560823322537,1343,372.47048181633147,506.61223406487176
2025-01-05T04:15:00,2025-01-05,6,1,4.25,0.8968727415326884,0.44228869021900125,-0.7818314824680299,0.6234898018587334,1.0,20.870053513280713,1343,355.7014230490118,465.08938103625786
2025-01-05T04:30:00,2025-01-05,6,1,4.5,0.9238795325112867,0.38268343236508984,-0.7818314824680299,0.6234898018587334,1.0,20.1259965226443,1343,361.42571608787006,440.6018689589633
2025-01-05T04:45:00,2025-01-05,6,1,4.75,0.9469301294951056,0.3214394653031617,-0.7818314824680299,0.6234898018587334,1.0,19.278933544090073,1343,298.30604735081005,415.4979766194187
2025-01-05T05:00:00,2025-01-05,6,1,5.0,0.9659258262890683,0.25881904510252074,-0.7818314824680299,0.6234898018587334,1.0,18.804790982274685,1343,306.03319290846605,410.09177746093343
2025-01-05T05:15:00,2025-01-05,6,1,5.25,0.9807852804032304,0.1950903220161283,-0.7818314824680299,0.6234898018587334,1.0,17.87791363396815,1343,258.165117927891,360.423859147363
2025-01-05T05:30:00,2025-01-05,6,1,5.5,0.9914448613738104,0.1305261922200517,-0.7818314824680299,0.6234898018587334,1.0,18.14440889471229,1343,212.65452200207773,335.32668241105574
2025-01-05T05:45:00,2025-01-05,6,1,5.75,0.9978589232386035,0.06540312923014327,-0.7818314824680299,0.6234898018587334,1.0,18.204065451506708,1343,199.14689147668105,336.5433172255168
2025-01-05T06:00:00,2025-01-05,6,1,6.0,1.0,6.123233995736766e-17,-0.7818314824680299,0.6234898018587334,1.0,18.408140902311672,1343,213.2497987867623,319.9213063559516
2025-01-05T06:15:00,2025-01-05,6,1,6.25,0.9978589232386035,-0.06540312923014316,-0.7818314824680299,0.6234898018587334,1.0,17.983548296367836,1343,198.87582071169726,307.42511805912267
2025-01-05T06:30:00,2025-01-05,6,1,6.5,0.9914448613738104,-0.1305261922200516,-0.7818314824680299,0.6234898018587334,1.0,18.03364441524341,1343,192.35761418995813,306.225776820651
2025-01-05T06:45:00,2025-01-05,6,1,6.75,0.9807852804032304,-0.1950903220161282,-0.7818314824680299,0.6234898018587334,1.0,17.187892989556385,1343,211.28837970463667,266.6894089882629
2025-01-05T07:00:00,2025-01-05,6,1,7.0,0.9659258262890683,-0.25881904510252063,-0.7818314824680299,0.6234898018587334,1.2,16.347210235604233,1343,199.93897259001218,243.88733314648465
2025-01-05T07:15:00,2025-01-05,6,1,7.25,0.9469301294951057,-0.3214394653031616,-0.7818314824680299,0.6234898018587334,1.2,16.372096567348866,1343,176.69961332227763,209.31252980180562
2025-01-05T07:30:00,2025-01-05,6,1,7.5,0.9238795325112868,-0.3826834323650895,-0.7818314824680299,0.6234898018587334,1.2,17.29790177313907,1343,161.21120752517618,198.94669129248888
2025-01-05T07:45:00,2025-01-05,6,1,7.75,0.8968727415326884,-0.44228869021900113,-0.7818314824680299,0.6234898018587334,1.2,16.33573047261155,1343,149.17861011051355,201.9448934429142
2025-01-05T08:00:00,2025-01-05,6,1,8.0,0.8660254037844388,-0.4999999999999998,-0.7818314824680299,0.6234898018587334,1.2,16.976180342537326,1343,130.49654311953353,186.8355018585131
2025-01-05T08:15:00,2025-01-05,6,1,8.25,0.8314696123025451,-0.5555702330196023,-0.7818314824680299,0.6234898018587334,1.2,15.152781609028796,1343,125.73876534175574,168.3306540324262
2025-01-05T08:30:00,2025-01-05,6,1,8.5,0.7933533402912352,-0.6087614290087207,-0.7818314824680299,0.6234898018587334,1.2,15.723008483148975,1343,106.57526073042504,177.29489812090824
2025-01-05T08:45:00,2025-01-05,6,1,8.75,0.7518398074789774,-0.6593458151000688,-0.7818314824680299,0.6234898018587334,1.2,15.505002358307696,1343,104.11566993758618,161.8036074427179
2025-01-05T09:00:00,2025-01-05,6,1,9.0,0.7071067811865476,-0.7071067811865475,-0.7818314824680299,0.6234898018587334,1.2,16.10550405987036,1343,91.08064578299678,141.42534657315255
2025-01-05T09:15:00,2025-01-05,6,1,9.25,0.659345815100069,-0.7518398074789773,-0.7818314824680299,0.6234898018587334,1.2,15.511844623594401,1343,81.12334486356404,134.57188137026995
2025-01-05T09:30:00,2025-01-05,6,1,9.5,0.6087614290087209,-0.7933533402912349,-0.7818314824680299,0.6234898018587334,1.2,15.23784789526847,1343,63.61170925279801,133.07666397896554
2025-01-05T09:45:00,2025-01-05,6,1,9.75,0.5555702330196025,-0.831469612302545,-0.7818314824680299,0.6234898018587334,1.2,16.02542454239104,1343,52.803013600624084,133.07666397896554
2025-01-05T10:00:00,2025-01-05,6,1,10.0,0.49999999999999994,-0.8660254037844387,-0.7818314824680299,0.6234898018587334,1.0,14.83231928693209,1343,54.461005319050585,128.63846372812944
2025-01-05T10:15:00,2025-01-05,6,1,10.25,0.4422886902190017,-0.8968727415326881,-0.7818314824680299,0.6234898018587334,1.0,15.930320979208176,1343,50.16215621419125,120.25241300349175
2025-01-05T10:30:00,2025-01-05,6,1,10.5,0.38268343236508984,-0.9238795325112867,-0.7818314824680299,0.6234898018587334,1.0,16.657943488476548,1343,48.947850463840616,115.66328256870915
2025-01-05T10:45:00,2025-01-05,6,1,10.75,0.32143946530316175,-0.9469301294951056,-0.7818314824680299,0.6234898018587334,1.0,15.907298253221338,1343,36.99448417039871,102.97293511423132
2025-01-05T11:00:00,2025-01-05,6,1,11.0,0.258819045102521,-0.9659258262890682,-0.7818314824680299,0.6234898018587334,1.0,16.72773053980043,1343,35.99448417039871,96.93007630170212
2025-01-05T11:15:00,2025-01-05,6,1,11.25,0.19509032201612816,-0.9807852804032304,-0.7818314824680299,0.6234898018587334,1.0,16.45428569747533,1343,26.830116354306753,95.93007630170214
2025-01-05T11:30:00,2025-01-05,6,1,11.5,0.130526192220052,-0.9914448613738104,-0.7818314824680299,0.6234898018587334,1.0,16.994073154802546,1343,31.641710557205307,96.44311977996301
2025-01-05T11:45:00,2025-01-05,6,1,11.75,0.06540312923014312,-0.9978589232386035,-0.7818314824680299,0.6234898018587334,1.0,17.58288587780025,1343,31.641710557205307,106.78349245077044
2025-01-05T12:00:00,2025-01-05,6,1,12.0,1.2246467991473532e-16,-1.0,-0.7818314824680299,0.6234898018587334,1.0,17.983115177396666,1343,31.641710557205307,106.78349245077044
2025-01-05T12:15:00,2025-01-05,6,1,12.25,-0.06540312923014287,-0.9978589232386035,-0.7818314824680299,0.6234898018587334,1.0,18.25043076665307,1343,31.05866707894444,105.04357150215384
2025-01-05T12:30:00,2025-01-05,6,1,12.5,-0.13052619222005177,-0.9914448613738104,-0.7818314824680299,0.6234898018587334,1.0,17.864513983801558,1343,56.774928516198166,102.04357150215384
2025-01-05T12:45:00,2025-01-05,6,1,12.75,-0.19509032201612794,-0.9807852804032305,-0.7818314824680299,0.6234898018587334,1.0,19.507742932790404,1343,73.54291270592148,99.73585761716086
2025-01-05T13:00:00,2025-01-05,6,1,13.0,-0.2588190451025208,-0.9659258262890683,-0.7818314824680299,0.6234898018587334,1.0,19.145145499599128,1343,74.03202648236659,105.1418286316536
2025-01-05T13:15:00,2025-01-05,6,1,13.25,-0.32143946530316153,-0.9469301294951057,-0.7818314824680299,0.6234898018587334,1.0,18.924726441702628,1343,106.47975840808881,107.62823030682816
2025-01-05T13:30:00,2025-01-05,6,1,13.5,-0.38268343236508967,-0.9238795325112867,-0.7818314824680299,0.6234898018587334,1.0,20.43816753823333,1343,143.29188546486114,129.2216772710536
2025-01-05T13:45:00,2025-01-05,6,1,13.75,-0.4422886902190015,-0.8968727415326883,-0.7818314824680299,0.6234898018587334,1.0,19.79626960603034,1343,164.49588859842953,153.43118128456402
2025-01-05T14:00:00,2025-01-05,6,1,14.0,-0.4999999999999998,-0.8660254037844388,-0.7818314824680299,0.6234898018587334,1.0,21.543137027955986,1343,167.67603352596572,154.2261591428571
2025-01-05T14:15:00,2025-01-05,6,1,14.25,-0.555570233019602,-0.8314696123025455,-0.7818314824680299,0.6234898018587334,1.0,21.279051193743147,1343,205.47344553424728,170.82132822498272
2025-01-05T14:30:00,2025-01-05,6,1,14.5,-0.6087614290087207,-0.7933533402912352,-0.7818314824680299,0.6234898018587334,1.0,21.112306739551865,1343,237.84330962294027,197.90407758559667
2025-01-05T14:45:00,2025-01-05,6,1,14.75,-0.6593458151000688,-0.7518398074789774,-0.7818314824680299,0.6234898018587334,1.0,21.28568840025727,1343,305.8399254378399,290.2943897867441
2025-01-05T15:00:00,2025-01-05,6,1,15.0,-0.7071067811865471,-0.7071067811865479,-0.7818314824680299,0.6234898018587334,1.0,21.472676255386435,1343,363.205534646765,431.28921045414114
2025-01-05T15:15:00,2025-01-05,6,1,15.25,-0.7518398074789773,-0.6593458151000691,-0.7818314824680299,0.6234898018587334,1.0,21.894533190268255,1343,509.3661952201578,522.7544956610099
2025-01-05T15:30:00,2025-01-05,6,1,15.5,-0.7933533402912349,-0.6087614290087209,-0.7818314824680299,0.6234898018587334,1.0,22.580579824033432,1343,663.8609794036963,655.7384941590537
2025-01-05T15:45:00,2025-01-05,6,1,15.75,-0.8314696123025452,-0.5555702330196022,-0.7818314824680299,0.6234898018587334,1.0,23.917529856242762,1343,686.5264435195486,709.6719129032408
2025-01-05T16:00:00,2025-01-05,6,1,16.0,-0.8660254037844384,-0.5000000000000004,-0.7818314824680299,0.6234898018587334,1.0,23.618403056776398,1343,711.4605485000254,648.0864712193201
2025-01-05T16:15:00,2025-01-05,6,1,16.25,-0.8968727415326883,-0.44228869021900136,-0.7818314824680299,0.6234898018587334,1.0,23.841945954195992,1343,792.5626538681191,759.1437682771016
2025-01-05T16:30:00,2025-01-05,6,1,16.5,-0.9238795325112868,-0.3826834323650895,-0.7818314824680299,0.6234898018587334,1.0,24.504944729394083,1343,808.148712809178,742.9164311713743
2025-01-05T16:45:00,2025-01-05,6,1,16.75,-0.9469301294951056,-0.3214394653031618,-0.7818314824680299,0.6234898018587334,1.0,24.43198684021344,1343,797.6552780071802,747.35764544239
2025-01-05T17:00:00,2025-01-05,6,1,17.0,-0.9659258262890683,-0.25881904510252063,-0.7818314824680299,0.6234898018587334,1.0,24.228519237115414,1343,777.3261593046265,809.0020517969049
2025-01-05T17:15:00,2025-01-05,6,1,17.25,-0.9807852804032303,-0.19509032201612866,-0.7818314824680299,0.6234898018587334,1.0,24.42807420103901,1343,727.2668216093106,855.3064183140431
2025-01-05T17:30:00,2025-01-05,6,1,17.5,-0.9914448613738104,-0.13052619222005163,-0.7818314824680299,0.6234898018587334,1.0,26.44648199809959,1343,760.3016645618491,839.2855106347655
2025-01-05T17:45:00,2025-01-05,6,1,17.75,-0.9978589232386035,-0.06540312923014273,-0.7818314824680299,0.6234898018587334,1.0,25.75570747762881,1343,750.7676232231294,811.3710165636196
2025-01-05T18:00:00,2025-01-05,6,1,18.0,-1.0,-1.8369701987210297e-16,-0.7818314824680299,0.6234898018587334,1.7,27.143954242932296,1343,744.5175413484825,392.0543895451235
2025-01-05T18:15:00,2025-01-05,6,1,18.25,-0.9978589232386036,0.06540312923014237,-0.7818314824680299,0.6234898018587334,1.7,27.586039751040026,1343,675.9291013848893,370.6692182144757
2025-01-05T18:30:00,2025-01-05,6,1,18.5,-0.9914448613738105,0.13052619222005124,-0.7818314824680299,0.6234898018587334,1.7,26.88887275170063,1343,663.1565374462706,383.78565325916134
2025-01-05T18:45:00,2025-01-05,6,1,18.75,-0.9807852804032304,0.19509032201612828,-0.7818314824680299,0.6234898018587334,1.7,27.40477616464218,1343,714.6757177587117,428.9073834865213
2025-01-05T19:00:00,2025-01-05,6,1,19.0,-0.9659258262890684,0.2588190451025203,-0.7818314824680299,0.6234898018587334,1.7,26.950643436699533,1343,758.4130331486358,440.355430140954
2025-01-05T19:15:00,2025-01-05,6,1,19.25,-0.9469301294951057,0.3214394653031615,-0.7818314824680299,0.6234898018587334,1.7,27.27105350195905,1343,783.6817027883244,432.3410598802638
2025-01-05T19:30:00,2025-01-05,6,1,19.5,-0.923879532511287,0.38268343236508917,-0.7818314824680299,0.6234898018587334,1.7,27.557580038772254,1343,770.980332488779,430.9256285830847
2025-01-05T19:45:00,2025-01-05,6,1,19.75,-0.8968727415326885,0.4422886902190011,-0.7818314824680299,0.6234898018587334,1.7,27.644032619183587,1343,823.2103286410354,386.35643768571117
2025-01-05T20:00:00,2025-01-05,6,1,20.0,-0.8660254037844386,0.5,-0.7818314824680299,0.6234898018587334,1.7,28.644578464223347,1343,827.2083268040687,386.0766444415638
2025-01-05T20:15:00,2025-01-05,6,1,20.25,-0.8314696123025456,0.5555702330196018,-0.7818314824680299,0.6234898018587334,1.7,27.79505540024615,1343,871.2707053379547,378.53933628474476
2025-01-05T20:30:00,2025-01-05,6,1,20.5,-0.7933533402912357,0.6087614290087199,-0.7818314824680299,0.6234898018587334,1.7,28.44342597315109,1343,857.6617828103095,390.9666632814195
2025-01-05T20:45:00,2025-01-05,6,1,20.75,-0.7518398074789773,0.6593458151000691,-0.7818314824680299,0.6234898018587334,1.7,28.025626454650677,1343,876.741104213544,407.719890185353
2025-01-05T21:00:00,2025-01-05,6,1,21.0,-0.7071067811865477,0.7071067811865475,-0.7818314824680299,0.6234898018587334,1.7,28.334863203477894,1343,971.2101127774438,444.31324462857947
2025-01-05T21:15:00,2025-01-05,6,1,21.25,-0.6593458151000687,0.7518398074789775,-0.7818314824680299,0.6234898018587334,1.0,29.03387998160374,1343,1083.295791301818,999.2401648148696
2025-01-05T21:30:00,2025-01-05,6,1,21.5,-0.6087614290087209,0.7933533402912349,-0.7818314824680299,0.6234898018587334,1.0,27.00505403865908,1343,1041.9800271384452,1049.1386634112162
2025-01-05T21:45:00,2025-01-05,6,1,21.75,-0.555570233019603,0.8314696123025447,-0.7818314824680299,0.6234898018587334,1.0,28.538747097131576,1343,1065.0088518519058,1011.0024657200188
2025-01-05T22:00:00,2025-01-05,6,1,22.0,-0.5000000000000004,0.8660254037844384,-0.7818314824680299,0.6234898018587334,1.0,27.396289447611597,1343,1035.441272486826,946.300061972398
2025-01-05T22:15:00,2025-01-05,6,1,22.25,-0.4422886902190014,0.8968727415326883,-0.7818314824680299,0.6234898018587334,1.0,27.766555016112893,1343,993.6508114347101,949.9424950262506
2025-01-05T22:30:00,2025-01-05,6,1,22.5,-0.38268343236508956,0.9238795325112868,-0.7818314824680299,0.6234898018587334,1.0,27.309487914833493,1343,962.3044528515977,994.9008171956982
2025-01-05T22:45:00,2025-01-05,6,1,22.75,-0.32143946530316186,0.9469301294951056,-0.7818314824680299,0.6234898018587334,1.0,27.06911938029671,1343,964.4884988255801,967.1227925945534
2025-01-05T23:00:00,2025-01-05,6,1,23.0,-0.2588190451025215,0.9659258262890681,-0.7818314824680299,0.6234898018587334,1.0,26.36392949478498,1343,1004.5166538599051,1017.2126234450757
2025-01-05T23:15:00,2025-01-05,6,1,23.25,-0.19509032201612872,0.9807852804032303,-0.7818314824680299,0.6234898018587334,1.0,25.382938816384122,1343,1012.6226258025052,1054.4259113090043
2025-01-05T23:30:00,2025-01-05,6,1,23.5,-0.13052619222005168,0.9914448613738104,-0.7818314824680299,0.6234898018587334,1.0,27.989635185182618,1343,992.9299490348284,1106.5068371931554
2025-01-05T23:45:00,2025-01-05,6,1,23.75,-0.0654031292301428,0.9978589232386035,-0.7818314824680299,0.6234898018587334,1.0,26.991414689262257,1343,1061.7148570615846,1169.7453723041046
2025-01-06T00:00:00,2025-01-06,0,0,0.0,0.0,1.0,0.0,1.0,1.0,25.341882863289133,1946,75.44144768275203,285.80233576325617
2025-01-06T00:15:00,2025-01-06,0,0,0.25,0.06540312923014306,0.9978589232386035,0.0,1.0,1.0,26.08107112640459,1946,210.58469520249568,354.66662618298113
2025-01-06T00:30:00,2025-01-06,0,0,0.5,0.13052619222005157,0.9914448613738104,0.0,1.0,1.0,26.27260622033535,1946,227.0917807256682,368.23931483865334
2025-01-06T00:45:00,2025-01-06,0,0,0.75,0.19509032201612825,0.9807852804032304,0.0,1.0,1.0,25.032264329325464,1946,271.3794158621026,391.965390742983
2025-01-06T01:00:00,2025-01-06,0,0,1.0,0.25881904510252074,0.9659258262890683,0.0,1.0,1.0,24.83133964668092,1946,313.81154109292345,397.41511423649933
2025-01-06T01:15:00,2025-01-06,0,0,1.25,0.3214394653031616,0.9469301294951057,0.0,1.0,1.0,24.075748752282724,1946,414.70400363145063,520.6594338805493
2025-01-06T01:30:00,2025-01-06,0,0,1.5,0.3826834323650898,0.9238795325112867,0.0,1.0,1.0,24.173074752147404,1946,497.3116951227934,524.5547876785716
2025-01-06T01:45:00,2025-01-06,0,0,1.75,0.44228869021900125,0.8968727415326884,0.0,1.0,1.0,23.38784531157357,1946,552.3727234181697,626.7794671397289
2025-01-06T02:00:00,2025-01-06,0,0,2.0,0.49999999999999994,0.8660254037844387,0.0,1.0,1.0,22.37823945089234,1946,599.4386300677113,647.6773226480651
2025-01-06T02:15:00,2025-01-06,0,0,2.25,0.5555702330196022,0.8314696123025452,0.0,1.0,1.0,23.499264019953525,1946,652.3722801072016,710.3532360000114
2025-01-06T02:30:00,2025-01-06,0,0,2.5,0.6087614290087207,0.7933533402912352,0.0,1.0,1.0,23.71335200301553,1946,636.1165889384667,742.4584184173629
2025-01-06T02:45:00,2025-01-06,0,0,2.75,0.6593458151000688,0.7518398074789774,0.0,1.0,1.0,22.353594123924864,1946,622.6924533277007,707.1570809534169
2025-01-06T03:00:00,2025-01-06,0,0,3.0,0.7071067811865475,0.7071067811865476,0.0,1.0,1.0,21.58394341215927,1946,618.5603077920769,697.9238555725174
2025-01-06T03:15:00,2025-01-06,0,0,3.25,0.7518398074789774,0.659345815100069,0.0,1.0,1.0,21.479195092648748,1946,581.9731338790334,632.9951547443601
2025-01-06T03:30:00,2025-01-06,0,0,3.5,0.793353340291235,0.6087614290087208,0.0,1.0,1.0,21.8103003995792,1946,614.1225083701415,615.2331338134578
2025-01-06T03:45:00,2025-01-06,0,0,3.75,0.8314696123025451,0.5555702330196024,0.0,1.0,1.0,20.13811335879372,1946,627.256975749609,634.7591924376737
2025-01-06T04:00:00,2025-01-06,0,0,4.0,0.8660254037844386,0.5000000000000001,0.0,1.0,1.0,20.477444855640382,1946,606.6958841479737,613.9759624544436
2025-01-06T04:15:00,2025-01-06,0,0,4.25,0.8968727415326884,0.44228869021900125,0.0,1.0,1.0,19.765812087267683,1946,505.2359838578688,519.5174791427555
2025-01-06T04:30:00,2025-01-06,0,0,4.5,0.9238795325112867,0.38268343236508984,0.0,1.0,1.0,17.990374993234077,1946,491.04249698273696,521.1871290339274
2025-01-06T04:45:00,2025-01-06,0,0,4.75,0.9469301294951056,0.3214394653031617,0.0,1.0,1.0,18.721859911072364,1946,454.8000562712745,527.8521232908782
2025-01-06T05:00:00,2025-01-06,0,0,5.0,0.9659258262890683,0.25881904510252074,0.0,1.0,1.0,18.93070689196381,1946,414.9458896046078,504.10199153857207
2025-01-06T05:15:00,2025-01-06,0,0,5.25,0.9807852804032304,0.1950903220161283,0.0,1.0,1.0,18.470105090447287,1946,405.2497845321441,461.09121859171233
2025-01-06T05:30:00,2025-01-06,0,0,5.5,0.9914448613738104,0.1305261922200517,0.0,1.0,1.0,17.868109687371824,1946,380.61754216151166,455.90002654153864
2025-01-06T05:45:00,2025-01-06,0,0,5.75,0.9978589232386035,0.06540312923014327,0.0,1.0,1.0,16.885835253918437,1946,373.0312412643412,416.38160335844174
2025-01-06T06:00:00,2025-01-06,0,0,6.0,1.0,6.123233995736766e-17,0.0,1.0,1.0,17.501175591114368,1946,395.9026027974205,414.52078384514897
2025-01-06T06:15:00,2025-01-06,0,0,6.25,0.9978589232386035,-0.06540312923014316,0.0,1.0,1.0,17.187719623081403,1946,347.1439779695631,382.3435543129853
2025-01-06T06:30:00,2025-01-06,0,0,6.5,0.9914448613738104,-0.1305261922200516,0.0,1.0,1.0,17.158714604880423,1946,324.31229912411175,375.6422325891303
2025-01-06T06:45:00,2025-01-06,0,0,6.75,0.9807852804032304,-0.1950903220161282,0.0,1.0,1.0,17.679594272983703,1946,329.9362957796302,362.82889925579707
2025-01-06T07:00:00,2025-01-06,0,0,7.0,0.9659258262890683,-0.25881904510252063,0.0,1.0,1.2,16.42406635534242,1946,327.59269010993756,332.4127342613715
2025-01-06T07:15:00,2025-01-06,0,0,7.25,0.9469301294951057,-0.3214394653031616,0.0,1.0,1.2,16.872277546205698,1946,286.29227294990807,327.41273426137155
2025-01-06T07:30:00,2025-01-06,0,0,7.5,0.9238795325112868,-0.3826834323650895,0.0,1.0,1.2,16.34476084396453,1946,251.80697274286874,313.84655988331986
2025-01-06T07:45:00,2025-01-06,0,0,7.75,0.8968727415326884,-0.44228869021900113,0.0,1.0,1.2,17.572676518790352,1946,268.97663190084626,312.26530912214616
2025-01-06T08:00:00,2025-01-06,0,0,8.0,0.8660254037844388,-0.4999999999999998,0.0,1.0,1.2,16.105054317819306,1946,258.2145168419921,288.67761588543124
2025-01-06T08:15:00,2025-01-06,0,0,8.25,0.8314696123025451,-0.5555702330196023,0.0,1.0,1.2,17.301706174930437,1946,222.39805721466297,277.0874807597573
2025-01-06T08:30:00,2025-01-06,0,0,8.5,0.7933533402912352,-0.6087614290087207,0.0,1.0,1.2,15.050585574086142,1946,209.8369702581412,261.5590420768622
2025-01-06T08:45:00,2025-01-06,0,0,8.75,0.7518398074789774,-0.6593458151000688,0.0,1.0,1.2,14.883338380254125,1946,170.72777343053005,248.1118906525745
2025-01-06T09:00:00,2025-01-06,0,0,9.0,0.7071067811865476,-0.7071067811865475,0.0,1.0,1.2,15.89049161621926,1946,153.6483779146128,224.5848160781846
2025-01-06T09:15:00,2025-01-06,0,0,9.25,0.659345815100069,-0.7518398074789773,0.0,1.0,1.2,15.531548480588716,1946,129.13175539162756,210.78551173035837
2025-01-06T09:30:00,2025-01-06,0,0,9.5,0.6087614290087209,-0.7933533402912349,0.0,1.0,1.2,16.44000318622646,1946,120.13175539162755,203.33472650424233
2025-01-06T09:45:00,2025-01-06,0,0,9.75,0.5555702330196025,-0.831469612302545,0.0,1.0,1.2,16.206302872138036,1946,106.98990756554058,195.33472650424218
2025-01-06T10:00:00,2025-01-06,0,0,10.0,0.49999999999999994,-0.8660254037844387,0.0,1.0,1.0,16.306510252533982,1946,97.98990756554058,193.3347265042422
2025-01-06T10:15:00,2025-01-06,0,0,10.25,0.4422886902190017,-0.8968727415326881,0.0,1.0,1.0,15.455983296839005,1946,86.09449040925386,192.3347265042422
2025-01-06T10:30:00,2025-01-06,0,0,10.5,0.38268343236508984,-0.9238795325112867,0.0,1.0,1.0,16.0488316269357,1946,79.39938688958513,180.34544902606308
2025-01-06T10:45:00,2025-01-06,0,0,10.75,0.32143946530316175,-0.9469301294951056,0.0,1.0,1.0,16.739367707800028,1946,72.16818186272793,174.145449026063
2025-01-06T11:00:00,2025-01-06,0,0,11.0,0.258819045102521,-0.9659258262890682,0.0,1.0,1.0,16.075738223123803,1946,61.05760405952427,171.14544902606306
2025-01-06T11:15:00,2025-01-06,0,0,11.25,0.19509032201612816,-0.9807852804032304,0.0,1.0,1.0,16.633233343025108,1946,54.24563382842361,169.14544902606303
2025-01-06T11:30:00,2025-01-06,0,0,11.5,0.130526192220052,-0.9914448613738104,0.0,1.0,1.0,17.58479713635016,1946,60.19490919074245,155.46666874201935
2025-01-06T11:45:00,2025-01-06,0,0,11.75,0.06540312923014312,-0.9978589232386035,0.0,1.0,1.0,17.0805583383694,1946,60.61011511671048,168.56976992389113
2025-01-06T12:00:00,2025-01-06,0,0,12.0,1.2246467991473532e-16,-1.0,0.0,1.0,1.0,17.517384295943145,1946,59.61011511671048,151.29769829692796
2025-01-06T12:15:00,2025-01-06,0,0,12.25,-0.06540312923014287,-0.9978589232386035,0.0,1.0,1.0,18.393964166680266,1946,51.4915643920728,148.49987952954402
2025-01-06T12:30:00,2025-01-06,0,0,12.5,-0.13052619222005177,-0.9914448613738104,0.0,1.0,1.0,18.2363964623756,1946,63.322642692822356,164.40379916063753
2025-01-06T12:45:00,2025-01-06,0,0,12.75,-0.19509032201612794,-0.9807852804032305,0.0,1.0,1.0,17.406180875693806,1946,75.57011904568235,182.35296705679025
2025-01-06T13:00:00,2025-01-06,0,0,13.0,-0.2588190451025208,-0.9659258262890683,0.0,1.0,1.0,18.692212813346668,1946,96.63285504254878,174.9879885570291
2025-01-06T13:15:00,2025-01-06,0,0,13.25,-0.32143946530316153,-0.9469301294951057,0.0,1.0,1.0,18.982276759346856,1946,122.80076759887565,207.58595812434663
2025-01-06T13:30:00,2025-01-06,0,0,13.5,-0.38268343236508967,-0.9238795325112867,0.0,1.0,1.0,19.528936006109323,1946,183.15434410194064,254.37617075934205
2025-01-06T13:45:00,2025-01-06,0,0,13.75,-0.4422886902190015,-0.8968727415326883,0.0,1.0,1.0,21.06907646333822,1946,257.0511051162361,250.68689002721032
2025-01-06T14:00:00,2025-01-06,0,0,14.0,-0.4999999999999998,-0.8660254037844388,0.0,1.0,1.0,20.75575541576789,1946,275.70191843335374,262.5170349547466
2025-01-06T14:15:00,2025-01-06,0,0,14.25,-0.555570233019602,-0.8314696123025455,0.0,1.0,1.0,20.539601696383368,1946,270.34759730444455,311.79597905412516
2025-01-06T14:30:00,2025-01-06,0,0,14.5,-0.6087614290087207,-0.7933533402912352,0.0,1.0,1.0,20.44042706771627,1946,343.1233728497739,381.7139453012649
2025-01-06T14:45:00,2025-01-06,0,0,14.75,-0.6593458151000688,-0.7518398074789774,0.0,1.0,1.0,21.74005248338673,1946,474.04066432903625,511.32305997176
2025-01-06T15:00:00,2025-01-06,0,0,15.0,-0.7071067811865471,-0.7071067811865479,0.0,1.0,1.0,21.736349038156813,1946,632.8625430354941,613.5446390758938
2025-01-06T15:15:00,2025-01-06,0,0,15.25,-0.7518398074789773,-0.6593458151000691,0.0,1.0,1.0,22.80311600282436,1946,855.2792609089211,837.8045505331443
2025-01-06T15:30:00,2025-01-06,0,0,15.5,-0.7933533402912349,-0.6087614290087209,0.0,1.0,1.0,22.59838196201471,1946,988.9281860543509,1002.8452295134575
2025-01-06T15:45:00,2025-01-06,0,0,15.75,-0.8314696123025452,-0.5555702330196022,0.0,1.0,1.0,23.395527231310286,1946,1052.184007787321,1142.3775160373214
2025-01-06T16:00:00,2025-01-06,0,0,16.0,-0.8660254037844384,-0.5000000000000004,0.0,1.0,1.0,22.692667044917883,1946,1043.8966767411328,1078.5810703481698
2025-01-06T16:15:00,2025-01-06,0,0,16.25,-0.8968727415326883,-0.44228869021900136,0.0,1.0,1.0,23.444756393230385,1946,1149.8280857208624,1154.6768610422052
2025-01-06T16:30:00,2025-01-06,0,0,16.5,-0.9238795325112868,-0.3826834323650895,0.0,1.0,1.0,23.949910014529976,1946,1158.6411540171512,1159.3865002883106
2025-01-06T16:45:00,2025-01-06,0,0,16.75,-0.9469301294951056,-0.3214394653031618,0.0,1.0,1.0,23.78063602341642,1946,1197.7186028281253,1191.936413185952
2025-01-06T17:00:00,2025-01-06,0,0,17.0,-0.9659258262890683,-0.25881904510252063,0.0,1.0,1.0,24.85660941685233,1946,1256.363999751322,1216.0149406929968
2025-01-06T17:15:00,2025-01-06,0,0,17.25,-0.9807852804032303,-0.19509032201612866,0.0,1.0,1.0,24.727717858841068,1946,1314.4765281196928,1227.8434527602892
2025-01-06T17:30:00,2025-01-06,0,0,17.5,-0.9914448613738104,-0.13052619222005163,0.0,1.0,1.0,25.053873780088043,1946,1409.299309707244,1307.8487004835802
2025-01-06T17:45:00,2025-01-06,0,0,17.75,-0.9978589232386035,-0.06540312923014273,0.0,1.0,1.0,25.15667868704005,1946,1328.9507387700085,1326.9803735009054
2025-01-06T18:00:00,2025-01-06,0,0,18.0,-1.0,-1.8369701987210297e-16,0.0,1.0,1.7,25.808005460064305,1946,1321.1513901776857,635.03622675152
2025-01-06T18:15:00,2025-01-06,0,0,18.25,-0.9978589232386036,0.06540312923014237,0.0,1.0,1.7,25.146085781050413,1946,1234.9635044228341,621.1414511566572
2025-01-06T18:30:00,2025-01-06,0,0,18.5,-0.9914448613738105,0.13052619222005124,0.0,1.0,1.7,26.918630826084538,1946,1223.0644424747386,594.8042917912642
2025-01-06T18:45:00,2025-01-06,0,0,18.75,-0.9807852804032304,0.19509032201612828,0.0,1.0,1.7,26.85343065875686,1946,1265.91555044,610.7496188193087
2025-01-06T19:00:00,2025-01-06,0,0,19.0,-0.9659258262890684,0.2588190451025203,0.0,1.0,1.7,27.157659891105673,1946,1234.556255007863,594.4275065812341
2025-01-06T19:15:00,2025-01-06,0,0,19.25,-0.9469301294951057,0.3214394653031615,0.0,1.0,1.7,27.752680101786545,1946,1228.6594216530666,580.1309844002099
2025-01-06T19:30:00,2025-01-06,0,0,19.5,-0.923879532511287,0.38268343236508917,0.0,1.0,1.7,27.327048276160127,1946,1202.6404988307197,548.169434126812
2025-01-06T19:45:00,2025-01-06,0,0,19.75,-0.8968727415326885,0.4422886902190011,0.0,1.0,1.7,27.1187771146771,1946,1204.1440186655313,546.186386136865
2025-01-06T20:00:00,2025-01-06,0,0,20.0,-0.8660254037844386,0.5,0.0,1.0,1.7,28.21258420943795,1946,1195.8019209799352,564.2300756986378
2025-01-06T20:15:00,2025-01-06,0,0,20.25,-0.8314696123025456,0.5555702330196018,0.0,1.0,1.7,27.270596741433224,1946,1199.0584772256218,587.5744099619875
2025-01-06T20:30:00,2025-01-06,0,0,20.5,-0.7933533402912357,0.6087614290087199,0.0,1.0,1.7,27.659602153800506,1946,1220.023728864342,594.1075749859538
2025-01-06T20:45:00,2025-01-06,0,0,20.75,-0.7518398074789773,0.6593458151000691,0.0,1.0,1.7,26.302608481611202,1946,1206.7535807714203,661.9812260148763
2025-01-06T21:00:00,2025-01-06,0,0,21.0,-0.7071067811865477,0.7071067811865475,0.0,1.0,1.7,27.28676027705122,1946,1310.1234792552896,682.8313843529154
2025-01-06T21:15:00,2025-01-06,0,0,21.25,-0.6593458151000687,0.7518398074789775,0.0,1.0,1.0,27.58458013041465,1946,1391.9951752585616,1551.369893885061
2025-01-06T21:30:00,2025-01-06,0,0,21.5,-0.6087614290087209,0.7933533402912349,0.0,1.0,1.0,27.951268629442453,1946,1391.3107718752676,1464.8267826484705
2025-01-06T21:45:00,2025-01-06,0,0,21.75,-0.555570233019603,0.8314696123025447,0.0,1.0,1.0,27.808924306406105,1946,1389.4577723750149,1489.7411891357028
2025-01-06T22:00:00,2025-01-06,0,0,22.0,-0.5000000000000004,0.8660254037844384,0.0,1.0,1.0,27.98333067486101,1946,1397.7918777694904,1556.1431717694384
2025-01-06T22:15:00,2025-01-06,0,0,22.25,-0.4422886902190014,0.8968727415326883,0.0,1.0,1.0,26.95221089058851,1946,1354.5604306577081,1547.9629119499366
2025-01-06T22:30:00,2025-01-06,0,0,22.5,-0.38268343236508956,0.9238795325112868,0.0,1.0,1.0,26.81189860105806,1946,1381.2121063757547,1456.1897014406384
2025-01-06T22:45:00,2025-01-06,0,0,22.75,-0.32143946530316186,0.9469301294951056,0.0,1.0,1.0,27.1123039605283,1946,1381.6108468181149,1500.9518594606275
2025-01-06T23:00:00,2025-01-06,0,0,23.0,-0.2588190451025215,0.9659258262890681,0.0,1.0,1.0,26.321341010001888,1946,1477.888243270694,1607.018616267191
2025-01-06T23:15:00,2025-01-06,0,0,23.25,-0.19509032201612872,0.9807852804032303,0.0,1.0,1.0,26.35107571718031,1946,1516.4207018500063,1590.8123040969522
2025-01-06T23:30:00,2025-01-06,0,0,23.5,-0.13052619222005168,0.9914448613738104,0.0,1.0,1.0,26.395170357061637,1946,1548.3843997492577,1581.3917870532591
2025-01-06T23:45:00,2025-01-06,0,0,23.75,-0.0654031292301428,0.9978589232386035,0.0,1.0,1.0,24.91212438565023,1946,1614.1171383150397,1614.125453972089
2025-01-07T00:00:00,2025-01-07,1,0,0.0,0.0,1.0,0.7818314824680297,0.6234898018587336,1.0,26.09867924345278,1896,74.25108504958047,169.77689444273415
2025-01-07T00:15:00,2025-01-07,1,0,0.25,0.06540312923014306,0.9978589232386035,0.7818314824680297,0.6234898018587336,1.0,25.98598285030995,1896,185.68800926762023,289.2891045876616
2025-01-07T00:30:00,2025-01-07,1,0,0.5,0.13052619222005157,0.9914448613738104,0.7818314824680297,0.6234898018587336,1.0,24.942285291266607,1896,250.85781020839138,324.3036220827504
2025-01-07T00:45:00,2025-01-07,1,0,0.75,0.19509032201612825,0.9807852804032304,0.7818314824680297,0.6234898018587336,1.0,23.619156127060236,1896,350.2312484032798,382.83887052995544
2025-01-07T01:00:00,2025-01-07,1,0,1.0,0.25881904510252074,0.9659258262890683,0.7818314824680297,0.6234898018587336,1.0,23.723944658596725,1896,376.02798753371457,407.2836826685722
2025-01-07T01:15:00,2025-01-07,1,0,1.25,0.3214394653031616,0.9469301294951057,0.7818314824680297,0.6234898018587336,1.0,23.64295958936395,1896,447.1868826134856,498.9794123011121
2025-01-07T01:30:00,2025-01-07,1,0,1.5,0.3826834323650898,0.9238795325112867,0.7818314824680297,0.6234898018587336,1.0,23.047514927007278,1896,507.82398272139136,527.2987437365846
2025-01-07T01:45:00,2025-01-07,1,0,1.75,0.44228869021900125,0.8968727415326884,0.7818314824680297,0.6234898018587336,1.0,23.5415391340936,1896,607.9615289434444,585.6520595029442
2025-01-07T02:00:00,2025-01-07,1,0,2.0,0.49999999999999994,0.8660254037844387,0.7818314824680297,0.6234898018587336,1.0,22.848422603351285,1896,593.0503900289647,574.8580111269785
2025-01-07T02:15:00,2025-01-07,1,0,2.25,0.5555702330196022,0.8314696123025452,0.7818314824680297,0.6234898018587336,1.0,22.225929248798657,1896,651.0144696173215,680.888272587158
2025-01-07T02:30:00,2025-01-07,1,0,2.5,0.6087614290087207,0.7933533402912352,0.7818314824680297,0.6234898018587336,1.0,21.691849062130704,1896,722.3416133729322,661.2731251500539
2025-01-07T02:45:00,2025-01-07,1,0,2.75,0.6593458151000688,0.7518398074789774,0.7818314824680297,0.6234898018587336,1.0,21.855984571289852,1896,660.3605371697239,662.8627028272788
2025-01-07T03:00:00,2025-01-07,1,0,3.0,0.7071067811865475,0.7071067811865476,0.7818314824680297,0.6234898018587336,1.0,20.433441260871135,1896,625.2637841401449,716.9994974457039
2025-01-07T03:15:00,2025-01-07,1,0,3.25,0.7518398074789774,0.659345815100069,0.7818314824680297,0.6234898018587336,1.0,19.767687213388644,1896,555.2202466993247,638.5928463069873
2025-01-07T03:30:00,2025-01-07,1,0,3.5,0.793353340291235,0.6087614290087208,0.7818314824680297,0.6234898018587336,1.0,19.836297995886778,1896,559.8426816411943,624.4091852975793
2025-01-07T03:45:00,2025-01-07,1,0,3.75,0.8314696123025451,0.5555702330196024,0.7818314824680297,0.6234898018587336,1.0,19.09971691480186,1896,576.6741201145044,702.4689785758414
2025-01-07T04:00:00,2025-01-07,1,0,4.0,0.8660254037844386,0.5000000000000001,0.7818314824680297,0.6234898018587336,1.0,19.016622239386173,1896,512.7769410045819,670.4152988437374
2025-01-07T04:15:00,2025-01-07,1,0,4.25,0.8968727415326884,0.44228869021900125,0.7818314824680297,0.6234898018587336,1.0,17.470910212507707,1896,458.33570912052403,631.9591915152453
2025-01-07T04:30:00,2025-01-07,1,0,4.5,0.9238795325112867,0.38268343236508984,0.7818314824680297,0.6234898018587336,1.0,18.542013439819492,1896,497.53454279892287,642.6655589943849
2025-01-07T04:45:00,2025-01-07,1,0,4.75,0.9469301294951056,0.3214394653031617,0.7818314824680297,0.6234898018587336,1.0,17.813911929938985,1896,485.6325922380421,605.470207184359
2025-01-07T05:00:00,2025-01-07,1,0,5.0,0.9659258262890683,0.25881904510252074,0.7818314824680297,0.6234898018587336,1.0,18.3262885166572,1896,461.58019648709393,563.1845390614822
2025-01-07T05:15:00,2025-01-07,1,0,5.25,0.9807852804032304,0.1950903220161283,0.7818314824680297,0.6234898018587336,1.0,18.136977036017374,1896,414.82754308976655,504.60979268467094
2025-01-07T05:30:00,2025-01-07,1,0,5.5,0.9914448613738104,0.1305261922200517,0.7818314824680297,0.6234898018587336,1.0,17.585799357927996,1896,383.2164139241414,445.69583627272516
2025-01-07T05:45:00,2025-01-07,1,0,5.75,0.9978589232386035,0.06540312923014327,0.7818314824680297,0.6234898018587336,1.0,15.968741263419288,1896,379.21581432659497,414.0253125573101
2025-01-07T06:00:00,2025-01-07,1,0,6.0,1.0,6.123233995736766e-17,0.7818314824680297,0.6234898018587336,1.0,16.755726248255936,1896,345.98622524985745,395.5374727310082
2025-01-07T06:15:00,2025-01-07,1,0,6.25,0.9978589232386035,-0.06540312923014316,0.7818314824680297,0.6234898018587336,1.0,16.544314235773594,1896,345.43103758150824,365.234429043442
2025-01-07T06:30:00,2025-01-07,1,0,6.5,0.9914448613738104,-0.1305261922200516,0.7818314824680297,0.6234898018587336,1.0,15.451525559050216,1896,294.84721249054405,344.14713385071207
2025-01-07T06:45:00,2025-01-07,1,0,6.75,0.9807852804032304,-0.1950903220161282,0.7818314824680297,0.6234898018587336,1.0,16.17840395681656,1896,255.1173375104518,360.05059564254327
2025-01-07T07:00:00,2025-01-07,1,0,7.0,0.9659258262890683,-0.25881904510252063,0.7818314824680297,0.6234898018587336,1.2,15.179185777379583,1896,238.55678229073544,327.7691284890105
2025-01-07T07:15:00,2025-01-07,1,0,7.25,0.9469301294951057,-0.3214394653031616,0.7818314824680297,0.6234898018587336,1.2,14.580134414834063,1896,211.72993446464852,296.30682809375367
2025-01-07T07:30:00,2025-01-07,1,0,7.5,0.9238795325112868,-0.3826834323650895,0.7818314824680297,0.6234898018587336,1.2,15.590030924476169,1896,183.57420982696732,279.0690725196177
2025-01-07T07:45:00,2025-01-07,1,0,7.75,0.8968727415326884,-0.44228869021900113,0.7818314824680297,0.6234898018587336,1.2,14.88901523818452,1896,199.82698760474514,264.5139200633781
2025-01-07T08:00:00,2025-01-07,1,0,8.0,0.8660254037844388,-0.4999999999999998,0.7818314824680297,0.6234898018587336,1.2,16.357189741074485,1896,179.77440644078163,256.39216281700146
2025-01-07T08:15:00,2025-01-07,1,0,8.25,0.8314696123025451,-0.5555702330196023,0.7818314824680297,0.6234898018587336,1.2,15.120868386445519,1896,174.57247435191059,243.6387830929877
2025-01-07T08:30:00,2025-01-07,1,0,8.5,0.7933533402912352,-0.6087614290087207,0.7818314824680297,0.6234898018587336,1.2,14.612844933612477,1896,177.1967497142294,233.4447327497383
2025-01-07T08:45:00,2025-01-07,1,0,8.75,0.7518398074789774,-0.6593458151000688,0.7818314824680297,0.6234898018587336,1.2,14.979376703370656,1896,167.7566772504613,214.81708298015315
2025-01-07T09:00:00,2025-01-07,1,0,9.0,0.7071067811865476,-0.7071067811865475,0.7818314824680297,0.6234898018587336,1.2,14.885179700921132,1896,164.2561755782205,203.89421749667378
2025-01-07T09:15:00,2025-01-07,1,0,9.25,0.659345815100069,-0.7518398074789773,0.7818314824680297,0.6234898018587336,1.2,14.8015333525135,1896,152.46019944863824,197.9698027809548
2025-01-07T09:30:00,2025-01-07,1,0,9.5,0.6087614290087209,-0.7933533402912349,0.7818314824680297,0.6234898018587336,1.2,14.380902380072419,1896,141.4396974301778,181.79588237102982
2025-01-07T09:45:00,2025-01-07,1,0,9.75,0.5555702330196025,-0.831469612302545,0.7818314824680297,0.6234898018587336,1.2,14.515530214879016,1896,122.42549603215556,164.81781476026154
2025-01-07T10:00:00,2025-01-07,1,0,10.0,0.49999999999999994,-0.8660254037844387,0.7818314824680297,0.6234898018587336,1.0,16.016571275541395,1896,119.19913129785606,144.7885141931537
2025-01-07T10:15:00,2025-01-07,1,0,10.25,0.4422886902190017,-0.8968727415326881,0.7818314824680297,0.6234898018587336,1.0,14.715243400700386,1896,109.19913129785606,136.51911272505654
2025-01-07T10:30:00,2025-01-07,1,0,10.5,0.38268343236508984,-0.9238795325112867,0.7818314824680297,0.6234898018587336,1.0,16.32643127093063,1896,98.16241632201064,135.51911272505654
2025-01-07T10:45:00,2025-01-07,1,0,10.75,0.32143946530316175,-0.9469301294951056,0.7818314824680297,0.6234898018587336,1.0,15.01596255871328,1896,80.17133482902699,130.95297306761256
2025-01-07T11:00:00,2025-01-07,1,0,11.0,0.258819045102521,-0.9659258262890682,0.7818314824680297,0.6234898018587336,1.0,16.17346338968924,1896,65.85743025085132,126.7498246418255
2025-01-07T11:15:00,2025-01-07,1,0,11.25,0.19509032201612816,-0.9807852804032304,0.7818314824680297,0.6234898018587336,1.0,15.889765327476754,1896,61.63337227983681,124.67516625673234
2025-01-07T11:30:00,2025-01-07,1,0,11.5,0.130526192220052,-0.9914448613738104,0.7818314824680297,0.6234898018587336,1.0,16.956600979703257,1896,51.25614115855535,120.7674717155012
2025-01-07T11:45:00,2025-01-07,1,0,11.75,0.06540312923014312,-0.9978589232386035,0.7818314824680297,0.6234898018587336,1.0,16.43936588496561,1896,50.65165308001398,121.7674717155012
2025-01-07T12:00:00,2025-01-07,1,0,12.0,1.2246467991473532e-16,-1.0,0.7818314824680297,0.6234898018587336,1.0,16.667286966799647,1896,49.65165308001398,120.64585680866891
2025-01-07T12:15:00,2025-01-07,1,0,12.25,-0.06540312923014287,-0.9978589232386035,0.7818314824680297,0.6234898018587336,1.0,16.613795452391045,1896,52.32121829740528,142.1213801581054
2025-01-07T12:30:00,2025-01-07,1,0,12.5,-0.13052619222005177,-0.9914448613738104,0.7818314824680297,0.6234898018587336,1.0,17.373101838471346,1896,57.31415308001397,148.89838663592712
2025-01-07T12:45:00,2025-01-07,1,0,12.75,-0.19509032201612794,-0.9807852804032305,0.7818314824680297,0.6234898018587336,1.0,17.91633171288643,1896,60.48954545295193,147.69653143230724
2025-01-07T13:00:00,2025-01-07,1,0,13.0,-0.2588190451025208,-0.9659258262890683,0.7818314824680297,0.6234898018587336,1.0,18.422163529932618,1896,68.10988706785876,174.38713123266868
2025-01-07T13:15:00,2025-01-07,1,0,13.25,-0.32143946530316153,-0.9469301294951057,0.7818314824680297,0.6234898018587336,1.0,18.11445707342388,1896,75.96359590970977,241.2353500239167
2025-01-07T13:30:00,2025-01-07,1,0,13.5,-0.38268343236508967,-0.9238795325112867,0.7818314824680297,0.6234898018587336,1.0,18.5649253834773,1896,130.7480715827141,298.8008391543513
2025-01-07T13:45:00,2025-01-07,1,0,13.75,-0.4422886902190015,-0.8968727415326883,0.7818314824680297,0.6234898018587336,1.0,18.86502962760961,1896,185.98404073264203,307.58984881618704
2025-01-07T14:00:00,2025-01-07,1,0,14.0,-0.4999999999999998,-0.8660254037844388,0.7818314824680297,0.6234898018587336,1.0,18.082800112860415,1896,198.6487017057269,337.51689850562826
2025-01-07T14:15:00,2025-01-07,1,0,14.25,-0.555570233019602,-0.8314696123025455,0.7818314824680297,0.6234898018587336,1.0,19.84121060780931,1896,179.94129063853322,313.97219526201184
2025-01-07T14:30:00,2025-01-07,1,0,14.5,-0.6087614290087207,-0.7933533402912352,0.7818314824680297,0.6234898018587336,1.0,19.365397933801447,1896,232.40069174622397,367.1420150640744
2025-01-07T14:45:00,2025-01-07,1,0,14.75,-0.6593458151000688,-0.7518398074789774,0.7818314824680297,0.6234898018587336,1.0,20.503135617220558,1896,393.5163880166199,512.1859925352601
2025-01-07T15:00:00,2025-01-07,1,0,15.0,-0.7071067811865471,-0.7071067811865479,0.7818314824680297,0.6234898018587336,1.0,20.533512413592337,1896,547.8545577390544,640.3550694796014
2025-01-07T15:15:00,2025-01-07,1,0,15.25,-0.7518398074789773,-0.6593458151000691,0.7818314824680297,0.6234898018587336,1.0,20.966894923080712,1896,834.4343105672663,868.3549567420479
2025-01-07T15:30:00,2025-01-07,1,0,15.5,-0.7933533402912349,-0.6087614290087209,0.7818314824680297,0.6234898018587336,1.0,21.616280461337432,1896,987.5565157804424,989.7407929378732
2025-01-07T15:45:00,2025-01-07,1,0,15.75,-0.8314696123025452,-0.5555702330196022,0.7818314824680297,0.6234898018587336,1.0,21.29158229474105,1896,1088.2599858090416,1078.1176553246823
2025-01-07T16:00:00,2025-01-07,1,0,16.0,-0.8660254037844384,-0.5000000000000004,0.7818314824680297,0.6234898018587336,1.0,22.432963334758615,1896,1076.2846997496908,1038.1001226375834
2025-01-07T16:15:00,2025-01-07,1,0,16.25,-0.8968727415326883,-0.44228869021900136,0.7818314824680297,0.6234898018587336,1.0,23.75248139552211,1896,1123.6150614621,1156.998046667707
2025-01-07T16:30:00,2025-01-07,1,0,16.5,-0.9238795325112868,-0.3826834323650895,0.7818314824680297,0.6234898018587336,1.0,24.13296096555084,1896,1120.63440313677,1134.6242971322188
2025-01-07T16:45:00,2025-01-07,1,0,16.75,-0.9469301294951056,-0.3214394653031618,0.7818314824680297,0.6234898018587336,1.0,24.61805055855038,1896,1098.4728470660655,1167.3487882071984
2025-01-07T17:00:00,2025-01-07,1,0,17.0,-0.9659258262890683,-0.25881904510252063,0.7818314824680297,0.6234898018587336,1.0,24.588200508757268,1896,1160.0821358827704,1184.7599821340443
2025-01-07T17:15:00,2025-01-07,1,0,17.25,-0.9807852804032303,-0.19509032201612866,0.7818314824680297,0.6234898018587336,1.0,24.486246362241875,1896,1175.030686026643,1257.4355552967936
2025-01-07T17:30:00,2025-01-07,1,0,17.5,-0.9914448613738104,-0.13052619222005163,0.7818314824680297,0.6234898018587336,1.0,25.71106975891178,1896,1196.3503823340598,1233.8437315717122
2025-01-07T17:45:00,2025-01-07,1,0,17.75,-0.9978589232386035,-0.06540312923014273,0.7818314824680297,0.6234898018587336,1.0,24.832598598222685,1896,1183.443708662321,1241.3357575430105
2025-01-07T18:00:00,2025-01-07,1,0,18.0,-1.0,-1.8369701987210297e-16,0.7818314824680297,0.6234898018587336,1.7,25.686356480454187,1896,1138.0123327803842,563.0025145151777
2025-01-07T18:15:00,2025-01-07,1,0,18.25,-0.9978589232386036,0.06540312923014237,0.7818314824680297,0.6234898018587336,1.7,25.755725578238657,1896,1094.8282117973974,553.16433003399
2025-01-07T18:30:00,2025-01-07,1,0,18.5,-0.9914448613738105,0.13052619222005124,0.7818314824680297,0.6234898018587336,1.7,25.77130206426465,1896,1051.3087356331475,555.957520321963
2025-01-07T18:45:00,2025-01-07,1,0,18.75,-0.9807852804032304,0.19509032201612828,0.7818314824680297,0.6234898018587336,1.7,25.376811314586774,1896,1004.2485415107029,590.9904532811344
2025-01-07T19:00:00,2025-01-07,1,0,19.0,-0.9659258262890684,0.2588190451025203,0.7818314824680297,0.6234898018587336,1.7,26.280481182000635,1896,1087.266065158552,582.46602830105
2025-01-07T19:15:00,2025-01-07,1,0,19.25,-0.9469301294951057,0.3214394653031615,0.7818314824680297,0.6234898018587336,1.7,27.408799468422913,1896,1128.8481579501104,585.6771730320164
2025-01-07T19:30:00,2025-01-07,1,0,19.5,-0.923879532511287,0.38268343236508917,0.7818314824680297,0.6234898018587336,1.7,26.654298635725194,1896,1081.848186081501,580.6213311072778
2025-01-07T19:45:00,2025-01-07,1,0,19.75,-0.8968727415326885,0.4422886902190011,0.7818314824680297,0.6234898018587336,1.7,26.39299671248043,1896,1019.3467288196665,577.1062819295797
2025-01-07T20:00:00,2025-01-07,1,0,20.0,-0.8660254037844386,0.5,0.7818314824680297,0.6234898018587336,1.7,26.828051399948833,1896,1094.7338509728752,585.6458310514788
2025-01-07T20:15:00,2025-01-07,1,0,20.25,-0.8314696123025456,0.5555702330196018,0.7818314824680297,0.6234898018587336,1.7,26.57028085868009,1896,1185.5190136958206,559.6382993265462
2025-01-07T20:30:00,2025-01-07,1,0,20.5,-0.7933533402912357,0.6087614290087199,0.7818314824680297,0.6234898018587336,1.7,26.810894582013535,1896,1195.7936897524535,571.2053616514762
2025-01-07T20:45:00,2025-01-07,1,0,20.75,-0.7518398074789773,0.6593458151000691,0.7818314824680297,0.6234898018587336,1.7,26.399850414688025,1896,1250.566391622195,589.8176164581012
2025-01-07T21:00:00,2025-01-07,1,0,21.0,-0.7071067811865477,0.7071067811865475,0.7818314824680297,0.6234898018587336,1.7,27.35242590141377,1896,1269.5421617044576,680.435951717937
2025-01-07T21:15:00,2025-01-07,1,0,21.25,-0.6593458151000687,0.7518398074789775,0.7818314824680297,0.6234898018587336,1.0,26.68049873442477,1896,1307.7883605197417,1462.1510637045737
2025-01-07T21:30:00,2025-01-07,1,0,21.5,-0.6087614290087209,0.7933533402912349,0.7818314824680297,0.6234898018587336,1.0,26.75336044686225,1896,1342.8440397152326,1447.1089763303403
2025-01-07T21:45:00,2025-01-07,1,0,21.75,-0.555570233019603,0.8314696123025447,0.7818314824680297,0.6234898018587336,1.0,26.74671267919722,1896,1300.1723748259649,1406.1070957406748
2025-01-07T22:00:00,2025-01-07,1,0,22.0,-0.5000000000000004,0.8660254037844384,0.7818314824680297,0.6234898018587336,1.0,25.73326867911104,1896,1327.3300270145492,1381.7507306313046
2025-01-07T22:15:00,2025-01-07,1,0,22.25,-0.4422886902190014,0.8968727415326883,0.7818314824680297,0.6234898018587336,1.0,27.455032703410936,1896,1356.5283550922684,1382.9622530347322
2025-01-07T22:30:00,2025-01-07,1,0,22.5,-0.38268343236508956,0.9238795325112868,0.7818314824680297,0.6234898018587336,1.0,27.476999976891218,1896,1460.5127830676745,1430.5611782643093
2025-01-07T22:45:00,2025-01-07,1,0,22.75,-0.32143946530316186,0.9469301294951056,0.7818314824680297,0.6234898018587336,1.0,25.885720350047027,1896,1457.979907782332,1477.287531350469
2025-01-07T23:00:00,2025-01-07,1,0,23.0,-0.2588190451025215,0.9659258262890681,0.7818314824680297,0.6234898018587336,1.0,27.64091905958552,1896,1411.3732400783024,1504.21800769318
2025-01-07T23:15:00,2025-01-07,1,0,23.25,-0.19509032201612872,0.9807852804032303,0.7818314824680297,0.6234898018587336,1.0,25.93582976090201,1896,1477.6928004020365,1511.4941649360505
2025-01-07T23:30:00,2025-01-07,1,0,23.5,-0.13052619222005168,0.9914448613738104,0.7818314824680297,0.6234898018587336,1.0,25.398030582984326,1896,1543.6428957312046,1532.1278458128215
2025-01-07T23:45:00,2025-01-07,1,0,23.75,-0.0654031292301428,0.9978589232386035,0.7818314824680297,0.6234898018587336,1.0,25.590209653396983,1896,1530.1549464460434,1523.7645213159574
2025-01-08T00:00:00,2025-01-08,2,0,0.0,0.0,1.0,0.9749279121818236,-0.22252093395631434,1.0,24.05962175170428,1604,68.25282608695652,155.5030296368319
2025-01-08T00:15:00,2025-01-08,2,0,0.25,0.06540312923014306,0.9978589232386035,0.9749279121818236,-0.22252093395631434,1.0,23.605051637061244,1604,136.79864389233956,221.14591917292555
2025-01-08T00:30:00,2025-01-08,2,0,0.5,0.13052619222005157,0.9914448613738104,0.9749279121818236,-0.22252093395631434,1.0,23.257313824078548,1604,170.16914472499775,291.3328756946648
2025-01-08T00:45:00,2025-01-08,2,0,0.75,0.19509032201612825,0.9807852804032304,0.9749279121818236,-0.22252093395631434,1.0,23.301381552886784,1604,190.1022937158194,291.52636816411643
2025-01-08T01:00:00,2025-01-08,2,0,1.0,0.25881904510252074,0.9659258262890683,0.9749279121818236,-0.22252093395631434,1.0,22.802362307313842,1604,192.5975020491527,301.18133020690453
2025-01-08T01:15:00,2025-01-08,2,0,1.25,0.3214394653031616,0.9469301294951057,0.9749279121818236,-0.22252093395631434,1.0,23.603842665773954,1604,292.2812101416305,333.67708137732956
2025-01-08T01:30:00,2025-01-08,2,0,1.5,0.3826834323650898,0.9238795325112867,0.9749279121818236,-0.22252093395631434,1.0,23.39278922119915,1604,348.46635846214855,369.9300328381071
2025-01-08T01:45:00,2025-01-08,2,0,1.75,0.44228869021900125,0.8968727415326884,0.9749279121818236,-0.22252093395631434,1.0,22.087601901160287,1604,445.57924653543694,433.27256249764696
2025-01-08T02:00:00,2025-01-08,2,0,2.0,0.49999999999999994,0.8660254037844387,0.9749279121818236,-0.22252093395631434,1.0,21.4738364640997,1604,475.82776105455383,496.31071829136545
2025-01-08T02:15:00,2025-01-08,2,0,2.25,0.5555702330196022,0.8314696123025452,0.9749279121818236,-0.22252093395631434,1.0,20.377470286302167,1604,582.4850578073957,495.75619411988464
2025-01-08T02:30:00,2025-01-08,2,0,2.5,0.6087614290087207,0.7933533402912352,0.9749279121818236,-0.22252093395631434,1.0,20.432456241366104,1604,581.6139812028408,553.2594429121552
2025-01-08T02:45:00,2025-01-08,2,0,2.75,0.6593458151000688,0.7518398074789774,0.9749279121818236,-0.22252093395631434,1.0,20.045900969827603,1604,573.1914544509838,606.6577193096707
2025-01-08T03:00:00,2025-01-08,2,0,3.0,0.7071067811865475,0.7071067811865476,0.9749279121818236,-0.22252093395631434,1.0,20.151166690685464,1604,560.0055651229205,655.3163538649429
2025-01-08T03:15:00,2025-01-08,2,0,3.25,0.7518398074789774,0.659345815100069,0.9749279121818236,-0.22252093395631434,1.0,20.67266331240752,1604,485.7779081180896,599.4343317807466
2025-01-08T03:30:00,2025-01-08,2,0,3.5,0.793353340291235,0.6087614290087208,0.9749279121818236,-0.22252093395631434,1.0,19.008752187073476,1604,484.2634900951543,565.3418961929842
2025-01-08T03:45:00,2025-01-08,2,0,3.75,0.8314696123025451,0.5555702330196024,0.9749279121818236,-0.22252093395631434,1.0,19.726461679874628,1604,513.9154993178156,633.6185860007616
2025-01-08T04:00:00,2025-01-08,2,0,4.0,0.8660254037844386,0.5000000000000001,0.9749279121818236,-0.22252093395631434,1.0,18.60938257621145,1604,494.7316766187755,579.4168468703263
2025-01-08T04:15:00,2025-01-08,2,0,4.25,0.8968727415326884,0.44228869021900125,0.9749279121818236,-0.22252093395631434,1.0,18.30800017830307,1604,452.79584328544223,555.3915110337289
2025-01-08T04:30:00,2025-01-08,2,0,4.5,0.9238795325112867,0.38268343236508984,0.9749279121818236,-0.22252093395631434,1.0,17.717376065151356,1604,431.67207146839365,559.3311245602989
2025-01-08T04:45:00,2025-01-08,2,0,4.75,0.9469301294951056,0.3214394653031617,0.9749279121818236,-0.22252093395631434,1.0,15.908997095118407,1604,467.63931857716256,509.71758784741405
2025-01-08T05:00:00,2025-01-08,2,0,5.0,0.9659258262890683,0.25881904510252074,0.9749279121818236,-0.22252093395631434,1.0,16.576956510726255,1604,416.2074701698153,429.8113153217617
2025-01-08T05:15:00,2025-01-08,2,0,5.25,0.9807852804032304,0.1950903220161283,0.9749279121818236,-0.22252093395631434,1.0,16.549014185025896,1604,348.08846395863526,404.5495037275588
2025-01-08T05:30:00,2025-01-08,2,0,5.5,0.9914448613738104,0.1305261922200517,0.9749279121818236,-0.22252093395631434,1.0,16.684631774077552,1604,311.3067930293941,382.40529648552547
2025-01-08T05:45:00,2025-01-08,2,0,5.75,0.9978589232386035,0.06540312923014327,0.9749279121818236,-0.22252093395631434,1.0,15.542931540740014,1604,298.8928985816281,358.9091637293927
2025-01-08T06:00:00,2025-01-08,2,0,6.0,1.0,6.123233995736766e-17,0.9749279121818236,-0.22252093395631434,1.0,15.566487524008556,1604,297.0598116251065,351.0792427807761
2025-01-08T06:15:00,2025-01-08,2,0,6.25,0.9978589232386035,-0.06540312923014316,0.9749279121818236,-0.22252093395631434,1.0,14.852059829723041,1604,273.94448922766674,346.69042290499965
2025-01-08T06:30:00,2025-01-08,2,0,6.5,0.9914448613738104,-0.1305261922200516,0.9749279121818236,-0.22252093395631434,1.0,15.106432465611036,1604,273.22581333833864,315.44347814685943
2025-01-08T06:45:00,2025-01-08,2,0,6.75,0.9807852804032304,-0.1950903220161282,0.9749279121818236,-0.22252093395631434,1.0,14.592031352065499,1604,235.94617565717925,306.01597814685954
2025-01-08T07:00:00,2025-01-08,2,0,7.0,0.9659258262890683,-0.25881904510252063,0.9749279121818236,-0.22252093395631434,1.2,15.281725062140751,1604,225.72552348326624,298.1111886368526
2025-01-08T07:15:00,2025-01-08,2,0,7.25,0.9469301294951057,-0.3214394653031616,0.9749279121818236,-0.22252093395631434,1.2,14.140744194233067,1604,188.03778456287134,293.82368863685275
2025-01-08T07:30:00,2025-01-08,2,0,7.5,0.9238795325112868,-0.3826834323650895,0.9749279121818236,-0.22252093395631434,1.2,13.907255760873781,1604,181.28866598579626,261.70590395776355
2025-01-08T07:45:00,2025-01-08,2,0,7.75,0.8968727415326884,-0.44228869021900113,0.9749279121818236,-0.22252093395631434,1.2,14.274831131048465,1604,211.4510587110023,265.7373371300664
2025-01-08T08:00:00,2025-01-08,2,0,8.0,0.8660254037844388,-0.4999999999999998,0.9749279121818236,-0.22252093395631434,1.2,14.889740443054757,1604,175.0716384211472,257.995393396051
2025-01-08T08:15:00,2025-01-08,2,0,8.25,0.8314696123025451,-0.5555702330196023,0.9749279121818236,-0.22252093395631434,1.2,14.143007638121139,1604,172.2009618807624,253.55681046529418
2025-01-08T08:30:00,2025-01-08,2,0,8.5,0.7933533402912352,-0.6087614290087207,0.9749279121818236,-0.22252093395631434,1.2,14.026833910538857,1604,165.42777847246657,238.4426263885013
2025-01-08T08:45:00,2025-01-08,2,0,8.75,0.7518398074789774,-0.6593458151000688,0.9749279121818236,-0.22252093395631434,1.2,14.400692216619067,1604,133.7375610811622,220.96775897732937
2025-01-08T09:00:00,2025-01-08,2,0,9.0,0.7071067811865476,-0.7071067811865475,0.9749279121818236,-0.22252093395631434,1.2,14.04505570316736,1604,118.73756108116218,200.14353582574722
2025-01-08T09:15:00,2025-01-08,2,0,9.25,0.659345815100069,-0.7518398074789773,0.9749279121818236,-0.22252093395631434,1.2,14.483466600069134,1604,107.27767328312574,189.3762411397569
2025-01-08T09:30:00,2025-01-08,2,0,9.5,0.6087614290087209,-0.7933533402912349,0.9749279121818236,-0.22252093395631434,1.2,14.523837699529592,1604,91.96932047028481,178.36667592236554
2025-01-08T09:45:00,2025-01-08,2,0,9.75,0.5555702330196025,-0.831469612302545,0.9749279121818236,-0.22252093395631434,1.2,14.160019786798063,1604,79.71781700647419,171.63717281677538
2025-01-08T10:00:00,2025-01-08,2,0,10.0,0.49999999999999994,-0.8660254037844387,0.9749279121818236,-0.22252093395631434,1.0,13.255646824673306,1604,75.04428264462288,170.63717281677538
2025-01-08T10:15:00,2025-01-08,2,0,10.25,0.4422886902190017,-0.8968727415326881,0.9749279121818236,-0.22252093395631434,1.0,14.521539207202101,1604,68.01876661475902,149.28666772936484
2025-01-08T10:30:00,2025-01-08,2,0,10.5,0.38268343236508984,-0.9238795325112867,0.9749279121818236,-0.22252093395631434,1.0,14.855419740334458,1604,61.188461702280186,136.1353596840159
2025-01-08T10:45:00,2025-01-08,2,0,10.75,0.32143946530316175,-0.9469301294951056,0.9749279121818236,-0.22252093395631434,1.0,15.300896555719376,1604,58.271969948157256,133.13535968401584
2025-01-08T11:00:00,2025-01-08,2,0,11.0,0.258819045102521,-0.9659258262890682,0.9749279121818236,-0.22252093395631434,1.0,14.40772244672978,1604,58.271969948157256,133.13535968401584
2025-01-08T11:15:00,2025-01-08,2,0,11.25,0.19509032201612816,-0.9807852804032304,0.9749279121818236,-0.22252093395631434,1.0,14.529679858705508,1604,45.93188604274154,131.13535968401587
2025-01-08T11:30:00,2025-01-08,2,0,11.5,0.130526192220052,-0.9914448613738104,0.9749279121818236,-0.22252093395631434,1.0,15.405348661073875,1604,42.91126988883019,121.1196639371181
2025-01-08T11:45:00,2025-01-08,2,0,11.75,0.06540312923014312,-0.9978589232386035,0.9749279121818236,-0.22252093395631434,1.0,15.493875051093962,1604,44.852194181928404,134.11966393711802
2025-01-08T12:00:00,2025-01-08,2,0,12.0,1.2246467991473532e-16,-1.0,0.9749279121818236,-0.22252093395631434,1.0,15.851137352307038,1604,42.852194181928404,122.99823536568951
2025-01-08T12:15:00,2025-01-08,2,0,12.25,-0.06540312923014287,-0.9978589232386035,0.9749279121818236,-0.22252093395631434,1.0,15.740976881622393,1604,31.371365757430972,141.59561388231342
2025-01-08T12:30:00,2025-01-08,2,0,12.5,-0.13052619222005177,-0.9914448613738104,0.9749279121818236,-0.22252093395631434,1.0,16.332323855822594,1604,28.372670105257058,160.85772568355588
2025-01-08T12:45:00,2025-01-08,2,0,12.75,-0.19509032201612794,-0.9807852804032305,0.9749279121818236,-0.22252093395631434,1.0,16.64918396877481,1604,37.38070311391507,139.85772568355563
2025-01-08T13:00:00,2025-01-08,2,0,13.0,-0.2588190451025208,-0.9659258262890683,0.9749279121818236,-0.22252093395631434,1.0,15.642542290776278,1604,37.58939876608898,126.06468220529482
2025-01-08T13:15:00,2025-01-08,2,0,13.25,-0.32143946530316153,-0.9469301294951057,0.9749279121818236,-0.22252093395631434,1.0,17.975897195487327,1604,62.5169888989163,145.97272568355572
2025-01-08T13:30:00,2025-01-08,2,0,13.5,-0.38268343236508967,-0.9238795325112867,0.9749279121818236,-0.22252093395631434,1.0,17.437101030802868,1604,94.64891720424417,208.20203675350052
2025-01-08T13:45:00,2025-01-08,2,0,13.75,-0.4422886902190015,-0.8968727415326883,0.9749279121818236,-0.22252093395631434,1.0,17.043207230359478,1604,139.94291606805265,227.07492284439172
2025-01-08T14:00:00,2025-01-08,2,0,14.0,-0.4999999999999998,-0.8660254037844388,0.9749279121818236,-0.22252093395631434,1.0,17.48685377134817,1604,155.65682911153093,233.23526540038648
2025-01-08T14:15:00,2025-01-08,2,0,14.25,-0.555570233019602,-0.8314696123025455,0.9749279121818236,-0.22252093395631434,1.0,18.789662818541373,1604,180.12352740452744,245.97303394258594
2025-01-08T14:30:00,2025-01-08,2,0,14.5,-0.6087614290087207,-0.7933533402912352,0.9749279121818236,-0.22252093395631434,1.0,18.246586003155,1604,248.35779123851958,292.017035552892
2025-01-08T14:45:00,2025-01-08,2,0,14.75,-0.6593458151000688,-0.7518398074789774,0.9749279121818236,-0.22252093395631434,1.0,19.369574590601292,1604,299.55754664370977,448.455242723094
2025-01-08T15:00:00,2025-01-08,2,0,15.0,-0.7071067811865471,-0.7071067811865479,0.9749279121818236,-0.22252093395631434,1.0,19.341634835629392,1604,432.71063976619325,603.8775071374239
2025-01-08T15:15:00,2025-01-08,2,0,15.25,-0.7518398074789773,-0.6593458151000691,0.9749279121818236,-0.22252093395631434,1.0,20.140016373976525,1604,616.7646683282109,745.4820540918688
2025-01-08T15:30:00,2025-01-08,2,0,15.5,-0.7933533402912349,-0.6087614290087209,0.9749279121818236,-0.22252093395631434,1.0,20.471120745530786,1604,747.8626181469344,907.2630779420422
2025-01-08T15:45:00,2025-01-08,2,0,15.75,-0.8314696123025452,-0.5555702330196022,0.9749279121818236,-0.22252093395631434,1.0,22.206620297211945,1604,789.2981767535985,983.687335315104
2025-01-08T16:00:00,2025-01-08,2,0,16.0,-0.8660254037844384,-0.5000000000000004,0.9749279121818236,-0.22252093395631434,1.0,21.755942814059118,1604,812.6303930351023,933.1749604797943
2025-01-08T16:15:00,2025-01-08,2,0,16.25,-0.8968727415326883,-0.44228869021900136,0.9749279121818236,-0.22252093395631434,1.0,22.691930442812435,1604,879.0304316868518,1092.2188033695077
2025-01-08T16:30:00,2025-01-08,2,0,16.5,-0.9238795325112868,-0.3826834323650895,0.9749279121818236,-0.22252093395631434,1.0,21.516523254451556,1604,927.4852919352987,1017.9295775734747
2025-01-08T16:45:00,2025-01-08,2,0,16.75,-0.9469301294951056,-0.3214394653031618,0.9749279121818236,-0.22252093395631434,1.0,22.48780360946163,1604,915.2543522809025,1056.8244583192911
2025-01-08T17:00:00,2025-01-08,2,0,17.0,-0.9659258262890683,-0.25881904510252063,0.9749279121818236,-0.22252093395631434,1.0,22.356347555625028,1604,890.4730420410478,1078.9170906407169
2025-01-08T17:15:00,2025-01-08,2,0,17.25,-0.9807852804032303,-0.19509032201612866,0.9749279121818236,-0.22252093395631434,1.0,23.645117999432912,1604,968.2869178793802,1020.0757845233231
2025-01-08T17:30:00,2025-01-08,2,0,17.5,-0.9914448613738104,-0.13052619222005163,0.9749279121818236,-0.22252093395631434,1.0,24.525664770844465,1604,1006.5976245096126,1083.4370660977115
2025-01-08T17:45:00,2025-01-08,2,0,17.75,-0.9978589232386035,-0.06540312923014273,0.9749279121818236,-0.22252093395631434,1.0,23.99433844264105,1604,916.5323930960988,1105.0241793382652
2025-01-08T18:00:00,2025-01-08,2,0,18.0,-1.0,-1.8369701987210297e-16,0.9749279121818236,-0.22252093395631434,1.7,23.23315389694183,1604,856.9341684639733,504.7709599355788
2025-01-08T18:15:00,2025-01-08,2,0,18.25,-0.9978589232386036,0.06540312923014237,0.9749279121818236,-0.22252093395631434,1.7,24.393200602784532,1604,855.574891811864,478.30762250137474
2025-01-08T18:30:00,2025-01-08,2,0,18.5,-0.9914448613738105,0.13052619222005124,0.9749279121818236,-0.22252093395631434,1.7,25.3504513255356,1604,869.6831690946052,456.53126458073626
2025-01-08T18:45:00,2025-01-08,2,0,18.75,-0.9807852804032304,0.19509032201612828,0.9749279121818236,-0.22252093395631434,1.7,25.852291701023386,1604,925.4927032007377,468.01013003699785
2025-01-08T19:00:00,2025-01-08,2,0,19.0,-0.9659258262890684,0.2588190451025203,0.9749279121818236,-0.22252093395631434,1.7,24.956567657199948,1604,891.5472932121755,484.7476027869673
2025-01-08T19:15:00,2025-01-08,2,0,19.25,-0.9469301294951057,0.3214394653031615,0.9749279121818236,-0.22252093395631434,1.7,25.33222426659053,1604,858.3525259428316,454.9947925684864
2025-01-08T19:30:00,2025-01-08,2,0,19.5,-0.923879532511287,0.38268343236508917,0.9749279121818236,-0.22252093395631434,1.7,24.891396289508343,1604,842.3307543629622,422.64451532157864
2025-01-08T19:45:00,2025-01-08,2,0,19.75,-0.8968727415326885,0.4422886902190011,0.9749279121818236,-0.22252093395631434,1.7,24.661778179725854,1604,865.5703621046093,441.29161509627113
2025-01-08T20:00:00,2025-01-08,2,0,20.0,-0.8660254037844386,0.5,0.9749279121818236,-0.22252093395631434,1.7,25.518984527259065,1604,929.4540980480926,468.17329794050545
2025-01-08T20:15:00,2025-01-08,2,0,20.25,-0.8314696123025456,0.5555702330196018,0.9749279121818236,-0.22252093395631434,1.7,26.609754200915678,1604,978.4169500091464,464.9284131585254
2025-01-08T20:30:00,2025-01-08,2,0,20.5,-0.7933533402912357,0.6087614290087199,0.9749279121818236,-0.22252093395631434,1.7,25.479138578967298,1604,997.5941237519789,461.323545037516
2025-01-08T20:45:00,2025-01-08,2,0,20.75,-0.7518398074789773,0.6593458151000691,0.9749279121818236,-0.22252093395631434,1.7,26.250723147310282,1604,1021.8677713231382,482.05056290793044
2025-01-08T21:00:00,2025-01-08,2,0,21.0,-0.7071067811865477,0.7071067811865475,0.9749279121818236,-0.22252093395631434,1.7,26.122382568693705,1604,1211.1128072868637,552.3535993280324
2025-01-08T21:15:00,2025-01-08,2,0,21.25,-0.6593458151000687,0.7518398074789775,0.9749279121818236,-0.22252093395631434,1.0,25.69185986564476,1604,1259.3249527139005,1194.8832850510896
2025-01-08T21:30:00,2025-01-08,2,0,21.5,-0.6087614290087209,0.7933533402912349,0.9749279121818236,-0.22252093395631434,1.0,25.51084499862162,1604,1253.95541698393,1164.1392270800748
2025-01-08T21:45:00,2025-01-08,2,0,21.75,-0.555570233019603,0.8314696123025447,0.9749279121818236,-0.22252093395631434,1.0,24.891218799602527,1604,1251.2573950300382,1199.342459125172
2025-01-08T22:00:00,2025-01-08,2,0,22.0,-0.5000000000000004,0.8660254037844384,0.9749279121818236,-0.22252093395631434,1.0,25.58393906154961,1604,1241.5847769287525,1232.463188938837
2025-01-08T22:15:00,2025-01-08,2,0,22.25,-0.4422886902190014,0.8968727415326883,0.9749279121818236,-0.22252093395631434,1.0,25.944550883774664,1604,1244.1140440703919,1184.067793935869
2025-01-08T22:30:00,2025-01-08,2,0,22.5,-0.38268343236508956,0.9238795325112868,0.9749279121818236,-0.22252093395631434,1.0,25.94673651205665,1604,1268.1598633606723,1244.116715443603
2025-01-08T22:45:00,2025-01-08,2,0,22.75,-0.32143946530316186,0.9469301294951056,0.9749279121818236,-0.22252093395631434,1.0,25.446644917053842,1604,1281.012103186239,1156.5388332239984
2025-01-08T23:00:00,2025-01-08,2,0,23.0,-0.2588190451025215,0.9659258262890681,0.9749279121818236,-0.22252093395631434,1.0,25.230996586827324,1604,1347.9394374532797,1267.1773505740828
2025-01-08T23:15:00,2025-01-08,2,0,23.25,-0.19509032201612872,0.9807852804032303,0.9749279121818236,-0.22252093395631434,1.0,24.046027577157318,1604,1355.2424075162344,1248.1868131032415
2025-01-08T23:30:00,2025-01-08,2,0,23.5,-0.13052619222005168,0.9914448613738104,0.9749279121818236,-0.22252093395631434,1.0,23.98328508541377,1604,1384.210615039777,1295.7551664265804
2025-01-08T23:45:00,2025-01-08,2,0,23.75,-0.0654031292301428,0.9978589232386035,0.9749279121818236,-0.22252093395631434,1.0,24.092255473281845,1604,1461.1923850300525,1347.4107706050113
2025-01-09T00:00:00,2025-01-09,3,0,0.0,0.0,1.0,0.43388373911755823,-0.900968867902419,1.0,25.218348096280344,2054,107.92988949742096,195.6035865773472
2025-01-09T00:15:00,2025-01-09,3,0,0.25,0.06540312923014306,0.9978589232386035,0.43388373911755823,-0.900968867902419,1.0,22.4995117410848,2054,172.78980900613294,287.13150664926076
2025-01-09T00:30:00,2025-01-09,3,0,0.5,0.13052619222005157,0.9914448613738104,0.43388373911755823,-0.900968867902419,1.0,21.92807831016043,2054,214.60703413417042,319.57144181325776
2025-01-09T00:45:00,2025-01-09,3,0,0.75,0.19509032201612825,0.9807852804032304,0.43388373911755823,-0.900968867902419,1.0,22.51754784159965,2054,284.57178974656034,380.21394520293507
2025-01-09T01:00:00,2025-01-09,3,0,1.0,0.25881904510252074,0.9659258262890683,0.43388373911755823,-0.900968867902419,1.0,22.659086097623728,2054,315.9699207414493,429.5316000118941
2025-01-09T01:15:00,2025-01-09,3,0,1.25,0.3214394653031616,0.9469301294951057,0.43388373911755823,-0.900968867902419,1.0,22.112398775428343,2054,384.8989423478622,530.0119644210353
2025-01-09T01:30:00,2025-01-09,3,0,1.5,0.3826834323650898,0.9238795325112867,0.43388373911755823,-0.900968867902419,1.0,21.549728614517473,2054,453.0218910658109,573.6694136773033
2025-01-09T01:45:00,2025-01-09,3,0,1.75,0.44228869021900125,0.8968727415326884,0.43388373911755823,-0.900968867902419,1.0,20.41512424594602,2054,534.3427765799914,629.2051910340492
2025-01-09T02:00:00,2025-01-09,3,0,2.0,0.49999999999999994,0.8660254037844387,0.43388373911755823,-0.900968867902419,1.0,21.9726867795947,2054,577.4493360467885,661.1084389064055
2025-01-09T02:15:00,2025-01-09,3,0,2.25,0.5555702330196022,0.8314696123025452,0.43388373911755823,-0.900968867902419,1.0,19.272709110870522,2054,625.7551661180645,786.3028140240416
2025-01-09T02:30:00,2025-01-09,3,0,2.5,0.6087614290087207,0.7933533402912352,0.43388373911755823,-0.900968867902419,1.0,20.098605516531528,2054,643.5538502428044,777.3199184334384
2025-01-09T02:45:00,2025-01-09,3,0,2.75,0.6593458151000688,0.7518398074789774,0.43388373911755823,-0.900968867902419,1.0,18.600434902329006,2054,662.8833024082174,782.3844253931011
2025-01-09T03:00:00,2025-01-09,3,0,3.0,0.7071067811865475,0.7071067811865476,0.43388373911755823,-0.900968867902419,1.0,19.293368148632137,2054,681.3438619431942,863.4572222562657
2025-01-09T03:15:00,2025-01-09,3,0,3.25,0.7518398074789774,0.659345815100069,0.43388373911755823,-0.900968867902419,1.0,18.751177338746164,2054,608.3572078802682,814.8225276392882
2025-01-09T03:30:00,2025-01-09,3,0,3.5,0.793353340291235,0.6087614290087208,0.43388373911755823,-0.900968867902419,1.0,18.65094428697414,2054,607.032656599614,840.0592535102599
2025-01-09T03:45:00,2025-01-09,3,0,3.75,0.8314696123025451,0.5555702330196024,0.43388373911755823,-0.900968867902419,1.0,17.334000989614992,2054,641.7952167091119,758.8071884468216
2025-01-09T04:00:00,2025-01-09,3,0,4.0,0.8660254037844386,0.5000000000000001,0.43388373911755823,-0.900968867902419,1.0,17.06047671923467,2054,661.4464977650124,697.6478302687678
2025-01-09T04:15:00,2025-01-09,3,0,4.25,0.8968727415326884,0.44228869021900125,0.43388373911755823,-0.900968867902419,1.0,15.892367720839461,2054,637.157364328484,666.8441153604873
2025-01-09T04:30:00,2025-01-09,3,0,4.5,0.9238795325112867,0.38268343236508984,0.43388373911755823,-0.900968867902419,1.0,16.323045258275027,2054,563.2313618526988,713.1311970348519
2025-01-09T04:45:00,2025-01-09,3,0,4.75,0.9469301294951056,0.3214394653031617,0.43388373911755823,-0.900968867902419,1.0,15.794746861186633,2054,541.9991471833102,710.1865652053848
2025-01-09T05:00:00,2025-01-09,3,0,5.0,0.9659258262890683,0.25881904510252074,0.43388373911755823,-0.900968867902419,1.0,15.891283333417674,2054,495.8160823921765,635.300540360664
2025-01-09T05:15:00,2025-01-09,3,0,5.25,0.9807852804032304,0.1950903220161283,0.43388373911755823,-0.900968867902419,1.0,15.155295506813614,2054,393.9762123366028,560.9656868808099
2025-01-09T05:30:00,2025-01-09,3,0,5.5,0.9914448613738104,0.1305261922200517,0.43388373911755823,-0.900968867902419,1.0,15.65265132783694,2054,353.0067144069962,538.3411837752199
2025-01-09T05:45:00,2025-01-09,3,0,5.75,0.9978589232386035,0.06540312923014327,0.43388373911755823,-0.900968867902419,1.0,15.195144224180419,2054,315.57329229770454,527.7806253964009
2025-01-09T06:00:00,2025-01-09,3,0,6.0,1.0,6.123233995736766e-17,0.43388373911755823,-0.900968867902419,1.0,15.378985749734557,2054,319.56169687835865,495.6308188956658
2025-01-09T06:15:00,2025-01-09,3,0,6.25,0.9978589232386035,-0.06540312923014316,0.43388373911755823,-0.900968867902419,1.0,15.20056187502163,2054,284.9762175425405,469.5914814215458
2025-01-09T06:30:00,2025-01-09,3,0,6.5,0.9914448613738104,-0.1305261922200516,0.43388373911755823,-0.900968867902419,1.0,14.099269873107785,2054,278.634042864625,457.1414138984891
2025-01-09T06:45:00,2025-01-09,3,0,6.75,0.9807852804032304,-0.1950903220161282,0.43388373911755823,-0.900968867902419,1.0,14.723875539947064,2054,278.0254525087731,455.58658298061465
2025-01-09T07:00:00,2025-01-09,3,0,7.0,0.9659258262890683,-0.25881904510252063,0.43388373911755823,-0.900968867902419,1.2,14.333839126575189,2054,257.81313366819336,433.45557187215786
2025-01-09T07:15:00,2025-01-09,3,0,7.25,0.9469301294951057,-0.3214394653031616,0.43388373911755823,-0.900968867902419,1.2,12.803494260135865,2054,220.00045115249935,389.7191091256569
2025-01-09T07:30:00,2025-01-09,3,0,7.5,0.9238795325112868,-0.3826834323650895,0.43388373911755823,-0.900968867902419,1.2,14.453529896905184,2054,190.81223900857134,353.80837492138113
2025-01-09T07:45:00,2025-01-09,3,0,7.75,0.8968727415326884,-0.44228869021900113,0.43388373911755823,-0.900968867902419,1.2,12.878181893622518,2054,173.07265752655127,354.44034938170347
2025-01-09T08:00:00,2025-01-09,3,0,8.0,0.8660254037844388,-0.4999999999999998,0.43388373911755823,-0.900968867902419,1.2,13.290428690994656,2054,166.80483143959475,339.4535402029594
2025-01-09T08:15:00,2025-01-09,3,0,8.25,0.8314696123025451,-0.5555702330196023,0.43388373911755823,-0.900968867902419,1.2,14.105613336385149,2054,158.44565022569043,328.36825592202285
2025-01-09T08:30:00,2025-01-09,3,0,8.5,0.7933533402912352,-0.6087614290087207,0.43388373911755823,-0.900968867902419,1.2,12.89622514557082,2054,148.1792734140962,319.1305448408334
2025-01-09T08:45:00,2025-01-09,3,0,8.75,0.7518398074789774,-0.6593458151000688,0.43388373911755823,-0.900968867902419,1.2,13.768851712381725,2054,134.90285200941395,291.31150268973636
2025-01-09T09:00:00,2025-01-09,3,0,9.0,0.7071067811865476,-0.7071067811865475,0.43388373911755823,-0.900968867902419,1.2,12.760913644677643,2054,122.59802109153954,263.94716059607754
2025-01-09T09:15:00,2025-01-09,3,0,9.25,0.659345815100069,-0.7518398074789773,0.43388373911755823,-0.900968867902419,1.2,12.814861423487955,2054,113.37157181617722,237.87651063412312
2025-01-09T09:30:00,2025-01-09,3,0,9.5,0.6087614290087209,-0.7933533402912349,0.43388373911755823,-0.900968867902419,1.2,13.902914781066762,2054,116.99482738858212,221.51857610024578
2025-01-09T09:45:00,2025-01-09,3,0,9.75,0.5555702330196025,-0.831469612302545,0.43388373911755823,-0.900968867902419,1.2,13.081026416722896,2054,101.47911561445943,195.91314338803056
2025-01-09T10:00:00,2025-01-09,3,0,10.0,0.49999999999999994,-0.8660254037844387,0.43388373911755823,-0.900968867902419,1.0,14.005083354337721,2054,102.04596344054639,189.0606602412682
2025-01-09T10:15:00,2025-01-09,3,0,10.25,0.4422886902190017,-0.8968727415326881,0.43388373911755823,-0.900968867902419,1.0,14.385929532520148,2054,89.43549332595335,171.6156052169466
2025-01-09T10:30:00,2025-01-09,3,0,10.5,0.38268343236508984,-0.9238795325112867,0.43388373911755823,-0.900968867902419,1.0,14.016327168948855,2054,74.10127172707536,154.5454689062278
2025-01-09T10:45:00,2025-01-09,3,0,10.75,0.32143946530316175,-0.9469301294951056,0.43388373911755823,-0.900968867902419,1.0,14.12815934065642,2054,70.94583694446665,150.54546890622777
2025-01-09T11:00:00,2025-01-09,3,0,11.0,0.258819045102521,-0.9659258262890682,0.43388373911755823,-0.900968867902419,1.0,13.573929288083791,2054,70.94583694446665,136.14190719022346
2025-01-09T11:15:00,2025-01-09,3,0,11.25,0.19509032201612816,-0.9807852804032304,0.43388373911755823,-0.900968867902419,1.0,13.767938426507298,2054,66.56384936682691,130.83481336871313
2025-01-09T11:30:00,2025-01-09,3,0,11.5,0.130526192220052,-0.9914448613738104,0.43388373911755823,-0.900968867902419,1.0,14.485674717164926,2054,57.57491225643474,128.6371080547034
2025-01-09T11:45:00,2025-01-09,3,0,11.75,0.06540312923014312,-0.9978589232386035,0.43388373911755823,-0.900968867902419,1.0,14.949918859473572,2054,52.84412332759089,133.61107224907695
2025-01-09T12:00:00,2025-01-09,3,0,12.0,1.2246467991473532e-16,-1.0,0.43388373911755823,-0.900968867902419,1.0,14.0428605629251,2054,49.84412332759089,132.61107224907693
2025-01-09T12:15:00,2025-01-09,3,0,12.25,-0.06540312923014287,-0.9978589232386035,0.43388373911755823,-0.900968867902419,1.0,14.911190414216064,2054,44.52967732478585,131.6110722490769
2025-01-09T12:30:00,2025-01-09,3,0,12.5,-0.13052619222005177,-0.9914448613738104,0.43388373911755823,-0.900968867902419,1.0,15.514558754050887,2054,63.9796566208521,157.92911572733783
2025-01-09T12:45:00,2025-01-09,3,0,12.75,-0.19509032201612794,-0.9807852804032305,0.43388373911755823,-0.900968867902419,1.0,16.357310201401305,2054,82.42978673581783,154.1330058875209
2025-01-09T13:00:00,2025-01-09,3,0,13.0,-0.2588190451025208,-0.9659258262890683,0.43388373911755823,-0.900968867902419,1.0,16.06828461237194,2054,95.72109485561568,159.51126675708605
2025-01-09T13:15:00,2025-01-09,3,0,13.25,-0.32143946530316153,-0.9469301294951057,0.43388373911755823,-0.900968867902419,1.0,15.87225533361441,2054,144.8276165947461,207.33463632230357
2025-01-09T13:30:00,2025-01-09,3,0,13.5,-0.38268343236508967,-0.9238795325112867,0.43388373911755823,-0.900968867902419,1.0,16.909420105483687,2054,222.14431086665775,268.7455058875211
2025-01-09T13:45:00,2025-01-09,3,0,13.75,-0.4422886902190015,-0.8968727415326883,0.43388373911755823,-0.900968867902419,1.0,16.705277924715833,2054,254.8750276137966,278.70803681717814
2025-01-09T14:00:00,2025-01-09,3,0,14.0,-0.4999999999999998,-0.8660254037844388,0.43388373911755823,-0.900968867902419,1.0,17.19341125981302,2054,262.70410628874475,261.34662273850313
2025-01-09T14:15:00,2025-01-09,3,0,14.25,-0.555570233019602,-0.8314696123025455,0.43388373911755823,-0.900968867902419,1.0,18.209288743387514,2054,270.1702924877928,306.057553883603
2025-01-09T14:30:00,2025-01-09,3,0,14.5,-0.6087614290087207,-0.7933533402912352,0.43388373911755823,-0.900968867902419,1.0,19.809212191386326,2054,349.26695932232917,339.62513905205776
2025-01-09T14:45:00,2025-01-09,3,0,14.75,-0.6593458151000688,-0.7518398074789774,0.43388373911755823,-0.900968867902419,1.0,20.058701817175937,2054,490.7932547600272,440.86291895899325
2025-01-09T15:00:00,2025-01-09,3,0,15.0,-0.7071067811865471,-0.7071067811865479,0.43388373911755823,-0.900968867902419,1.0,18.334894114023772,2054,553.809197290926,580.3160751586712
2025-01-09T15:15:00,2025-01-09,3,0,15.25,-0.7518398074789773,-0.6593458151000691,0.43388373911755823,-0.900968867902419,1.0,21.007206945222798,2054,797.2348926356211,802.3758449311225
2025-01-09T15:30:00,2025-01-09,3,0,15.5,-0.7933533402912349,-0.6087614290087209,0.43388373911755823,-0.900968867902419,1.0,18.978912706618395,2054,954.3657509522203,975.792320568775
2025-01-09T15:45:00,2025-01-09,3,0,15.75,-0.8314696123025452,-0.5555702330196022,0.43388373911755823,-0.900968867902419,1.0,20.035955853884037,2054,1027.629401670736,1061.3702869133904
2025-01-09T16:00:00,2025-01-09,3,0,16.0,-0.8660254037844384,-0.5000000000000004,0.43388373911755823,-0.900968867902419,1.0,20.311037816311764,2054,1042.7294251489789,1056.0525439253067
2025-01-09T16:15:00,2025-01-09,3,0,16.25,-0.8968727415326883,-0.44228869021900136,0.43388373911755823,-0.900968867902419,1.0,21.87625484587123,2054,1044.5818704816288,1200.202627069245
2025-01-09T16:30:00,2025-01-09,3,0,16.5,-0.9238795325112868,-0.3826834323650895,0.43388373911755823,-0.900968867902419,1.0,21.153214433138665,2054,1082.6987815697357,1188.450716370183
2025-01-09T16:45:00,2025-01-09,3,0,16.75,-0.9469301294951056,-0.3214394653031618,0.43388373911755823,-0.900968867902419,1.0,22.39458884383103,2054,974.1183789182319,1191.0143316557942
2025-01-09T17:00:00,2025-01-09,3,0,17.0,-0.9659258262890683,-0.25881904510252063,0.43388373911755823,-0.900968867902419,1.0,21.858241763219986,2054,1054.798528430864,1169.7105810839967
2025-01-09T17:15:00,2025-01-09,3,0,17.25,-0.9807852804032303,-0.19509032201612866,0.43388373911755823,-0.900968867902419,1.0,22.367513801949787,2054,1161.5105798095738,1250.1585520754356
2025-01-09T17:30:00,2025-01-09,3,0,17.5,-0.9914448613738104,-0.13052619222005163,0.43388373911755823,-0.900968867902419,1.0,22.39772804749274,2054,1142.9749034810716,1289.892676551583
2025-01-09T17:45:00,2025-01-09,3,0,17.75,-0.9978589232386035,-0.06540312923014273,0.43388373911755823,-0.900968867902419,1.0,22.980918694719996,2054,1134.4189713703172,1278.568733365613
2025-01-09T18:00:00,2025-01-09,3,0,18.0,-1.0,-1.8369701987210297e-16,0.43388373911755823,-0.900968867902419,1.7,22.98628746440651,2054,1145.68442531251,584.7489921921
2025-01-09T18:15:00,2025-01-09,3,0,18.25,-0.9978589232386036,0.06540312923014237,0.43388373911755823,-0.900968867902419,1.7,24.99216750868911,2054,1020.5705160947587,570.9196647226504
2025-01-09T18:30:00,2025-01-09,3,0,18.5,-0.9914448613738105,0.13052619222005124,0.43388373911755823,-0.900968867902419,1.7,24.872384411283726,2054,962.8332551523761,569.0854066015444
2025-01-09T18:45:00,2025-01-09,3,0,18.75,-0.9807852804032304,0.19509032201612828,0.43388373911755823,-0.900968867902419,1.7,24.81684835771022,2054,1058.1256144235397,598.3175440172691
2025-01-09T19:00:00,2025-01-09,3,0,19.0,-0.9659258262890684,0.2588190451025203,0.43388373911755823,-0.900968867902419,1.7,25.856392775034948,2054,1082.8684712768313,616.3163309893902
2025-01-09T19:15:00,2025-01-09,3,0,19.25,-0.9469301294951057,0.3214394653031615,0.43388373911755823,-0.900968867902419,1.7,24.435301042439043,2054,1062.6496905368492,640.3639934548487
2025-01-09T19:30:00,2025-01-09,3,0,19.5,-0.923879532511287,0.38268343236508917,0.43388373911755823,-0.900968867902419,1.7,24.216186142043224,2054,1008.6871360207637,638.9801701284168
2025-01-09T19:45:00,2025-01-09,3,0,19.75,-0.8968727415326885,0.4422886902190011,0.43388373911755823,-0.900968867902419,1.7,24.3217947854264,2054,1014.1920416351834,604.6496699863312
2025-01-09T20:00:00,2025-01-09,3,0,20.0,-0.8660254037844386,0.5,0.43388373911755823,-0.900968867902419,1.7,23.99518346897919,2054,1075.725475366443,613.0783836674988
2025-01-09T20:15:00,2025-01-09,3,0,20.25,-0.8314696123025456,0.5555702330196018,0.43388373911755823,-0.900968867902419,1.7,24.83864611373617,2054,1169.5445413729008,597.6784416851065
2025-01-09T20:30:00,2025-01-09,3,0,20.5,-0.7933533402912357,0.6087614290087199,0.43388373911755823,-0.900968867902419,1.7,25.259552020612336,2054,1191.0296031221087,577.9451879032939
2025-01-09T20:45:00,2025-01-09,3,0,20.75,-0.7518398074789773,0.6593458151000691,0.43388373911755823,-0.900968867902419,1.7,24.492198384605093,2054,1234.0971495732417,624.3937182781715
2025-01-09T21:00:00,2025-01-09,3,0,21.0,-0.7071067811865477,0.7071067811865475,0.43388373911755823,-0.900968867902419,1.7,25.277440755127373,2054,1452.9503252743523,706.297460082864
2025-01-09T21:15:00,2025-01-09,3,0,21.25,-0.6593458151000687,0.7518398074789775,0.43388373911755823,-0.900968867902419,1.0,25.211191878665353,2054,1552.9443892869192,1531.4729400774058
2025-01-09T21:30:00,2025-01-09,3,0,21.5,-0.6087614290087209,0.7933533402912349,0.43388373911755823,-0.900968867902419,1.0,24.683314446565912,2054,1553.242084939093,1442.7577829849997
2025-01-09T21:45:00,2025-01-09,3,0,21.75,-0.555570233019603,0.8314696123025447,0.43388373911755823,-0.900968867902419,1.0,24.290172695765154,2054,1516.4030564748039,1437.7005004406526
2025-01-09T22:00:00,2025-01-09,3,0,22.0,-0.5000000000000004,0.8660254037844384,0.43388373911755823,-0.900968867902419,1.0,25.03888881391242,2054,1416.2402817659201,1511.1084049820254
2025-01-09T22:15:00,2025-01-09,3,0,22.25,-0.4422886902190014,0.8968727415326883,0.43388373911755823,-0.900968867902419,1.0,24.732308257931038,2054,1364.448432347223,1569.270788234844
2025-01-09T22:30:00,2025-01-09,3,0,22.5,-0.38268343236508956,0.9238795325112868,0.43388373911755823,-0.900968867902419,1.0,24.15725771165296,2054,1369.2088226913881,1595.548314114761
2025-01-09T22:45:00,2025-01-09,3,0,22.75,-0.32143946530316186,0.9469301294951056,0.43388373911755823,-0.900968867902419,1.0,23.54036251612482,2054,1403.4518433491419,1590.9213500643193
2025-01-09T23:00:00,2025-01-09,3,0,23.0,-0.2588190451025215,0.9659258262890681,0.43388373911755823,-0.900968867902419,1.0,25.341092656647113,2054,1437.9598567216826,1621.4757255523612
2025-01-09T23:15:00,2025-01-09,3,0,23.25,-0.19509032201612872,0.9807852804032303,0.43388373911755823,-0.900968867902419,1.0,24.649717666774272,2054,1461.5242924774898,1596.0541815869492
2025-01-09T23:30:00,2025-01-09,3,0,23.5,-0.13052619222005168,0.9914448613738104,0.43388373911755823,-0.900968867902419,1.0,23.633556744915108,2054,1568.062023147111,1658.5789447459401
2025-01-09T23:45:00,2025-01-09,3,0,23.75,-0.0654031292301428,0.9978589232386035,0.43388373911755823,-0.900968867902419,1.0,23.18405937954027,2054,1646.4678979543303,1696.5094527862566
2025-01-10T00:00:00,2025-01-10,4,0,0.0,0.0,1.0,-0.433883739117558,-0.9009688679024191,1.0,23.153569839022367,1808,81.20284862353512,166.41320613364778
2025-01-10T00:15:00,2025-01-10,4,0,0.25,0.06540312923014306,0.9978589232386035,-0.433883739117558,-0.9009688679024191,1.0,23.617481035528048,1808,193.1826550731242,259.9020310214627
2025-01-10T00:30:00,2025-01-10,4,0,0.5,0.13052619222005157,0.9914448613738104,-0.433883739117558,-0.9009688679024191,1.0,22.641369337868927,1808,225.41682687611163,274.4556115841226
2025-01-10T00:45:00,2025-01-10,4,0,0.75,0.19509032201612825,0.9807852804032304,-0.433883739117558,-0.9009688679024191,1.0,21.579537309505344,1808,318.2191380889263,362.0369256866868
2025-01-10T01:00:00,2025-01-10,4,0,1.0,0.25881904510252074,0.9659258262890683,-0.433883739117558,-0.9009688679024191,1.0,20.914610125937532,1808,338.9488240995029,409.9721072442596
2025-01-10T01:15:00,2025-01-10,4,0,1.25,0.3214394653031616,0.9469301294951057,-0.433883739117558,-0.9009688679024191,1.0,20.91772477534557,1808,435.81303735002047,439.4577076583387
2025-01-10T01:30:00,2025-01-10,4,0,1.5,0.3826834323650898,0.9238795325112867,-0.433883739117558,-0.9009688679024191,1.0,21.41809284515937,1808,485.0955680849142,465.40034571774294
2025-01-10T01:45:00,2025-01-10,4,0,1.75,0.44228869021900125,0.8968727415326884,-0.433883739117558,-0.9009688679024191,1.0,22.32108161891648,1808,574.1788633598431,513.8479884210367
2025-01-10T02:00:00,2025-01-10,4,0,2.0,0.49999999999999994,0.8660254037844387,-0.433883739117558,-0.9009688679024191,1.0,19.519660300257513,1808,592.8072617006327,513.883106744742
2025-01-10T02:15:00,2025-01-10,4,0,2.25,0.5555702330196022,0.8314696123025452,-0.433883739117558,-0.9009688679024191,1.0,19.5717016250425,1808,605.3892211187607,512.6622726489715
2025-01-10T02:30:00,2025-01-10,4,0,2.5,0.6087614290087207,0.7933533402912352,-0.433883739117558,-0.9009688679024191,1.0,20.012453174896116,1808,651.9564916501615,538.2616640972504
2025-01-10T02:45:00,2025-01-10,4,0,2.75,0.6593458151000688,0.7518398074789774,-0.433883739117558,-0.9009688679024191,1.0,18.53058912102188,1808,648.600724714802,549.9881547804803
2025-01-10T03:00:00,2025-01-10,4,0,3.0,0.7071067811865475,0.7071067811865476,-0.433883739117558,-0.9009688679024191,1.0,19.26510562416199,1808,713.1801177064559,583.8498067364573
2025-01-10T03:15:00,2025-01-10,4,0,3.25,0.7518398074789774,0.659345815100069,-0.433883739117558,-0.9009688679024191,1.0,18.877651610004772,1808,628.0763858223979,525.6227881029166
2025-01-10T03:30:00,2025-01-10,4,0,3.5,0.793353340291235,0.6087614290087208,-0.433883739117558,-0.9009688679024191,1.0,17.430909685077896,1808,598.9237523970471,539.5294214514523
2025-01-10T03:45:00,2025-01-10,4,0,3.75,0.8314696123025451,0.5555702330196024,-0.433883739117558,-0.9009688679024191,1.0,17.514416226849516,1808,568.4017411039924,567.2576885626446
2025-01-10T04:00:00,2025-01-10,4,0,4.0,0.8660254037844386,0.5000000000000001,-0.433883739117558,-0.9009688679024191,1.0,17.418613837820395,1808,525.3107213444487,545.4863754135512
2025-01-10T04:15:00,2025-01-10,4,0,4.25,0.8968727415326884,0.44228869021900125,-0.433883739117558,-0.9009688679024191,1.0,15.7091341617997,1808,525.9064660610996,498.6282642493531
2025-01-10T04:30:00,2025-01-10,4,0,4.5,0.9238795325112867,0.38268343236508984,-0.433883739117558,-0.9009688679024191,1.0,15.951110635481655,1808,488.1843030859834,521.812665775313
2025-01-10T04:45:00,2025-01-10,4,0,4.75,0.9469301294951056,0.3214394653031617,-0.433883739117558,-0.9009688679024191,1.0,15.357692205487584,1808,472.13083146226006,497.3270578624316
2025-01-10T05:00:00,2025-01-10,4,0,5.0,0.9659258262890683,0.25881904510252074,-0.433883739117558,-0.9009688679024191,1.0,14.83715283525901,1808,450.2831527054846,488.56753217073214
2025-01-10T05:15:00,2025-01-10,4,0,5.25,0.9807852804032304,0.1950903220161283,-0.433883739117558,-0.9009688679024191,1.0,15.843765385873711,1808,425.64942121957927,417.6015212251561
2025-01-10T05:30:00,2025-01-10,4,0,5.5,0.9914448613738104,0.1305261922200517,-0.433883739117558,-0.9009688679024191,1.0,14.566095235219052,1808,380.2257255674053,391.76980439126527
2025-01-10T05:45:00,2025-01-10,4,0,5.75,0.9978589232386035,0.06540312923014327,-0.433883739117558,-0.9009688679024191,1.0,14.415530296309814,1808,369.0582020764036,356.0883447639357
2025-01-10T06:00:00,2025-01-10,4,0,6.0,1.0,6.123233995736766e-17,-0.433883739117558,-0.9009688679024191,1.0,14.572050132417129,1808,367.1031426359009,343.230353502214
2025-01-10T06:15:00,2025-01-10,4,0,6.25,0.9978589232386035,-0.06540312923014316,-0.433883739117558,-0.9009688679024191,1.0,14.493540785530879,1808,376.8503778644405,332.5739305773128
2025-01-10T06:30:00,2025-01-10,4,0,6.5,0.9914448613738104,-0.1305261922200516,-0.433883739117558,-0.9009688679024191,1.0,13.646147750801687,1808,387.26471554544355,309.9895811117738
2025-01-10T06:45:00,2025-01-10,4,0,6.75,0.9807852804032304,-0.1950903220161282,-0.433883739117558,-0.9009688679024191,1.0,13.517968109180432,1808,385.55278107789474,292.2475703562656
2025-01-10T07:00:00,2025-01-10,4,0,7.0,0.9659258262890683,-0.25881904510252063,-0.433883739117558,-0.9009688679024191,1.2,13.944181449596966,1808,366.75147673006865,288.5723529649612
2025-01-10T07:15:00,2025-01-10,4,0,7.25,0.9469301294951057,-0.3214394653031616,-0.433883739117558,-0.9009688679024191,1.2,12.939155858604046,1808,322.5906406712175,274.1419087714735
2025-01-10T07:30:00,2025-01-10,4,0,7.5,0.9238795325112868,-0.3826834323650895,-0.433883739117558,-0.9009688679024191,1.2,13.26683607970373,1808,294.12587224021553,260.39798548854964
2025-01-10T07:45:00,2025-01-10,4,0,7.75,0.8968727415326884,-0.44228869021900113,-0.433883739117558,-0.9009688679024191,1.2,12.648747365030104,1808,279.1028004644151,284.12506754237256
2025-01-10T08:00:00,2025-01-10,4,0,8.0,0.8660254037844388,-0.4999999999999998,-0.433883739117558,-0.9009688679024191,1.2,13.00109779430966,1808,264.275695984993,276.4836353173086
2025-01-10T08:15:00,2025-01-10,4,0,8.25,0.8314696123025451,-0.5555702330196023,-0.433883739117558,-0.9009688679024191,1.2,12.698746869381003,1808,228.55732019813897,285.97454111441
2025-01-10T08:30:00,2025-01-10,4,0,8.5,0.7933533402912352,-0.6087614290087207,-0.433883739117558,-0.9009688679024191,1.2,13.198465336610152,1808,213.0729045196146,275.9989717562319
2025-01-10T08:45:00,2025-01-10,4,0,8.75,0.7518398074789774,-0.6593458151000688,-0.433883739117558,-0.9009688679024191,1.2,12.552107064904911,1808,187.8952420956726,255.03786668376804
2025-01-10T09:00:00,2025-01-10,4,0,9.0,0.7071067811865476,-0.7071067811865475,-0.433883739117558,-0.9009688679024191,1.2,12.493698952878855,1808,170.50753594874604,241.27101676372342
2025-01-10T09:15:00,2025-01-10,4,0,9.25,0.659345815100069,-0.7518398074789773,-0.433883739117558,-0.9009688679024191,1.2,11.618375469068937,1808,150.25880044511928,224.3209023472474
2025-01-10T09:30:00,2025-01-10,4,0,9.5,0.6087614290087209,-0.7933533402912349,-0.433883739117558,-0.9009688679024191,1.2,11.45919751161387,1808,154.16281382304567,202.59382807188507
2025-01-10T09:45:00,2025-01-10,4,0,9.75,0.5555702330196025,-0.831469612302545,-0.433883739117558,-0.9009688679024191,1.2,13.798731142848991,1808,148.2428215870208,195.2923787965227
2025-01-10T10:00:00,2025-01-10,4,0,10.0,0.49999999999999994,-0.8660254037844387,-0.433883739117558,-0.9009688679024191,1.0,13.255362547608101,1808,135.77264767397736,176.37119961630603
2025-01-10T10:15:00,2025-01-10,4,0,10.25,0.4422886902190017,-0.8968727415326881,-0.433883739117558,-0.9009688679024191,1.0,11.757915643248168,1808,109.57264552257823,164.69989526847982
2025-01-10T10:30:00,2025-01-10,4,0,10.5,0.38268343236508984,-0.9238795325112867,-0.433883739117558,-0.9009688679024191,1.0,13.934141339925759,1808,92.65631011885152,159.12106729116417
2025-01-10T10:45:00,2025-01-10,4,0,10.75,0.32143946530316175,-0.9469301294951056,-0.433883739117558,-0.9009688679024191,1.0,12.30082683607711,1808,80.06153558888677,159.12106729116417
2025-01-10T11:00:00,2025-01-10,4,0,11.0,0.258819045102521,-0.9659258262890682,-0.433883739117558,-0.9009688679024191,1.0,13.370959649553924,1808,59.68197143975741,150.12106729116434
2025-01-10T11:15:00,2025-01-10,4,0,11.25,0.19509032201612816,-0.9807852804032304,-0.433883739117558,-0.9009688679024191,1.0,14.133925123333906,1808,58.68197143975741,139.12106729116437
2025-01-10T11:30:00,2025-01-10,4,0,11.5,0.130526192220052,-0.9914448613738104,-0.433883739117558,-0.9009688679024191,1.0,14.871518926327361,1808,61.65910422471629,137.12106729116434
2025-01-10T11:45:00,2025-01-10,4,0,11.75,0.06540312923014312,-0.9978589232386035,-0.433883739117558,-0.9009688679024191,1.0,14.987452205509875,1808,59.34278412389713,134.1462846824687
2025-01-10T12:00:00,2025-01-10,4,0,12.0,1.2246467991473532e-16,-1.0,-0.433883739117558,-0.9009688679024191,1.0,14.408903187607454,1808,58.34278412389713,132.31266149406287
2025-01-10T12:15:00,2025-01-10,4,0,12.25,-0.06540312923014287,-0.9978589232386035,-0.433883739117558,-0.9009688679024191,1.0,14.442092014579364,1808,55.16723014542898,117.15599142733674
2025-01-10T12:30:00,2025-01-10,4,0,12.5,-0.13052619222005177,-0.9914448613738104,-0.433883739117558,-0.9009688679024191,1.0,14.569225912423565,1808,63.33331920234979,118.6897802472125
2025-01-10T12:45:00,2025-01-10,4,0,12.75,-0.19509032201612794,-0.9807852804032305,-0.433883739117558,-0.9009688679024191,1.0,14.547050144976826,1808,60.327820481122174,122.61151937764731
2025-01-10T13:00:00,2025-01-10,4,0,13.0,-0.2588190451025208,-0.9659258262890683,-0.433883739117558,-0.9009688679024191,1.0,14.937478071629247,1808,63.30608135068739,170.5679065412082
2025-01-10T13:15:00,2025-01-10,4,0,13.25,-0.32143946530316153,-0.9469301294951057,-0.433883739117558,-0.9009688679024191,1.0,14.93754053598468,1808,109.86429020080779,201.69755080998303
2025-01-10T13:30:00,2025-01-10,4,0,13.5,-0.38268343236508967,-0.9238795325112867,-0.433883739117558,-0.9009688679024191,1.0,16.435491641305635,1808,123.09740844327385,239.32305674486668
2025-01-10T13:45:00,2025-01-10,4,0,13.75,-0.4422886902190015,-0.8968727415326883,-0.433883739117558,-0.9009688679024191,1.0,16.508681512253926,1808,186.9775489551186,231.39222280533713
2025-01-10T14:00:00,2025-01-10,4,0,14.0,-0.4999999999999998,-0.8660254037844388,-0.433883739117558,-0.9009688679024191,1.0,16.27799883906895,1808,198.24744355327408,255.23046323057906
2025-01-10T14:15:00,2025-01-10,4,0,14.25,-0.555570233019602,-0.8314696123025455,-0.433883739117558,-0.9009688679024191,1.0,18.190988811755858,1808,194.29706548144043,284.9143097094418
2025-01-10T14:30:00,2025-01-10,4,0,14.5,-0.6087614290087207,-0.7933533402912352,-0.433883739117558,-0.9009688679024191,1.0,16.278167023694618,1808,241.55467417709258,328.87871619667436
2025-01-10T14:45:00,2025-01-10,4,0,14.75,-0.6593458151000688,-0.7518398074789774,-0.433883739117558,-0.9009688679024191,1.0,18.2053418866523,1808,344.30236079086615,463.5308774016784
2025-01-10T15:00:00,2025-01-10,4,0,15.0,-0.7071067811865471,-0.7071067811865479,-0.433883739117558,-0.9009688679024191,1.0,18.346192090714762,1808,449.0847006038468,640.9465184523013
2025-01-10T15:15:00,2025-01-10,4,0,15.25,-0.7518398074789773,-0.6593458151000691,-0.433883739117558,-0.9009688679024191,1.0,18.49387606799005,1808,595.5871882685487,781.9945623179756
2025-01-10T15:30:00,2025-01-10,4,0,15.5,-0.7933533402912349,-0.6087614290087209,-0.433883739117558,-0.9009688679024191,1.0,17.840232055670004,1808,704.0317243583468,906.7717664732112
2025-01-10T15:45:00,2025-01-10,4,0,15.75,-0.8314696123025452,-0.5555702330196022,-0.433883739117558,-0.9009688679024191,1.0,19.90768175938893,1808,792.1393529197485,913.2233588147934
2025-01-10T16:00:00,2025-01-10,4,0,16.0,-0.8660254037844384,-0.5000000000000004,-0.433883739117558,-0.9009688679024191,1.0,20.27987156984611,1808,750.8842104522591,868.7221218723881
2025-01-10T16:15:00,2025-01-10,4,0,16.25,-0.8968727415326883,-0.44228869021900136,-0.433883739117558,-0.9009688679024191,1.0,19.78914433789229,1808,920.7391687054802,977.3637554981813
2025-01-10T16:30:00,2025-01-10,4,0,16.5,-0.9238795325112868,-0.3826834323650895,-0.433883739117558,-0.9009688679024191,1.0,21.384250403310826,1808,909.9599354568448,988.7509294112248
2025-01-10T16:45:00,2025-01-10,4,0,16.75,-0.9469301294951056,-0.3214394653031618,-0.433883739117558,-0.9009688679024191,1.0,20.84304552494396,1808,905.6411210934222,977.9049331843966
2025-01-10T17:00:00,2025-01-10,4,0,17.0,-0.9659258262890683,-0.25881904510252063,-0.433883739117558,-0.9009688679024191,1.0,21.837378745797828,1808,921.5341755872373,1022.9133941865023
2025-01-10T17:15:00,2025-01-10,4,0,17.25,-0.9807852804032303,-0.19509032201612866,-0.433883739117558,-0.9009688679024191,1.0,21.472485638642443,1808,979.6512669741114,992.6076153624563
2025-01-10T17:30:00,2025-01-10,4,0,17.5,-0.9914448613738104,-0.13052619222005163,-0.433883739117558,-0.9009688679024191,1.0,21.843777450587837,1808,1000.9179916086453,1038.4352935716113
2025-01-10T17:45:00,2025-01-10,4,0,17.75,-0.9978589232386035,-0.06540312923014273,-0.433883739117558,-0.9009688679024191,1.0,22.202722082238502,1808,990.0901724644314,1028.3981749598643
2025-01-10T18:00:00,2025-01-10,4,0,18.0,-1.0,-1.8369701987210297e-16,-0.433883739117558,-0.9009688679024191,1.7,22.938443632224534,1808,1038.080229109974,484.34232242232054
2025-01-10T18:15:00,2025-01-10,4,0,18.25,-0.9978589232386036,0.06540312923014237,-0.433883739117558,-0.9009688679024191,1.7,22.758105668426996,1808,1053.710305484975,461.9173542914438
2025-01-10T18:30:00,2025-01-10,4,0,18.5,-0.9914448613738105,0.13052619222005124,-0.433883739117558,-0.9009688679024191,1.7,24.10376426151919,1808,1023.4185588258371,435.7191510301555
2025-01-10T18:45:00,2025-01-10,4,0,18.75,-0.9807852804032304,0.19509032201612828,-0.433883739117558,-0.9009688679024191,1.7,23.60280404785213,1808,1003.668751905704,489.22842167369976
2025-01-10T19:00:00,2025-01-10,4,0,19.0,-0.9659258262890684,0.2588190451025203,-0.433883739117558,-0.9009688679024191,1.7,23.3390185390498,1808,1002.9048595661594,495.38390227898526
2025-01-10T19:15:00,2025-01-10,4,0,19.25,-0.9469301294951057,0.3214394653031615,-0.433883739117558,-0.9009688679024191,1.7,23.2140637240257,1808,1014.217414534579,475.4720959195232
2025-01-10T19:30:00,2025-01-10,4,0,19.5,-0.923879532511287,0.38268343236508917,-0.433883739117558,-0.9009688679024191,1.7,22.957907490224926,1808,945.300306582145,488.433219500049
2025-01-10T19:45:00,2025-01-10,4,0,19.75,-0.8968727415326885,0.4422886902190011,-0.433883739117558,-0.9009688679024191,1.7,24.955519147857792,1808,985.2560194897335,488.1802915311011
2025-01-10T20:00:00,2025-01-10,4,0,20.0,-0.8660254037844386,0.5,-0.433883739117558,-0.9009688679024191,1.7,25.273270474065217,1808,1053.9071487186225,491.4987327906105
2025-01-10T20:15:00,2025-01-10,4,0,20.25,-0.8314696123025456,0.5555702330196018,-0.433883739117558,-0.9009688679024191,1.7,24.617022554284265,1808,1035.8752992556863,539.1063345849514
2025-01-10T20:30:00,2025-01-10,4,0,20.5,-0.7933533402912357,0.6087614290087199,-0.433883739117558,-0.9009688679024191,1.7,24.526029164165774,1808,1078.616659898921,534.7089889003007
2025-01-10T20:45:00,2025-01-10,4,0,20.75,-0.7518398074789773,0.6593458151000691,-0.433883739117558,-0.9009688679024191,1.7,23.833485365095097,1808,1147.5921346837977,554.8954132911274
2025-01-10T21:00:00,2025-01-10,4,0,21.0,-0.7071067811865477,0.7071067811865475,-0.433883739117558,-0.9009688679024191,1.7,24.812804411944356,1808,1265.9940105286048,611.3227989387185
2025-01-10T21:15:00,2025-01-10,4,0,21.25,-0.6593458151000687,0.7518398074789775,-0.433883739117558,-0.9009688679024191,1.0,24.19519737449955,1808,1336.109767887189,1417.246508893817
2025-01-10T21:30:00,2025-01-10,4,0,21.5,-0.6087614290087209,0.7933533402912349,-0.433883739117558,-0.9009688679024191,1.0,24.823816555104138,1808,1391.8567336140497,1397.504902066862
2025-01-10T21:45:00,2025-01-10,4,0,21.75,-0.555570233019603,0.8314696123025447,-0.433883739117558,-0.9009688679024191,1.0,23.956799510964228,1808,1410.2025926772724,1385.6492464905546
2025-01-10T22:00:00,2025-01-10,4,0,22.0,-0.5000000000000004,0.8660254037844384,-0.433883739117558,-0.9009688679024191,1.0,25.89603527032406,1808,1470.2613547179692,1369.4003915598842
2025-01-10T22:15:00,2025-01-10,4,0,22.25,-0.4422886902190014,0.8968727415326883,-0.433883739117558,-0.9009688679024191,1.0,24.349417534228273,1808,1413.1804983240906,1363.6313328954366
2025-01-10T22:30:00,2025-01-10,4,0,22.5,-0.38268343236508956,0.9238795325112868,-0.433883739117558,-0.9009688679024191,1.0,23.786757946756133,1808,1440.9533761708817,1452.0701125020257
2025-01-10T22:45:00,2025-01-10,4,0,22.75,-0.32143946530316186,0.9469301294951056,-0.433883739117558,-0.9009688679024191,1.0,24.315875968025495,1808,1412.9631587795777,1433.0057284440538
2025-01-10T23:00:00,2025-01-10,4,0,23.0,-0.2588190451025215,0.9659258262890681,-0.433883739117558,-0.9009688679024191,1.0,23.339820904291376,1808,1436.4160320777771,1517.7856107878288
2025-01-10T23:15:00,2025-01-10,4,0,23.25,-0.19509032201612872,0.9807852804032303,-0.433883739117558,-0.9009688679024191,1.0,22.838425720747793,1808,1463.8361008102956,1524.589975664214
2025-01-10T23:30:00,2025-01-10,4,0,23.5,-0.13052619222005168,0.9914448613738104,-0.433883739117558,-0.9009688679024191,1.0,23.177300241165888,1808,1581.021618491016,1572.4839670738975
2025-01-10T23:45:00,2025-01-10,4,0,23.75,-0.0654031292301428,0.9978589232386035,-0.433883739117558,-0.9009688679024191,1.0,22.70277496447343,1808,1678.397057873571,1565.1887167445173
2025-01-11T00:00:00,2025-01-11,5,1,0.0,0.0,1.0,-0.9749279121818235,-0.2225209339563146,1.0,22.669275924929277,1421,57.010917199267865,133.72840272486152
2025-01-11T00:15:00,2025-01-11,5,1,0.25,0.06540312923014306,0.9978589232386035,-0.9749279121818235,-0.2225209339563146,1.0,21.889222342570612,1421,187.42037562794826,202.13782301471684
2025-01-11T00:30:00,2025-01-11,5,1,0.5,0.13052619222005157,0.9914448613738104,-0.9749279121818235,-0.2225209339563146,1.0,20.3494226189811,1421,208.49400571766532,246.6472933913613
2025-01-11T00:45:00,2025-01-11,5,1,0.75,0.19509032201612825,0.9807852804032304,-0.9749279121818235,-0.2225209339563146,1.0,21.650222526626138,1421,278.669384281621,299.65536322008313
2025-01-11T01:00:00,2025-01-11,5,1,1.0,0.25881904510252074,0.9659258262890683,-0.9749279121818235,-0.2225209339563146,1.0,21.596374411884618,1421,342.74348914336286,318.4526668051325
2025-01-11T01:15:00,2025-01-11,5,1,1.25,0.3214394653031616,0.9469301294951057,-0.9749279121818235,-0.2225209339563146,1.0,20.32388444644992,1421,373.3402383042592,360.23124422694775
2025-01-11T01:30:00,2025-01-11,5,1,1.5,0.3826834323650898,0.9238795325112867,-0.9749279121818235,-0.2225209339563146,1.0,20.682902337550136,1421,415.60770359363187,424.2659816388205
2025-01-11T01:45:00,2025-01-11,5,1,1.75,0.44228869021900125,0.8968727415326884,-0.9749279121818235,-0.2225209339563146,1.0,19.380941644168956,1421,432.0937558667005,458.455548974406
2025-01-11T02:00:00,2025-01-11,5,1,2.0,0.49999999999999994,0.8660254037844387,-0.9749279121818235,-0.2225209339563146,1.0,20.555206642081163,1421,465.3628945567012,474.4378009658992
2025-01-11T02:15:00,2025-01-11,5,1,2.25,0.5555702330196022,0.8314696123025452,-0.9749279121818235,-0.2225209339563146,1.0,19.473788792107918,1421,510.67640060792655,526.9694277296045
2025-01-11T02:30:00,2025-01-11,5,1,2.5,0.6087614290087207,0.7933533402912352,-0.9749279121818235,-0.2225209339563146,1.0,20.505535653339482,1421,534.1904311766757,593.1122528664242
2025-01-11T02:45:00,2025-01-11,5,1,2.75,0.6593458151000688,0.7518398074789774,-0.9749279121818235,-0.2225209339563146,1.0,19.089693023908016,1421,541.1536885955853,583.4925759695786
2025-01-11T03:00:00,2025-01-11,5,1,3.0,0.7071067811865475,0.7071067811865476,-0.9749279121818235,-0.2225209339563146,1.0,17.652418964175173,1421,506.5545098516241,603.4202589671067
2025-01-11T03:15:00,2025-01-11,5,1,3.25,0.7518398074789774,0.659345815100069,-0.9749279121818235,-0.2225209339563146,1.0,17.1756408613857,1421,466.802267189633,531.71425482632
2025-01-11T03:30:00,2025-01-11,5,1,3.5,0.793353340291235,0.6087614290087208,-0.9749279121818235,-0.2225209339563146,1.0,16.725099672651424,1421,443.76515821165447,498.3522776006467
2025-01-11T03:45:00,2025-01-11,5,1,3.75,0.8314696123025451,0.5555702330196024,-0.9749279121818235,-0.2225209339563146,1.0,17.644817889956613,1421,454.1051461343598,503.73719196164785
2025-01-11T04:00:00,2025-01-11,5,1,4.0,0.8660254037844386,0.5000000000000001,-0.9749279121818235,-0.2225209339563146,1.0,15.781651585152597,1421,426.31622101358687,451.45797702330964
2025-01-11T04:15:00,2025-01-11,5,1,4.25,0.8968727415326884,0.44228869021900125,-0.9749279121818235,-0.2225209339563146,1.0,16.161070253294987,1421,391.78454500985197,470.6760344369105
2025-01-11T04:30:00,2025-01-11,5,1,4.5,0.9238795325112867,0.38268343236508984,-0.9749279121818235,-0.2225209339563146,1.0,15.582245565069634,1421,392.8508489452816,488.11781089716504
2025-01-11T04:45:00,2025-01-11,5,1,4.75,0.9469301294951056,0.3214394653031617,-0.9749279121818235,-0.2225209339563146,1.0,14.930905824216586,1421,409.22997938006415,468.6069206280139
2025-01-11T05:00:00,2025-01-11,5,1,5.0,0.9659258262890683,0.25881904510252074,-0.9749279121818235,-0.2225209339563146,1.0,15.100936780030093,1421,387.6136030056571,455.8831748086159
2025-01-11T05:15:00,2025-01-11,5,1,5.25,0.9807852804032304,0.1950903220161283,-0.9749279121818235,-0.2225209339563146,1.0,14.595862678801852,1421,360.82809575928036,407.1510215995064
2025-01-11T05:30:00,2025-01-11,5,1,5.5,0.9914448613738104,0.1305261922200517,-0.9749279121818235,-0.2225209339563146,1.0,15.244906901892907,1421,347.1669874898856,366.18899261399946
2025-01-11T05:45:00,2025-01-11,5,1,5.75,0.9978589232386035,0.06540312923014327,-0.9749279121818235,-0.2225209339563146,1.0,14.381596667548179,1421,338.44491518364754,349.26164699369053
2025-01-11T06:00:00,2025-01-11,5,1,6.0,1.0,6.123233995736766e-17,-0.9749279121818235,-0.2225209339563146,1.0,14.909235309158904,1421,304.098265770259,330.0958242929994
2025-01-11T06:15:00,2025-01-11,5,1,6.25,0.9978589232386035,-0.06540312923014316,-0.9749279121818235,-0.2225209339563146,1.0,14.136171962615375,1421,268.7608730127608,315.32189235856566
2025-01-11T06:30:00,2025-01-11,5,1,6.5,0.9914448613738104,-0.1305261922200516,-0.9749279121818235,-0.2225209339563146,1.0,13.007580354886015,1421,263.34961884706286,293.21476330404533
2025-01-11T06:45:00,2025-01-11,5,1,6.75,0.9807852804032304,-0.1950903220161282,-0.9749279121818235,-0.2225209339563146,1.0,12.98395348721725,1421,262.29192008135624,305.09632766892173
2025-01-11T07:00:00,2025-01-11,5,1,7.0,0.9659258262890683,-0.25881904510252063,-0.9749279121818235,-0.2225209339563146,1.2,12.007943412259207,1421,227.00450390386146,276.6747635283915
2025-01-11T07:15:00,2025-01-11,5,1,7.25,0.9469301294951057,-0.3214394653031616,-0.9749279121818235,-0.2225209339563146,1.2,12.50650483529611,1421,210.43204013574555,244.60210557632195
2025-01-11T07:30:00,2025-01-11,5,1,7.5,0.9238795325112868,-0.3826834323650895,-0.9749279121818235,-0.2225209339563146,1.2,11.418469700223467,1421,201.07399665748468,241.79216768812313
2025-01-11T07:45:00,2025-01-11,5,1,7.75,0.8968727415326884,-0.44228869021900113,-0.9749279121818235,-0.2225209339563146,1.2,11.905017049843739,1421,207.21743908462275,243.8703869516971
2025-01-11T08:00:00,2025-01-11,5,1,8.0,0.8660254037844388,-0.4999999999999998,-0.9749279121818235,-0.2225209339563146,1.2,12.332938575605496,1421,196.2074604518404,230.44481328019958
2025-01-11T08:15:00,2025-01-11,5,1,8.25,0.8314696123025451,-0.5555702330196023,-0.9749279121818235,-0.2225209339563146,1.2,12.307995785511283,1421,193.41546367245232,205.4892778534684
2025-01-11T08:30:00,2025-01-11,5,1,8.5,0.7933533402912352,-0.6087614290087207,-0.9749279121818235,-0.2225209339563146,1.2,12.37984209624493,1421,155.58548572924855,219.51427785346846
2025-01-11T08:45:00,2025-01-11,5,1,8.75,0.7518398074789774,-0.6593458151000688,-0.9749279121818235,-0.2225209339563146,1.2,11.88916579618465,1421,137.91536432890973,197.51427785346837
2025-01-11T09:00:00,2025-01-11,5,1,9.0,0.7071067811865476,-0.7071067811865475,-0.9749279121818235,-0.2225209339563146,1.2,11.861595383506387,1421,120.53622056745714,165.95595207618575
2025-01-11T09:15:00,2025-01-11,5,1,9.25,0.659345815100069,-0.7518398074789773,-0.9749279121818235,-0.2225209339563146,1.2,12.339566211555685,1421,102.83815675848332,157.18604806715132
2025-01-11T09:30:00,2025-01-11,5,1,9.5,0.6087614290087209,-0.7933533402912349,-0.9749279121818235,-0.2225209339563146,1.2,12.70127640648228,1421,97.35306793192885,150.5187692065816
2025-01-11T09:45:00,2025-01-11,5,1,9.75,0.5555702330196025,-0.831469612302545,-0.9749279121818235,-0.2225209339563146,1.2,12.32476759674263,1421,79.8707105400166,136.5969436887654
2025-01-11T10:00:00,2025-01-11,5,1,10.0,0.49999999999999994,-0.8660254037844387,-0.9749279121818235,-0.2225209339563146,1.0,13.33798475232822,1421,71.28230474291516,131.75295391894446
2025-01-11T10:15:00,2025-01-11,5,1,10.25,0.4422886902190017,-0.8968727415326881,-0.9749279121818235,-0.2225209339563146,1.0,12.057788844425211,1421,68.08958163078701,128.1244213102488
2025-01-11T10:30:00,2025-01-11,5,1,10.5,0.38268343236508984,-0.9238795325112867,-0.9749279121818235,-0.2225209339563146,1.0,13.25121711569652,1421,61.25591807734086,123.1684110800698
2025-01-11T10:45:00,2025-01-11,5,1,10.75,0.32143946530316175,-0.9469301294951056,-0.9749279121818235,-0.2225209339563146,1.0,12.94290820775928,1421,59.25591807734086,106.0278009655467
2025-01-11T11:00:00,2025-01-11,5,1,11.0,0.258819045102521,-0.9659258262890682,-0.9749279121818235,-0.2225209339563146,1.0,13.388739532402026,1421,54.43417894690607,104.9780947375796
2025-01-11T11:15:00,2025-01-11,5,1,11.25,0.19509032201612816,-0.9807852804032304,-0.9749279121818235,-0.2225209339563146,1.0,14.167683753755524,1421,47.43417894690607,95.48518855908989
2025-01-11T11:30:00,2025-01-11,5,1,11.5,0.130526192220052,-0.9914448613738104,-0.9749279121818235,-0.2225209339563146,1.0,13.403715053189464,1421,45.43417894690607,109.36823203735071
2025-01-11T11:45:00,2025-01-11,5,1,11.75,0.06540312923014312,-0.9978589232386035,-0.9749279121818235,-0.2225209339563146,1.0,13.374026515451524,1421,42.82933704967287,109.36823203735071
2025-01-11T12:00:00,2025-01-11,5,1,12.0,1.2246467991473532e-16,-1.0,-0.9749279121818235,-0.2225209339563146,1.0,13.851326588514166,1421,35.141024154838234,93.74587178890354
2025-01-11T12:15:00,2025-01-11,5,1,12.25,-0.06540312923014287,-0.9978589232386035,-0.9749279121818235,-0.2225209339563146,1.0,13.826618362173027,1421,41.49330411242042,99.7458717889035
2025-01-11T12:30:00,2025-01-11,5,1,12.5,-0.13052619222005177,-0.9914448613738104,-0.9749279121818235,-0.2225209339563146,1.0,13.275099859685504,1421,51.42038533924887,105.7575422694527
2025-01-11T12:45:00,2025-01-11,5,1,12.75,-0.19509032201612794,-0.9807852804032305,-0.9749279121818235,-0.2225209339563146,1.0,13.861890182605025,1421,50.143658996537866,109.83797705206138
2025-01-11T13:00:00,2025-01-11,5,1,13.0,-0.2588190451025208,-0.9659258262890683,-0.9749279121818235,-0.2225209339563146,1.0,15.135400389232645,1421,74.62697101699823,121.61233987065205
2025-01-11T13:15:00,2025-01-11,5,1,13.25,-0.32143946530316153,-0.9469301294951057,-0.9749279121818235,-0.2225209339563146,1.0,14.780001250496024,1421,111.53697950610028,156.36182227230842
2025-01-11T13:30:00,2025-01-11,5,1,13.5,-0.38268343236508967,-0.9238795325112867,-0.9749279121818235,-0.2225209339563146,1.0,16.161256712036582,1421,143.64070150873533,185.48477377732527
2025-01-11T13:45:00,2025-01-11,5,1,13.75,-0.4422886902190015,-0.8968727415326883,-0.9749279121818235,-0.2225209339563146,1.0,16.1070175075613,1421,176.95139082794125,209.36948392225293
2025-01-11T14:00:00,2025-01-11,5,1,14.0,-0.4999999999999998,-0.8660254037844388,-0.9749279121818235,-0.2225209339563146,1.0,16.549811020698733,1421,174.98269517576733,206.80197404082995
2025-01-11T14:15:00,2025-01-11,5,1,14.25,-0.555570233019602,-0.8314696123025455,-0.9749279121818235,-0.2225209339563146,1.0,18.108503975618472,1421,197.63742204310287,230.3619015770619
2025-01-11T14:30:00,2025-01-11,5,1,14.5,-0.6087614290087207,-0.7933533402912352,-0.9749279121818235,-0.2225209339563146,1.0,17.067294379347647,1421,188.80872829787026,298.1568739718166
2025-01-11T14:45:00,2025-01-11,5,1,14.75,-0.6593458151000688,-0.7518398074789774,-0.9749279121818235,-0.2225209339563146,1.0,18.33301144079929,1421,223.4763395815141,408.38110512843895
2025-01-11T15:00:00,2025-01-11,5,1,15.0,-0.7071067811865471,-0.7071067811865479,-0.9749279121818235,-0.2225209339563146,1.0,18.496262045267965,1421,354.34188367395257,539.6220919643846
2025-01-11T15:15:00,2025-01-11,5,1,15.25,-0.7518398074789773,-0.6593458151000691,-0.9749279121818235,-0.2225209339563146,1.0,18.916543141802098,1421,509.33591477382754,708.1957116029115
2025-01-11T15:30:00,2025-01-11,5,1,15.5,-0.7933533402912349,-0.6087614290087209,-0.9749279121818235,-0.2225209339563146,1.0,18.20729417787234,1421,630.0176432663777,729.9866370875053
2025-01-11T15:45:00,2025-01-11,5,1,15.75,-0.8314696123025452,-0.5555702330196022,-0.9749279121818235,-0.2225209339563146,1.0,18.801395836465556,1421,691.3016021066935,733.2354012508782
2025-01-11T16:00:00,2025-01-11,5,1,16.0,-0.8660254037844384,-0.5000000000000004,-0.9749279121818235,-0.2225209339563146,1.0,19.332598297091394,1421,615.6650682717162,699.6269726627527
2025-01-11T16:15:00,2025-01-11,5,1,16.25,-0.8968727415326883,-0.44228869021900136,-0.9749279121818235,-0.2225209339563146,1.0,19.334098907026462,1421,671.4292311047225,777.8250051927215
2025-01-11T16:30:00,2025-01-11,5,1,16.5,-0.9238795325112868,-0.3826834323650895,-0.9749279121818235,-0.2225209339563146,1.0,19.669443488032183,1421,685.3564748729043,821.4399522150092
2025-01-11T16:45:00,2025-01-11,5,1,16.75,-0.9469301294951056,-0.3214394653031618,-0.9749279121818235,-0.2225209339563146,1.0,20.734924777266304,1421,694.1369967175093,844.9501770668213
2025-01-11T17:00:00,2025-01-11,5,1,17.0,-0.9659258262890683,-0.25881904510252063,-0.9749279121818235,-0.2225209339563146,1.0,21.418820485595557,1421,752.7767198023956,850.3909852186015
2025-01-11T17:15:00,2025-01-11,5,1,17.25,-0.9807852804032303,-0.19509032201612866,-0.9749279121818235,-0.2225209339563146,1.0,21.76470001040148,1421,742.412813472153,870.9026685661895
2025-01-11T17:30:00,2025-01-11,5,1,17.5,-0.9914448613738104,-0.13052619222005163,-0.9749279121818235,-0.2225209339563146,1.0,22.829804551970565,1421,747.0731424710881,847.3980998981423
2025-01-11T17:45:00,2025-01-11,5,1,17.75,-0.9978589232386035,-0.06540312923014273,-0.9749279121818235,-0.2225209339563146,1.0,21.65183076770563,1421,758.6758453696389,848.0182451550598
2025-01-11T18:00:00,2025-01-11,5,1,18.0,-1.0,-1.8369701987210297e-16,-0.9749279121818235,-0.2225209339563146,1.7,22.248160481028027,1421,746.4103271340755,375.40563550081265
2025-01-11T18:15:00,2025-01-11,5,1,18.25,-0.9978589232386036,0.06540312923014237,-0.9749279121818235,-0.2225209339563146,1.7,21.858797339333606,1421,762.6506475022983,371.55032585928836
2025-01-11T18:30:00,2025-01-11,5,1,18.5,-0.9914448613738105,0.13052619222005124,-0.9749279121818235,-0.2225209339563146,1.7,23.149659653404086,1421,768.4845040062063,359.1690614353066
2025-01-11T18:45:00,2025-01-11,5,1,18.75,-0.9807852804032304,0.19509032201612828,-0.9749279121818235,-0.2225209339563146,1.7,23.216616742450835,1421,796.0963385703835,360.15253632394456
2025-01-11T19:00:00,2025-01-11,5,1,19.0,-0.9659258262890684,0.2588190451025203,-0.9749279121818235,-0.2225209339563146,1.7,23.462972219439383,1421,805.8906240426548,359.1176883518683
2025-01-11T19:15:00,2025-01-11,5,1,19.25,-0.9469301294951057,0.3214394653031615,-0.9749279121818235,-0.2225209339563146,1.7,24.070196676689058,1421,780.363174897597,372.8956039208419
2025-01-11T19:30:00,2025-01-11,5,1,19.5,-0.923879532511287,0.38268343236508917,-0.9749279121818235,-0.2225209339563146,1.7,23.10102803236764,1421,797.8409468840645,377.70854221088365
2025-01-11T19:45:00,2025-01-11,5,1,19.75,-0.8968727415326885,0.4422886902190011,-0.9749279121818235,-0.2225209339563146,1.7,22.688228995952,1421,795.6397409076027,370.9294691139936
2025-01-11T20:00:00,2025-01-11,5,1,20.0,-0.8660254037844386,0.5,-0.9749279121818235,-0.2225209339563146,1.7,25.256353944363596,1421,798.7886979469404,374.662858315372
2025-01-11T20:15:00,2025-01-11,5,1,20.25,-0.8314696123025456,0.5555702330196018,-0.9749279121818235,-0.2225209339563146,1.7,23.312643061119267,1421,862.5228732402462,400.02564731006885
2025-01-11T20:30:00,2025-01-11,5,1,20.5,-0.7933533402912357,0.6087614290087199,-0.9749279121818235,-0.2225209339563146,1.7,23.662434566219055,1421,907.6166035316938,402.798903907833
2025-01-11T20:45:00,2025-01-11,5,1,20.75,-0.7518398074789773,0.6593458151000691,-0.9749279121818235,-0.2225209339563146,1.7,23.259737210861157,1421,911.5451837196217,463.65010507949455
2025-01-11T21:00:00,2025-01-11,5,1,21.0,-0.7071067811865477,0.7071067811865475,-0.9749279121818235,-0.2225209339563146,1.7,23.680063049441454,1421,1034.0893805795251,498.5139025260094
2025-01-11T21:15:00,2025-01-11,5,1,21.25,-0.6593458151000687,0.7518398074789775,-0.9749279121818235,-0.2225209339563146,1.0,23.02885471993948,1421,1078.2381218480452,1058.8773240545897
2025-01-11T21:30:00,2025-01-11,5,1,21.5,-0.6087614290087209,0.7933533402912349,-0.9749279121818235,-0.2225209339563146,1.0,24.024257490898922,1421,1042.3412140045393,1043.802674139288
2025-01-11T21:45:00,2025-01-11,5,1,21.75,-0.555570233019603,0.8314696123025447,-0.9749279121818235,-0.2225209339563146,1.0,23.774419718828074,1421,1065.2078770878327,1010.1592625689744
2025-01-11T22:00:00,2025-01-11,5,1,22.0,-0.5000000000000004,0.8660254037844384,-0.9749279121818235,-0.2225209339563146,1.0,23.22727679968396,1421,1022.0705221278901,984.2213104857706
2025-01-11T22:15:00,2025-01-11,5,1,22.25,-0.4422886902190014,0.8968727415326883,-0.9749279121818235,-0.2225209339563146,1.0,23.21771326029274,1421,1030.0469577454128,1004.3239136072865
2025-01-11T22:30:00,2025-01-11,5,1,22.5,-0.38268343236508956,0.9238795325112868,-0.9749279121818235,-0.2225209339563146,1.0,24.07729393249186,1421,1023.3295404243979,1003.0575920743769
2025-01-11T22:45:00,2025-01-11,5,1,22.75,-0.32143946530316186,0.9469301294951056,-0.9749279121818235,-0.2225209339563146,1.0,23.376858785568377,1421,1050.4788367031542,1031.6023188089955
2025-01-11T23:00:00,2025-01-11,5,1,23.0,-0.2588190451025215,0.9659258262890681,-0.9749279121818235,-0.2225209339563146,1.0,24.042513317111656,1421,1030.8041088469083,1074.9840349536114
2025-01-11T23:15:00,2025-01-11,5,1,23.25,-0.19509032201612872,0.9807852804032303,-0.9749279121818235,-0.2225209339563146,1.0,23.905636179710765,1421,1098.3565490052752,1082.805499600076
2025-01-11T23:30:00,2025-01-11,5,1,23.5,-0.13052619222005168,0.9914448613738104,-0.9749279121818235,-0.2225209339563146,1.0,23.27495460598368,1421,1108.069128506718,1195.828017470101
2025-01-11T23:45:00,2025-01-11,5,1,23.75,-0.0654031292301428,0.9978589232386035,-0.9749279121818235,-0.2225209339563146,1.0,23.43028788986151,1421,1195.0320762667923,1255.0960223334016
2025-01-12T00:00:00,2025-01-12,6,1,0.0,0.0,1.0,-0.7818314824680299,0.6234898018587334,1.0,22.612239138018822,1582,59.171650253350776,174.5473120294322
2025-01-12T00:15:00,2025-01-12,6,1,0.25,0.06540312923014306,0.9978589232386035,-0.7818314824680299,0.6234898018587334,1.0,22.167787832831152,1582,156.18867854347968,260.6986968663428
2025-01-12T00:30:00,2025-01-12,6,1,0.5,0.13052619222005157,0.9914448613738104,-0.7818314824680299,0.6234898018587334,1.0,21.640336225372742,1582,177.28187012950485,290.9475167421193
2025-01-12T00:45:00,2025-01-12,6,1,0.75,0.19509032201612825,0.9807852804032304,-0.7818314824680299,0.6234898018587334,1.0,21.35712190954823,1582,217.34444661903788,342.5661314607337
2025-01-12T01:00:00,2025-01-12,6,1,1.0,0.25881904510252074,0.9659258262890683,-0.7818314824680299,0.6234898018587334,1.0,21.169580697407053,1582,252.96174475568387,384.53602715630075
2025-01-12T01:15:00,2025-01-12,6,1,1.25,0.3214394653031616,0.9469301294951057,-0.7818314824680299,0.6234898018587334,1.0,21.39165332087389,1582,327.3195453921622,451.8140771462827
2025-01-12T01:30:00,2025-01-12,6,1,1.5,0.3826834323650898,0.9238795325112867,-0.7818314824680299,0.6234898018587334,1.0,21.107734540803193,1582,384.27836489580903,485.54159759684666
2025-01-12T01:45:00,2025-01-12,6,1,1.75,0.44228869021900125,0.8968727415326884,-0.7818314824680299,0.6234898018587334,1.0,21.05923005481388,1582,463.8820552705095,529.7927988721477
2025-01-12T02:00:00,2025-01-12,6,1,2.0,0.49999999999999994,0.8660254037844387,-0.7818314824680299,0.6234898018587334,1.0,18.65921624802671,1582,466.04022720726846,553.0550437114324
2025-01-12T02:15:00,2025-01-12,6,1,2.25,0.5555702330196022,0.8314696123025452,-0.7818314824680299,0.6234898018587334,1.0,18.57350075160339,1582,474.88958213764647,584.3210158782427
2025-01-12T02:30:00,2025-01-12,6,1,2.5,0.6087614290087207,0.7933533402912352,-0.7818314824680299,0.6234898018587334,1.0,18.650293510356445,1582,481.15991291343494,606.0534692943922
2025-01-12T02:45:00,2025-01-12,6,1,2.75,0.6593458151000688,0.7518398074789774,-0.7818314824680299,0.6234898018587334,1.0,17.410934281110414,1582,496.55335164861293,633.5019489355238
2025-01-12T03:00:00,2025-01-12,6,1,3.0,0.7071067811865475,0.7071067811865476,-0.7818314824680299,0.6234898018587334,1.0,18.296008976352226,1582,495.5260000268048,622.4766704171659
2025-01-12T03:15:00,2025-01-12,6,1,3.25,0.7518398074789774,0.659345815100069,-0.7818314824680299,0.6234898018587334,1.0,17.690188202600392,1582,451.29763971561846,589.3664885592323
2025-01-12T03:30:00,2025-01-12,6,1,3.5,0.793353340291235,0.6087614290087208,-0.7818314824680299,0.6234898018587334,1.0,17.37378203773343,1582,467.59161665868106,536.6020204920471
2025-01-12T03:45:00,2025-01-12,6,1,3.75,0.8314696123025451,0.5555702330196024,-0.7818314824680299,0.6234898018587334,1.0,16.706151598515273,1582,533.6396006966161,610.1965011683754
2025-01-12T04:00:00,2025-01-12,6,1,4.0,0.8660254037844386,0.5000000000000001,-0.7818314824680299,0.6234898018587334,1.0,17.21653960694051,1582,534.69085234352,634.8567603212665
2025-01-12T04:15:00,2025-01-12,6,1,4.25,0.8968727415326884,0.44228869021900125,-0.7818314824680299,0.6234898018587334,1.0,15.791888846846922,1582,520.4001277058386,632.9500743775383
2025-01-12T04:30:00,2025-01-12,6,1,4.5,0.9238795325112867,0.38268343236508984,-0.7818314824680299,0.6234898018587334,1.0,16.290836162881842,1582,504.0704505525453,578.9972786975749
2025-01-12T04:45:00,2025-01-12,6,1,4.75,0.9469301294951056,0.3214394653031617,-0.7818314824680299,0.6234898018587334,1.0,15.215283504727578,1582,465.64760954170066,552.6674368003418
2025-01-12T05:00:00,2025-01-12,6,1,5.0,0.9659258262890683,0.25881904510252074,-0.7818314824680299,0.6234898018587334,1.0,14.740996254059105,1582,412.5238185424635,504.87954170027274
2025-01-12T05:15:00,2025-01-12,6,1,5.25,0.9807852804032304,0.1950903220161283,-0.7818314824680299,0.6234898018587334,1.0,14.537776722573344,1582,374.5685390393579,448.75251658983325
2025-01-12T05:30:00,2025-01-12,6,1,5.5,0.9914448613738104,0.1305261922200517,-0.7818314824680299,0.6234898018587334,1.0,14.292268468714143,1582,353.7702254688703,398.4958998370207
2025-01-12T05:45:00,2025-01-12,6,1,5.75,0.9978589232386035,0.06540312923014327,-0.7818314824680299,0.6234898018587334,1.0,14.259537543335242,1582,296.59217833697414,391.19795815310084
2025-01-12T06:00:00,2025-01-12,6,1,6.0,1.0,6.123233995736766e-17,-0.7818314824680299,0.6234898018587334,1.0,14.22278560589573,1582,291.2357666139673,382.7541465902672
2025-01-12T06:15:00,2025-01-12,6,1,6.25,0.9978589232386035,-0.06540312923014316,-0.7818314824680299,0.6234898018587334,1.0,13.88888294469543,1582,267.4344027423317,335.28404459294694
2025-01-12T06:30:00,2025-01-12,6,1,6.5,0.9914448613738104,-0.1305261922200516,-0.7818314824680299,0.6234898018587334,1.0,12.6195873530936,1582,296.08736253527394,336.36206459321767
2025-01-12T06:45:00,2025-01-12,6,1,6.75,0.9807852804032304,-0.1950903220161282,-0.7818314824680299,0.6234898018587334,1.0,12.91586150647057,1582,281.628355855679,331.6385387596728
2025-01-12T07:00:00,2025-01-12,6,1,7.0,0.9659258262890683,-0.25881904510252063,-0.7818314824680299,0.6234898018587334,1.2,12.955485576709492,1582,268.53297542089643,313.63853875967294
2025-01-12T07:15:00,2025-01-12,6,1,7.25,0.9469301294951057,-0.3214394653031616,-0.7818314824680299,0.6234898018587334,1.2,12.366201870270555,1582,250.92986983083432,301.21076072355726
2025-01-12T07:30:00,2025-01-12,6,1,7.5,0.9238795325112868,-0.3826834323650895,-0.7818314824680299,0.6234898018587334,1.2,12.901270523820632,1582,220.05775865436988,293.9302344235602
2025-01-12T07:45:00,2025-01-12,6,1,7.75,0.8968727415326884,-0.44228869021900113,-0.7818314824680299,0.6234898018587334,1.2,11.636793558841564,1582,189.43669204481748,286.2316154852287
2025-01-12T08:00:00,2025-01-12,6,1,8.0,0.8660254037844388,-0.4999999999999998,-0.7818314824680299,0.6234898018587334,1.2,12.035143782268298,1582,175.93789107807734,273.1852878140441
2025-01-12T08:15:00,2025-01-12,6,1,8.25,0.8314696123025451,-0.5555702330196023,-0.7818314824680299,0.6234898018587334,1.2,11.528764707622436,1582,168.0463681887284,268.0974617270877
2025-01-12T08:30:00,2025-01-12,6,1,8.5,0.7933533402912352,-0.6087614290087207,-0.7818314824680299,0.6234898018587334,1.2,12.50638962054286,1582,155.42477898333107,255.88847391940396
2025-01-12T08:45:00,2025-01-12,6,1,8.75,0.7518398074789774,-0.6593458151000688,-0.7818314824680299,0.6234898018587334,1.2,11.646077194194119,1582,139.97424068105363,225.83336381212004
2025-01-12T09:00:00,2025-01-12,6,1,9.0,0.7071067811865476,-0.7071067811865475,-0.7818314824680299,0.6234898018587334,1.2,11.75099779727076,1582,136.2342044491696,210.48861299398078
2025-01-12T09:15:00,2025-01-12,6,1,9.25,0.659345815100069,-0.7518398074789773,-0.7818314824680299,0.6234898018587334,1.2,12.27810434647885,1582,127.2342044491696,195.64439919862275
2025-01-12T09:30:00,2025-01-12,6,1,9.5,0.6087614290087209,-0.7933533402912349,-0.7818314824680299,0.6234898018587334,1.2,12.485450162481568,1582,129.606875256623,173.99119058226913
2025-01-12T09:45:00,2025-01-12,6,1,9.75,0.5555702330196025,-0.831469612302545,-0.7818314824680299,0.6234898018587334,1.2,12.193490244734257,1582,118.14962887981139,170.88473896936588
2025-01-12T10:00:00,2025-01-12,6,1,10.0,0.49999999999999994,-0.8660254037844387,-0.7818314824680299,0.6234898018587334,1.0,12.377289159628312,1582,116.15694081907986,172.74143904988122
2025-01-12T10:15:00,2025-01-12,6,1,10.25,0.4422886902190017,-0.8968727415326881,-0.7818314824680299,0.6234898018587334,1.0,11.78049978899655,1582,97.68145772729244,153.1755424804679
2025-01-12T10:30:00,2025-01-12,6,1,10.5,0.38268343236508984,-0.9238795325112867,-0.7818314824680299,0.6234898018587334,1.0,12.156204469545305,1582,84.12432162143233,150.51774820687302
2025-01-12T10:45:00,2025-01-12,6,1,10.75,0.32143946530316175,-0.9469301294951056,-0.7818314824680299,0.6234898018587334,1.0,12.062657636392967,1582,72.26296896442747,141.31616717920494
2025-01-12T11:00:00,2025-01-12,6,1,11.0,0.258819045102521,-0.9659258262890682,-0.7818314824680299,0.6234898018587334,1.0,13.278986717870803,1582,63.86356679051443,137.54899326616143
2025-01-12T11:15:00,2025-01-12,6,1,11.25,0.19509032201612816,-0.9807852804032304,-0.7818314824680299,0.6234898018587334,1.0,12.953685464733399,1582,54.49895326394439,125.94644454052415
2025-01-12T11:30:00,2025-01-12,6,1,11.5,0.130526192220052,-0.9914448613738104,-0.7818314824680299,0.6234898018587334,1.0,13.515972205427513,1582,52.06052409143387,118.66512844181675
2025-01-12T11:45:00,2025-01-12,6,1,11.75,0.06540312923014312,-0.9978589232386035,-0.7818314824680299,0.6234898018587334,1.0,12.354119129971021,1582,40.125120364725795,109.26464535002928
2025-01-12T12:00:00,2025-01-12,6,1,12.0,1.2246467991473532e-16,-1.0,-0.7818314824680299,0.6234898018587334,1.0,13.312335237709604,1582,34.238884605600006,105.57388448046406
2025-01-12T12:15:00,2025-01-12,6,1,12.25,-0.06540312923014287,-0.9978589232386035,-0.7818314824680299,0.6234898018587334,1.0,14.27931262858711,1582,40.23888460560001,99.65473334174769
2025-01-12T12:30:00,2025-01-12,6,1,12.5,-0.13052619222005177,-0.9914448613738104,-0.7818314824680299,0.6234898018587334,1.0,14.902347784662442,1582,64.5037407541518,105.65473334174774
2025-01-12T12:45:00,2025-01-12,6,1,12.75,-0.19509032201612794,-0.9807852804032305,-0.7818314824680299,0.6234898018587334,1.0,13.888816751625509,1582,90.15504510197789,105.62533067821462
2025-01-12T13:00:00,2025-01-12,6,1,13.0,-0.2588190451025208,-0.9659258262890683,-0.7818314824680299,0.6234898018587334,1.0,15.643600165026788,1582,89.55162150360339,113.85250459125812
2025-01-12T13:15:00,2025-01-12,6,1,13.25,-0.32143946530316153,-0.9469301294951057,-0.7818314824680299,0.6234898018587334,1.0,14.874148254297483,1582,130.1969631185102,134.2154739954449
2025-01-12T13:30:00,2025-01-12,6,1,13.5,-0.38268343236508967,-0.9238795325112867,-0.7818314824680299,0.6234898018587334,1.0,15.52317304197977,1582,156.0500790605392,184.77107531759117
2025-01-12T13:45:00,2025-01-12,6,1,13.75,-0.4422886902190015,-0.8968727415326883,-0.7818314824680299,0.6234898018587334,1.0,16.21638380669795,1582,183.25301054934025,222.84088462346443
2025-01-12T14:00:00,2025-01-12,6,1,14.0,-0.4999999999999998,-0.8660254037844388,-0.7818314824680299,0.6234898018587334,1.0,17.39645352845225,1582,182.6028812673903,197.49670176097874
2025-01-12T14:15:00,2025-01-12,6,1,14.25,-0.555570233019602,-0.8314696123025455,-0.7818314824680299,0.6234898018587334,1.0,16.710390529591425,1582,223.10444527705212,215.10145172116347
2025-01-12T14:30:00,2025-01-12,6,1,14.5,-0.6087614290087207,-0.7933533402912352,-0.7818314824680299,0.6234898018587334,1.0,16.90244099971938,1582,263.7878683666437,241.78444689024562
2025-01-12T14:45:00,2025-01-12,6,1,14.75,-0.6593458151000688,-0.7518398074789774,-0.7818314824680299,0.6234898018587334,1.0,18.631935388539734,1582,359.35809564359914,331.3755136837474
2025-01-12T15:00:00,2025-01-12,6,1,15.0,-0.7071067811865471,-0.7071067811865479,-0.7818314824680299,0.6234898018587334,1.0,19.235055788159244,1582,478.22051722296146,433.69927423796537
2025-01-12T15:15:00,2025-01-12,6,1,15.25,-0.7518398074789773,-0.6593458151000691,-0.7818314824680299,0.6234898018587334,1.0,18.356298957740805,1582,599.3489514952284,605.1062649404248
2025-01-12T15:30:00,2025-01-12,6,1,15.5,-0.7933533402912349,-0.6087614290087209,-0.7818314824680299,0.6234898018587334,1.0,19.497751892951317,1582,679.2512776642332,691.2796062216731
2025-01-12T15:45:00,2025-01-12,6,1,15.75,-0.8314696123025452,-0.5555702330196022,-0.7818314824680299,0.6234898018587334,1.0,19.60282249616172,1582,734.8011538514276,775.9573557693325
2025-01-12T16:00:00,2025-01-12,6,1,16.0,-0.8660254037844384,-0.5000000000000004,-0.7818314824680299,0.6234898018587334,1.0,19.86926086995456,1582,760.8238317539458,760.8266559406752
2025-01-12T16:15:00,2025-01-12,6,1,16.25,-0.8968727415326883,-0.44228869021900136,-0.7818314824680299,0.6234898018587334,1.0,19.920884447998553,1582,833.3360810045526,872.6218554337498
2025-01-12T16:30:00,2025-01-12,6,1,16.5,-0.9238795325112868,-0.3826834323650895,-0.7818314824680299,0.6234898018587334,1.0,20.253527044346423,1582,879.6353652445644,941.2622207225421
2025-01-12T16:45:00,2025-01-12,6,1,16.75,-0.9469301294951056,-0.3214394653031618,-0.7818314824680299,0.6234898018587334,1.0,19.988070496077324,1582,907.009171004022,953.4270278705766
2025-01-12T17:00:00,2025-01-12,6,1,17.0,-0.9659258262890683,-0.25881904510252063,-0.7818314824680299,0.6234898018587334,1.0,20.869194810624442,1582,924.2370925229219,926.4770423005907
2025-01-12T17:15:00,2025-01-12,6,1,17.25,-0.9807852804032303,-0.19509032201612866,-0.7818314824680299,0.6234898018587334,1.0,20.550449215397403,1582,904.0210379236521,924.0223139874386
2025-01-12T17:30:00,2025-01-12,6,1,17.5,-0.9914448613738104,-0.13052619222005163,-0.7818314824680299,0.6234898018587334,1.0,21.506995327590708,1582,889.788637508151,987.7812476986552
2025-01-12T17:45:00,2025-01-12,6,1,17.75,-0.9978589232386035,-0.06540312923014273,-0.7818314824680299,0.6234898018587334,1.0,21.78984003703394,1582,837.5109314222841,1003.7101482231878
2025-01-12T18:00:00,2025-01-12,6,1,18.0,-1.0,-1.8369701987210297e-16,-0.7818314824680299,0.6234898018587334,1.7,22.437736455655347,1582,835.8071040178042,463.94322943771044
2025-01-12T18:15:00,2025-01-12,6,1,18.25,-0.9978589232386036,0.06540312923014237,-0.7818314824680299,0.6234898018587334,1.7,22.29621674818563,1582,872.9270458408416,427.36584527596466
2025-01-12T18:30:00,2025-01-12,6,1,18.5,-0.9914448613738105,0.13052619222005124,-0.7818314824680299,0.6234898018587334,1.7,23.127267398161102,1582,877.3794001872625,405.6860687059163
2025-01-12T18:45:00,2025-01-12,6,1,18.75,-0.9807852804032304,0.19509032201612828,-0.7818314824680299,0.6234898018587334,1.7,22.813159636874538,1582,902.8707915892676,387.49588527681345
2025-01-12T19:00:00,2025-01-12,6,1,19.0,-0.9659258262890684,0.2588190451025203,-0.7818314824680299,0.6234898018587334,1.7,24.542423679508776,1582,909.2462495371169,402.00097838973676
2025-01-12T19:15:00,2025-01-12,6,1,19.25,-0.9469301294951057,0.3214394653031615,-0.7818314824680299,0.6234898018587334,1.7,22.72082046962527,1582,855.6116824268665,415.3570645135196
2025-01-12T19:30:00,2025-01-12,6,1,19.5,-0.923879532511287,0.38268343236508917,-0.7818314824680299,0.6234898018587334,1.7,23.3028927576176,1582,792.0640243869661,411.7322807062972
2025-01-12T19:45:00,2025-01-12,6,1,19.75,-0.8968727415326885,0.4422886902190011,-0.7818314824680299,0.6234898018587334,1.7,22.83890043061047,1582,745.7903284210962,404.2965022124574
2025-01-12T20:00:00,2025-01-12,6,1,20.0,-0.8660254037844386,0.5,-0.7818314824680299,0.6234898018587334,1.7,23.572023899719685,1582,820.5065465025318,434.7655302131244
2025-01-12T20:15:00,2025-01-12,6,1,20.25,-0.8314696123025456,0.5555702330196018,-0.7818314824680299,0.6234898018587334,1.7,23.081278619437374,1582,825.6707469692291,447.2099090236361
2025-01-12T20:30:00,2025-01-12,6,1,20.5,-0.7933533402912357,0.6087614290087199,-0.7818314824680299,0.6234898018587334,1.7,23.591389662522428,1582,885.264037158572,453.5884122371745
2025-01-12T20:45:00,2025-01-12,6,1,20.75,-0.7518398074789773,0.6593458151000691,-0.7818314824680299,0.6234898018587334,1.7,24.328892650814744,1582,932.9245184917662,467.4366668991791
2025-01-12T21:00:00,2025-01-12,6,1,21.0,-0.7071067811865477,0.7071067811865475,-0.7818314824680299,0.6234898018587334,1.7,24.322928436835515,1582,1046.5444036858619,481.81466115485233
2025-01-12T21:15:00,2025-01-12,6,1,21.25,-0.6593458151000687,0.7518398074789775,-0.7818314824680299,0.6234898018587334,1.0,23.62565276443752,1582,1115.0650234714924,1105.8758171189186
2025-01-12T21:30:00,2025-01-12,6,1,21.5,-0.6087614290087209,0.7933533402912349,-0.7818314824680299,0.6234898018587334,1.0,23.512096719838244,1582,1141.5085384347897,1103.1754599579224
2025-01-12T21:45:00,2025-01-12,6,1,21.75,-0.555570233019603,0.8314696123025447,-0.7818314824680299,0.6234898018587334,1.0,24.8279208943877,1582,1110.1328425603444,1065.6846574856945
2025-01-12T22:00:00,2025-01-12,6,1,22.0,-0.5000000000000004,0.8660254037844384,-0.7818314824680299,0.6234898018587334,1.0,23.12935843843014,1582,1077.4726408153142,1107.5264618335207
2025-01-12T22:15:00,2025-01-12,6,1,22.25,-0.4422886902190014,0.8968727415326883,-0.7818314824680299,0.6234898018587334,1.0,24.652478829325837,1582,1041.6307524328229,1057.6881717902302
2025-01-12T22:30:00,2025-01-12,6,1,22.5,-0.38268343236508956,0.9238795325112868,-0.7818314824680299,0.6234898018587334,1.0,23.515623061131212,1582,1096.7023880704187,1074.9939527040349
2025-01-12T22:45:00,2025-01-12,6,1,22.75,-0.32143946530316186,0.9469301294951056,-0.7818314824680299,0.6234898018587334,1.0,23.618686564195603,1582,1154.3305568964774,1116.2473935385633
2025-01-12T23:00:00,2025-01-12,6,1,23.0,-0.2588190451025215,0.9659258262890681,-0.7818314824680299,0.6234898018587334,1.0,22.731719080037223,1582,1178.7140900715335,1203.4964941499802
2025-01-12T23:15:00,2025-01-12,6,1,23.25,-0.19509032201612872,0.9807852804032303,-0.7818314824680299,0.6234898018587334,1.0,23.289797216847347,1582,1193.0194993739344,1202.3123792172955
2025-01-12T23:30:00,2025-01-12,6,1,23.5,-0.13052619222005168,0.9914448613738104,-0.7818314824680299,0.6234898018587334,1.0,22.985654725529642,1582,1266.5387952330404,1233.9128271751351
2025-01-12T23:45:00,2025-01-12,6,1,23.75,-0.0654031292301428,0.9978589232386035,-0.7818314824680299,0.6234898018587334,1.0,22.50329005134113,1582,1433.0201973494416,1263.5938899770672
2025-01-13T00:00:00,2025-01-13,0,0,0.0,0.0,1.0,0.0,1.0,1.0,23.742068555158216,1654,49.67362845849803,143.12859779253606
2025-01-13T00:15:00,2025-01-13,0,0,0.25,0.06540312923014306,0.9978589232386035,0.0,1.0,1.0,22.974749548077245,1654,97.2924182502512,207.78847703215646
2025-01-13T00:30:00,2025-01-13,0,0,0.5,0.13052619222005157,0.9914448613738104,0.0,1.0,1.0,22.22302903111751,1654,115.8589090305583,260.3159480347893
2025-01-13T00:45:00,2025-01-13,0,0,0.75,0.19509032201612825,0.9807852804032304,0.0,1.0,1.0,21.88222487525138,1654,137.86380033490607,283.25527337212066
2025-01-13T01:00:00,2025-01-13,0,0,1.0,0.25881904510252074,0.9659258262890683,0.0,1.0,1.0,21.06560924021379,1654,172.21748653528414,316.2187999421693
2025-01-13T01:15:00,2025-01-13,0,0,1.25,0.3214394653031616,0.9469301294951057,0.0,1.0,1.0,21.47923941171668,1654,258.247258792013,396.7356640472318
2025-01-13T01:30:00,2025-01-13,0,0,1.5,0.3826834323650898,0.9238795325112867,0.0,1.0,1.0,21.463028088243462,1654,338.63035432771716,435.3490017406149
2025-01-13T01:45:00,2025-01-13,0,0,1.75,0.44228869021900125,0.8968727415326884,0.0,1.0,1.0,20.624884395379375,1654,356.7332629649737,529.5867275218055
2025-01-13T02:00:00,2025-01-13,0,0,2.0,0.49999999999999994,0.8660254037844387,0.0,1.0,1.0,19.93662768017321,1654,451.10677429869185,512.3536925951695
2025-01-13T02:15:00,2025-01-13,0,0,2.25,0.5555702330196022,0.8314696123025452,0.0,1.0,1.0,19.804042376777602,1654,505.47065792311884,560.1213488157606
2025-01-13T02:30:00,2025-01-13,0,0,2.5,0.6087614290087207,0.7933533402912352,0.0,1.0,1.0,19.757865619978645,1654,524.8315500815429,583.1495494074394
2025-01-13T02:45:00,2025-01-13,0,0,2.75,0.6593458151000688,0.7518398074789774,0.0,1.0,1.0,19.143402527013432,1654,502.032322910466,569.2015586301007
2025-01-13T03:00:00,2025-01-13,0,0,3.0,0.7071067811865475,0.7071067811865476,0.0,1.0,1.0,19.78183940652084,1654,507.9486277689663,583.8205140225344
2025-01-13T03:15:00,2025-01-13,0,0,3.25,0.7518398074789774,0.659345815100069,0.0,1.0,1.0,18.72133562760686,1654,446.7016656730911,531.1525542734172
2025-01-13T03:30:00,2025-01-13,0,0,3.5,0.793353340291235,0.6087614290087208,0.0,1.0,1.0,18.025943879217106,1654,464.64810741975026,546.6470135822246
2025-01-13T03:45:00,2025-01-13,0,0,3.75,0.8314696123025451,0.5555702330196024,0.0,1.0,1.0,17.22723329882751,1654,494.5356345303208,560.5813344588471
2025-01-13T04:00:00,2025-01-13,0,0,4.0,0.8660254037844386,0.5000000000000001,0.0,1.0,1.0,16.51189498982567,1654,458.18222140400485,544.6088942179285
2025-01-13T04:15:00,2025-01-13,0,0,4.25,0.8968727415326884,0.44228869021900125,0.0,1.0,1.0,16.723617258946394,1654,437.3979767549977,541.6798362469142
2025-01-13T04:30:00,2025-01-13,0,0,4.5,0.9238795325112867,0.38268343236508984,0.0,1.0,1.0,16.296969340803557,1654,454.0591568792213,557.7141203118223
2025-01-13T04:45:00,2025-01-13,0,0,4.75,0.9469301294951056,0.3214394653031617,0.0,1.0,1.0,15.835918426824493,1654,396.9921893153841,521.6145511508247
2025-01-13T05:00:00,2025-01-13,0,0,5.0,0.9659258262890683,0.25881904510252074,0.0,1.0,1.0,15.601314576482997,1654,381.73131975016673,474.658015729724
2025-01-13T05:15:00,2025-01-13,0,0,5.25,0.9807852804032304,0.1950903220161283,0.0,1.0,1.0,14.068898115880334,1654,343.74653714147115,422.0617805518585
2025-01-13T05:30:00,2025-01-13,0,0,5.5,0.9914448613738104,0.1305261922200517,0.0,1.0,1.0,15.301443060599842,1654,313.26064687232,382.6004064528118
2025-01-13T05:45:00,2025-01-13,0,0,5.75,0.9978589232386035,0.06540312923014327,0.0,1.0,1.0,15.0683088449402,1654,320.8905465378719,382.34459489567473
2025-01-13T06:00:00,2025-01-13,0,0,6.0,1.0,6.123233995736766e-17,0.0,1.0,1.0,14.026495927307199,1654,355.54981154822383,379.88056798056095
2025-01-13T06:15:00,2025-01-13,0,0,6.25,0.9978589232386035,-0.06540312923014316,0.0,1.0,1.0,13.011673136357679,1654,338.09224800307334,354.3799918118778
2025-01-13T06:30:00,2025-01-13,0,0,6.5,0.9914448613738104,-0.1305261922200516,0.0,1.0,1.0,13.577123887294976,1654,340.67680067865854,350.6477454350662
2025-01-13T06:45:00,2025-01-13,0,0,6.75,0.9807852804032304,-0.1950903220161282,0.0,1.0,1.0,14.160663730336292,1654,312.95629435892846,345.8421525496907
2025-01-13T07:00:00,2025-01-13,0,0,7.0,0.9659258262890683,-0.25881904510252063,0.0,1.0,1.2,12.152429199915709,1654,278.1144260098862,303.8880462694973
2025-01-13T07:15:00,2025-01-13,0,0,7.25,0.9469301294951057,-0.3214394653031616,0.0,1.0,1.2,13.485880582745603,1654,252.08603746606283,297.04393559756045
2025-01-13T07:30:00,2025-01-13,0,0,7.5,0.9238795325112868,-0.3826834323650895,0.0,1.0,1.2,12.438861284061286,1654,232.3516171762078,259.6883198223277
2025-01-13T07:45:00,2025-01-13,0,0,7.75,0.8968727415326884,-0.44228869021900113,0.0,1.0,1.2,12.813740885722178,1654,212.37467955806034,241.66751831004038
2025-01-13T08:00:00,2025-01-13,0,0,8.0,0.8660254037844388,-0.4999999999999998,0.0,1.0,1.2,13.190925073674265,1654,209.66899393933127,237.73959765498324
2025-01-13T08:15:00,2025-01-13,0,0,8.25,0.8314696123025451,-0.5555702330196023,0.0,1.0,1.2,11.780686853849405,1654,208.9336942852816,245.17657597033684
2025-01-13T08:30:00,2025-01-13,0,0,8.5,0.7933533402912352,-0.6087614290087207,0.0,1.0,1.2,12.709386450976043,1654,185.12082724054312,234.00188652934307
2025-01-13T08:45:00,2025-01-13,0,0,8.75,0.7518398074789774,-0.6593458151000688,0.0,1.0,1.2,12.15107666594691,1654,162.05725032439057,230.8219764843655
2025-01-13T09:00:00,2025-01-13,0,0,9.0,0.7071067811865476,-0.7071067811865475,0.0,1.0,1.2,12.480946926137523,1654,137.16355283892435,208.85129643977245
2025-01-13T09:15:00,2025-01-13,0,0,9.25,0.659345815100069,-0.7518398074789773,0.0,1.0,1.2,13.363771319770137,1654,109.00181370848956,194.85129643977245
2025-01-13T09:30:00,2025-01-13,0,0,9.5,0.6087614290087209,-0.7933533402912349,0.0,1.0,1.2,11.639166558075665,1654,107.91985131130978,183.31042687455508
2025-01-13T09:45:00,2025-01-13,0,0,9.75,0.5555702330196025,-0.831469612302545,0.0,1.0,1.2,12.136487480360477,1654,94.58644908203392,171.99645628631978
2025-01-13T10:00:00,2025-01-13,0,0,10.0,0.49999999999999994,-0.8660254037844387,0.0,1.0,1.0,13.59105666529099,1654,94.41652199588755,152.06916160032935
2025-01-13T10:15:00,2025-01-13,0,0,10.25,0.4422886902190017,-0.8968727415326881,0.0,1.0,1.0,12.065955792585362,1654,83.05801267911737,141.0880528367232
2025-01-13T10:30:00,2025-01-13,0,0,10.5,0.38268343236508984,-0.9238795325112867,0.0,1.0,1.0,12.434396034934464,1654,71.23854839340308,136.86334445920463
2025-01-13T10:45:00,2025-01-13,0,0,10.75,0.32143946530316175,-0.9469301294951056,0.0,1.0,1.0,13.000974561663833,1654,63.41548076055284,130.52134917777562
2025-01-13T11:00:00,2025-01-13,0,0,11.0,0.258819045102521,-0.9659258262890682,0.0,1.0,1.0,13.743557193659871,1654,47.04486119533545,127.52134917777558
2025-01-13T11:15:00,2025-01-13,0,0,11.25,0.19509032201612816,-0.9807852804032304,0.0,1.0,1.0,14.138092954637859,1654,36.73450060456565,115.57879986697115
2025-01-13T11:30:00,2025-01-13,0,0,11.5,0.130526192220052,-0.9914448613738104,0.0,1.0,1.0,13.41156867854683,1654,44.41638466253667,113.72976605054608
2025-01-13T11:45:00,2025-01-13,0,0,11.75,0.06540312923014312,-0.9978589232386035,0.0,1.0,1.0,13.672956670962941,1654,49.416384662536665,113.72976605054608
2025-01-13T12:00:00,2025-01-13,0,0,12.0,1.2246467991473532e-16,-1.0,0.0,1.0,1.0,14.82239027840035,1654,31.936895059512093,112.72976605054605
2025-01-13T12:15:00,2025-01-13,0,0,12.25,-0.06540312923014287,-0.9978589232386035,0.0,1.0,1.0,13.528836695810364,1654,42.323579842120786,107.41282579309863
2025-01-13T12:30:00,2025-01-13,0,0,12.5,-0.13052619222005177,-0.9914448613738104,0.0,1.0,1.0,13.285166241713151,1654,42.69025868757201,137.60863575102277
2025-01-13T12:45:00,2025-01-13,0,0,12.75,-0.19509032201612794,-0.9807852804032305,0.0,1.0,1.0,14.654296432382191,1654,36.698954339745924,156.2825688710429
2025-01-13T13:00:00,2025-01-13,0,0,13.0,-0.2588190451025208,-0.9659258262890683,0.0,1.0,1.0,15.613628987048942,1654,51.30135530592949,147.6398279607962
2025-01-13T13:15:00,2025-01-13,0,0,13.25,-0.32143946530316153,-0.9469301294951057,0.0,1.0,1.0,16.107292205861718,1654,83.96351746809167,179.35772896037338
2025-01-13T13:30:00,2025-01-13,0,0,13.5,-0.38268343236508967,-0.9238795325112867,0.0,1.0,1.0,16.667002270458735,1654,164.48953521206977,230.14769734490696
2025-01-13T13:45:00,2025-01-13,0,0,13.75,-0.4422886902190015,-0.8968727415326883,0.0,1.0,1.0,15.448572983416383,1654,199.5366366613451,260.8753253434376
2025-01-13T14:00:00,2025-01-13,0,0,14.0,-0.4999999999999998,-0.8660254037844388,0.0,1.0,1.0,16.9320474306167,1654,209.07359318308426,291.68956234258513
2025-01-13T14:15:00,2025-01-13,0,0,14.25,-0.555570233019602,-0.8314696123025455,0.0,1.0,1.0,17.25625694723712,1654,257.55405251843484,315.0463805244036
2025-01-13T14:30:00,2025-01-13,0,0,14.5,-0.6087614290087207,-0.7933533402912352,0.0,1.0,1.0,17.682200245344724,1654,301.91480978049646,366.0178371341553
2025-01-13T14:45:00,2025-01-13,0,0,14.75,-0.6593458151000688,-0.7518398074789774,0.0,1.0,1.0,18.145762289508305,1654,371.5008177225402,440.33622469000375
2025-01-13T15:00:00,2025-01-13,0,0,15.0,-0.7071067811865471,-0.7071067811865479,0.0,1.0,1.0,18.93469600351314,1654,454.59285363465676,524.0679727537882
2025-01-13T15:15:00,2025-01-13,0,0,15.25,-0.7518398074789773,-0.6593458151000691,0.0,1.0,1.0,18.49053315289753,1654,686.9215910868185,722.083772992197
2025-01-13T15:30:00,2025-01-13,0,0,15.5,-0.7933533402912349,-0.6087614290087209,0.0,1.0,1.0,18.462689510409533,1654,821.0203597227481,814.9180778840794
2025-01-13T15:45:00,2025-01-13,0,0,15.75,-0.8314696123025452,-0.5555702330196022,0.0,1.0,1.0,19.274788799962305,1654,837.1207004170257,913.7384055794556
2025-01-13T16:00:00,2025-01-13,0,0,16.0,-0.8660254037844384,-0.5000000000000004,0.0,1.0,1.0,20.510496783110586,1654,828.3782785355598,931.1308319095847
2025-01-13T16:15:00,2025-01-13,0,0,16.25,-0.8968727415326883,-0.44228869021900136,0.0,1.0,1.0,20.28936748184489,1654,860.4167271875709,979.2920504465056
2025-01-13T16:30:00,2025-01-13,0,0,16.5,-0.9238795325112868,-0.3826834323650895,0.0,1.0,1.0,21.47044905040906,1654,934.1447303081288,1001.9105230936144
2025-01-13T16:45:00,2025-01-13,0,0,16.75,-0.9469301294951056,-0.3214394653031618,0.0,1.0,1.0,20.691001172646384,1654,876.9325491360505,964.6163857806018
2025-01-13T17:00:00,2025-01-13,0,0,17.0,-0.9659258262890683,-0.25881904510252063,0.0,1.0,1.0,20.511217693039494,1654,921.2798423621482,1006.0158078181919
2025-01-13T17:15:00,2025-01-13,0,0,17.25,-0.9807852804032303,-0.19509032201612866,0.0,1.0,1.0,20.6358439201133,1654,925.9487107039511,965.0897052506829
2025-01-13T17:30:00,2025-01-13,0,0,17.5,-0.9914448613738104,-0.13052619222005163,0.0,1.0,1.0,23.39429641479267,1654,916.9991841073596,1003.7715872694814
2025-01-13T17:45:00,2025-01-13,0,0,17.75,-0.9978589232386035,-0.06540312923014273,0.0,1.0,1.0,21.62608055333704,1654,922.4731890149272,1099.5999337828714
2025-01-13T18:00:00,2025-01-13,0,0,18.0,-1.0,-1.8369701987210297e-16,0.0,1.0,1.7,22.382020114760717,1654,960.46657611873,527.5500397828151
2025-01-13T18:15:00,2025-01-13,0,0,18.25,-0.9978589232386036,0.06540312923014237,0.0,1.0,1.7,24.188066381003782,1654,945.2005203476789,513.5713198602211
2025-01-13T18:30:00,2025-01-13,0,0,18.5,-0.9914448613738105,0.13052619222005124,0.0,1.0,1.7,23.81922389402587,1654,824.556255461154,525.0370690922002
2025-01-13T18:45:00,2025-01-13,0,0,18.75,-0.9807852804032304,0.19509032201612828,0.0,1.0,1.7,23.35793656704003,1654,832.2335414034018,539.0840126739809
2025-01-13T19:00:00,2025-01-13,0,0,19.0,-0.9659258262890684,0.2588190451025203,0.0,1.0,1.7,24.68622280187259,1654,851.9250204188448,497.67343512652826
2025-01-13T19:15:00,2025-01-13,0,0,19.25,-0.9469301294951057,0.3214394653031615,0.0,1.0,1.7,22.324319437009038,1654,896.4995902764598,500.70837466163084
2025-01-13T19:30:00,2025-01-13,0,0,19.5,-0.923879532511287,0.38268343236508917,0.0,1.0,1.7,23.99350067264269,1654,880.0779970799435,510.4902733561522
2025-01-13T19:45:00,2025-01-13,0,0,19.75,-0.8968727415326885,0.4422886902190011,0.0,1.0,1.7,24.75708167768226,1654,906.3827329330362,506.943582022955
2025-01-13T20:00:00,2025-01-13,0,0,20.0,-0.8660254037844386,0.5,0.0,1.0,1.7,25.132283733541428,1654,931.8047567425601,499.3732995005258
2025-01-13T20:15:00,2025-01-13,0,0,20.25,-0.8314696123025456,0.5555702330196018,0.0,1.0,1.7,24.8614535569245,1654,913.1083766556109,496.75341946638997
2025-01-13T20:30:00,2025-01-13,0,0,20.5,-0.7933533402912357,0.6087614290087199,0.0,1.0,1.7,23.005723413811847,1654,939.8149125110599,491.7994529938174
2025-01-13T20:45:00,2025-01-13,0,0,20.75,-0.7518398074789773,0.6593458151000691,0.0,1.0,1.7,24.141498624636327,1654,995.3766559205045,520.0372587051414
2025-01-13T21:00:00,2025-01-13,0,0,21.0,-0.7071067811865477,0.7071067811865475,0.0,1.0,1.7,24.430549491517898,1654,1114.7242002964185,568.9261750232541
2025-01-13T21:15:00,2025-01-13,0,0,21.25,-0.6593458151000687,0.7518398074789775,0.0,1.0,1.0,24.811007550297333,1654,1170.3316536763716,1251.7050099951045
2025-01-13T21:30:00,2025-01-13,0,0,21.5,-0.6087614290087209,0.7933533402912349,0.0,1.0,1.0,23.32238166468619,1654,1141.0733662912426,1189.7722779083506
2025-01-13T21:45:00,2025-01-13,0,0,21.75,-0.555570233019603,0.8314696123025447,0.0,1.0,1.0,25.144379101608436,1654,1136.6557127370666,1195.8719128400576
2025-01-13T22:00:00,2025-01-13,0,0,22.0,-0.5000000000000004,0.8660254037844384,0.0,1.0,1.0,24.780240778668606,1654,1180.5968045515701,1162.308388103508
2025-01-13T22:15:00,2025-01-13,0,0,22.25,-0.4422886902190014,0.8968727415326883,0.0,1.0,1.0,24.18322427701063,1654,1136.6010478592243,1116.2439622684096
2025-01-13T22:30:00,2025-01-13,0,0,22.5,-0.38268343236508956,0.9238795325112868,0.0,1.0,1.0,24.137140847429723,1654,1132.4309753954565,1070.873657939458
2025-01-13T22:45:00,2025-01-13,0,0,22.75,-0.32143946530316186,0.9469301294951056,0.0,1.0,1.0,23.987698804769366,1654,1124.306530361061,1107.0675598247706
2025-01-13T23:00:00,2025-01-13,0,0,23.0,-0.2588190451025215,0.9659258262890681,0.0,1.0,1.0,23.927592213548003,1654,1167.6593849666715,1118.5444497246012
2025-01-13T23:15:00,2025-01-13,0,0,23.25,-0.19509032201612872,0.9807852804032303,0.0,1.0,1.0,24.04368254661099,1654,1251.2074269336033,1131.4028438029777
2025-01-13T23:30:00,2025-01-13,0,0,23.5,-0.13052619222005168,0.9914448613738104,0.0,1.0,1.0,22.671575320916507,1654,1310.1493094965954,1150.9422278609493
2025-01-13T23:45:00,2025-01-13,0,0,23.75,-0.0654031292301428,0.9978589232386035,0.0,1.0,1.0,22.481426950038113,1654,1340.9884828873642,1223.211324018415
2025-01-14T00:00:00,2025-01-14,1,0,0.0,0.0,1.0,0.7818314824680297,0.6234898018587336,1.0,23.144383987634082,1622,29.984881247150973,156.494865030796
2025-01-14T00:15:00,2025-01-14,1,0,0.25,0.06540312923014306,0.9978589232386035,0.7818314824680297,0.6234898018587336,1.0,22.774611024181205,1622,77.63048379794287,224.2171227006626
2025-01-14T00:30:00,2025-01-14,1,0,0.5,0.13052619222005157,0.9914448613738104,0.7818314824680297,0.6234898018587336,1.0,23.454765998769222,1622,111.61493636812476,266.36398260404434
2025-01-14T00:45:00,2025-01-14,1,0,0.75,0.19509032201612825,0.9807852804032304,0.7818314824680297,0.6234898018587336,1.0,21.947049274363764,1622,194.1405484094126,314.711801300018
2025-01-14T01:00:00,2025-01-14,1,0,1.0,0.25881904510252074,0.9659258262890683,0.7818314824680297,0.6234898018587336,1.0,22.509824815995028,1622,234.07014261231112,364.2420764596412
2025-01-14T01:15:00,2025-01-14,1,0,1.25,0.3214394653031616,0.9469301294951057,0.7818314824680297,0.6234898018587336,1.0,20.8570580394972,1622,314.0037580048237,383.017801097322
2025-01-14T01:30:00,2025-01-14,1,0,1.5,0.3826834323650898,0.9238795325112867,0.7818314824680297,0.6234898018587336,1.0,21.6618813541641,1622,376.49765810834333,467.890912698204
2025-01-14T01:45:00,2025-01-14,1,0,1.75,0.44228869021900125,0.8968727415326884,0.7818314824680297,0.6234898018587336,1.0,21.716624304255575,1622,510.6326731081695,516.7529051268548
2025-01-14T02:00:00,2025-01-14,1,0,2.0,0.49999999999999994,0.8660254037844387,0.7818314824680297,0.6234898018587336,1.0,21.42559196597371,1622,482.909915807709,554.3740438432112
2025-01-14T02:15:00,2025-01-14,1,0,2.25,0.5555702330196022,0.8314696123025452,0.7818314824680297,0.6234898018587336,1.0,20.497745617293415,1622,526.997996535571,615.478473616233
2025-01-14T02:30:00,2025-01-14,1,0,2.5,0.6087614290087207,0.7933533402912352,0.7818314824680297,0.6234898018587336,1.0,19.534495453566546,1622,571.5326217105079,638.7106584895848
2025-01-14T02:45:00,2025-01-14,1,0,2.75,0.6593458151000688,0.7518398074789774,0.7818314824680297,0.6234898018587336,1.0,19.522611018170064,1622,559.6035151677648,664.4588785627155
2025-01-14T03:00:00,2025-01-14,1,0,3.0,0.7071067811865475,0.7071067811865476,0.7818314824680297,0.6234898018587336,1.0,19.411534112011307,1622,519.5711458967019,645.8445175613982
2025-01-14T03:15:00,2025-01-14,1,0,3.25,0.7518398074789774,0.659345815100069,0.7818314824680297,0.6234898018587336,1.0,18.947474543238744,1622,464.85843536007826,598.475933391945
2025-01-14T03:30:00,2025-01-14,1,0,3.5,0.793353340291235,0.6087614290087208,0.7818314824680297,0.6234898018587336,1.0,18.82734800172543,1622,476.796288132105,561.9458457046964
2025-01-14T03:45:00,2025-01-14,1,0,3.75,0.8314696123025451,0.5555702330196024,0.7818314824680297,0.6234898018587336,1.0,17.957198135739066,1622,526.0752965281346,604.9107350548927
2025-01-14T04:00:00,2025-01-14,1,0,4.0,0.8660254037844386,0.5000000000000001,0.7818314824680297,0.6234898018587336,1.0,18.22007830606543,1622,484.26143463555155,602.8926820683992
2025-01-14T04:15:00,2025-01-14,1,0,4.25,0.8968727415326884,0.44228869021900125,0.7818314824680297,0.6234898018587336,1.0,16.33407584799089,1622,473.94744724612934,593.9259118820637
2025-01-14T04:30:00,2025-01-14,1,0,4.5,0.9238795325112867,0.38268343236508984,0.7818314824680297,0.6234898018587336,1.0,17.84861793194477,1622,439.6578673872088,582.13706375841
2025-01-14T04:45:00,2025-01-14,1,0,4.75,0.9469301294951056,0.3214394653031617,0.7818314824680297,0.6234898018587336,1.0,16.442357589679677,1622,434.9092892647703,565.9185854975403
2025-01-14T05:00:00,2025-01-14,1,0,5.0,0.9659258262890683,0.25881904510252074,0.7818314824680297,0.6234898018587336,1.0,17.129950605068576,1622,392.79551591251885,520.3744122553234
2025-01-14T05:15:00,2025-01-14,1,0,5.25,0.9807852804032304,0.1950903220161283,0.7818314824680297,0.6234898018587336,1.0,16.432756413963084,1622,378.50521490917436,465.97871585027906
2025-01-14T05:30:00,2025-01-14,1,0,5.5,0.9914448613738104,0.1305261922200517,0.7818314824680297,0.6234898018587336,1.0,15.50875940670539,1622,337.62285922777124,432.9718482613461
2025-01-14T05:45:00,2025-01-14,1,0,5.75,0.9978589232386035,0.06540312923014327,0.7818314824680297,0.6234898018587336,1.0,14.102520599850942,1622,293.98618141283254,399.0764652385717
2025-01-14T06:00:00,2025-01-14,1,0,6.0,1.0,6.123233995736766e-17,0.7818314824680297,0.6234898018587336,1.0,14.247652022928783,1622,294.5929446978567,384.7811391516153
2025-01-14T06:15:00,2025-01-14,1,0,6.25,0.9978589232386035,-0.06540312923014316,0.7818314824680297,0.6234898018587336,1.0,14.516656962916736,1622,274.02929735486146,381.53921619534464
2025-01-14T06:30:00,2025-01-14,1,0,6.5,0.9914448613738104,-0.1305261922200516,0.7818314824680297,0.6234898018587336,1.0,13.778524224335781,1622,262.6522274115722,359.2644016635613
2025-01-14T06:45:00,2025-01-14,1,0,6.75,0.9807852804032304,-0.1950903220161282,0.7818314824680297,0.6234898018587336,1.0,13.639541822668045,1622,271.96844018430676,324.3248797799851
2025-01-14T07:00:00,2025-01-14,1,0,7.0,0.9659258262890683,-0.25881904510252063,0.7818314824680297,0.6234898018587336,1.2,13.880777283049316,1622,234.3592339919484,305.189455196492
2025-01-14T07:15:00,2025-01-14,1,0,7.25,0.9469301294951057,-0.3214394653031616,0.7818314824680297,0.6234898018587336,1.2,13.683351659684007,1622,203.62770742190008,289.53520398876236
2025-01-14T07:30:00,2025-01-14,1,0,7.5,0.9238795325112868,-0.3826834323650895,0.7818314824680297,0.6234898018587336,1.2,12.98743453406421,1622,183.58172916103052,281.3840188789761
2025-01-14T07:45:00,2025-01-14,1,0,7.75,0.8968727415326884,-0.44228869021900113,0.7818314824680297,0.6234898018587336,1.2,14.471695790612767,1622,175.92218284723089,273.9400128338704
2025-01-14T08:00:00,2025-01-14,1,0,8.0,0.8660254037844388,-0.4999999999999998,0.7818314824680297,0.6234898018587336,1.2,13.633523748610095,1622,178.2121460580338,261.56768081805996
2025-01-14T08:15:00,2025-01-14,1,0,8.25,0.8314696123025451,-0.5555702330196023,0.7818314824680297,0.6234898018587336,1.2,13.912751863500308,1622,161.33753310737964,256.96884023834986
2025-01-14T08:30:00,2025-01-14,1,0,8.5,0.7933533402912352,-0.6087614290087207,0.7818314824680297,0.6234898018587336,1.2,13.671136567883153,1622,153.5710440199076,250.57959478171315
2025-01-14T08:45:00,2025-01-14,1,0,8.75,0.7518398074789774,-0.6593458151000688,0.7818314824680297,0.6234898018587336,1.2,13.803547655283875,1622,121.00708080920523,227.21137532001524
2025-01-14T09:00:00,2025-01-14,1,0,9.0,0.7071067811865476,-0.7071067811865475,0.7818314824680297,0.6234898018587336,1.2,13.1996834740397,1622,110.89343763079445,220.36859462245192
2025-01-14T09:15:00,2025-01-14,1,0,9.25,0.659345815100069,-0.7518398074789773,0.7818314824680297,0.6234898018587336,1.2,13.25131778973804,1622,98.01168493988844,208.2830662748286
2025-01-14T09:30:00,2025-01-14,1,0,9.5,0.6087614290087209,-0.7933533402912349,0.7818314824680297,0.6234898018587336,1.2,13.236752263540252,1622,89.72717407032322,204.00069049843106
2025-01-14T09:45:00,2025-01-14,1,0,9.75,0.5555702330196025,-0.831469612302545,0.7818314824680297,0.6234898018587336,1.2,13.120775209402678,1622,85.4113479833667,201.61156006364845
2025-01-14T10:00:00,2025-01-14,1,0,10.0,0.49999999999999994,-0.8660254037844387,0.7818314824680297,0.6234898018587336,1.0,13.147142069433631,1622,79.66180071197425,201.4361977448079
2025-01-14T10:15:00,2025-01-14,1,0,10.25,0.4422886902190017,-0.8968727415326881,0.7818314824680297,0.6234898018587336,1.0,13.405991713339173,1622,67.44769195438725,188.50175614207984
2025-01-14T10:30:00,2025-01-14,1,0,10.5,0.38268343236508984,-0.9238795325112867,0.7818314824680297,0.6234898018587336,1.0,13.891746627731102,1622,62.604337917120176,186.5017561420798
2025-01-14T10:45:00,2025-01-14,1,0,10.75,0.32143946530316175,-0.9469301294951056,0.7818314824680297,0.6234898018587336,1.0,12.71260473859207,1622,57.68993574320713,173.50397397255847
2025-01-14T11:00:00,2025-01-14,1,0,11.0,0.258819045102521,-0.9659258262890682,0.7818314824680297,0.6234898018587336,1.0,14.72098181468986,1622,49.021002261230166,163.7457482073922
2025-01-14T11:15:00,2025-01-14,1,0,11.25,0.19509032201612816,-0.9807852804032304,0.7818314824680297,0.6234898018587336,1.0,13.419768928275264,1622,46.00477037717219,155.79546880164054
2025-01-14T11:30:00,2025-01-14,1,0,11.5,0.130526192220052,-0.9914448613738104,0.7818314824680297,0.6234898018587336,1.0,13.369924917107078,1622,40.2746913568869,155.26083307896138
2025-01-14T11:45:00,2025-01-14,1,0,11.75,0.06540312923014312,-0.9978589232386035,0.7818314824680297,0.6234898018587336,1.0,15.395170799797711,1622,40.274691356886905,181.19648525287445
2025-01-14T12:00:00,2025-01-14,1,0,12.0,1.2246467991473532e-16,-1.0,0.7818314824680297,0.6234898018587336,1.0,14.784038367560282,1622,40.274691356886905,160.5637001157303
2025-01-14T12:15:00,2025-01-14,1,0,12.25,-0.06540312923014287,-0.9978589232386035,0.7818314824680297,0.6234898018587336,1.0,14.321157666283433,1622,40.274691356886905,147.83287635012385
2025-01-14T12:30:00,2025-01-14,1,0,12.5,-0.13052619222005177,-0.9914448613738104,0.7818314824680297,0.6234898018587336,1.0,15.518831418834937,1622,43.49380177113334,145.68831113273257
2025-01-14T12:45:00,2025-01-14,1,0,12.75,-0.19509032201612794,-0.9807852804032305,0.7818314824680297,0.6234898018587336,1.0,15.048537064385389,1622,54.578424196762626,159.56514688152484
2025-01-14T13:00:00,2025-01-14,1,0,13.0,-0.2588190451025208,-0.9659258262890683,0.7818314824680297,0.6234898018587336,1.0,16.505098362028136,1622,78.60155221608629,180.91343880699105
2025-01-14T13:15:00,2025-01-14,1,0,13.25,-0.32143946530316153,-0.9469301294951057,0.7818314824680297,0.6234898018587336,1.0,16.565892023439787,1622,125.56987997747663,272.67380112583174
2025-01-14T13:30:00,2025-01-14,1,0,13.5,-0.38268343236508967,-0.9238795325112867,0.7818314824680297,0.6234898018587336,1.0,16.56733708182363,1622,175.04089447023023,262.84921918603226
2025-01-14T13:45:00,2025-01-14,1,0,13.75,-0.4422886902190015,-0.8968727415326883,0.7818314824680297,0.6234898018587336,1.0,16.767282743101596,1622,138.79821331080998,277.2080597657425
2025-01-14T14:00:00,2025-01-14,1,0,14.0,-0.4999999999999998,-0.8660254037844388,0.7818314824680297,0.6234898018587336,1.0,18.3969092940591,1622,174.84846290823347,286.7554490256579
2025-01-14T14:15:00,2025-01-14,1,0,14.25,-0.555570233019602,-0.8314696123025455,0.7818314824680297,0.6234898018587336,1.0,17.860843558204117,1622,192.82058665405285,290.60662411378956
2025-01-14T14:30:00,2025-01-14,1,0,14.5,-0.6087614290087207,-0.7933533402912352,0.7818314824680297,0.6234898018587336,1.0,19.098216169659764,1622,239.8784356058962,294.34249323983266
2025-01-14T14:45:00,2025-01-14,1,0,14.75,-0.6593458151000688,-0.7518398074789774,0.7818314824680297,0.6234898018587336,1.0,18.727625038997417,1622,328.4860234780327,384.5117732291671
2025-01-14T15:00:00,2025-01-14,1,0,15.0,-0.7071067811865471,-0.7071067811865479,0.7818314824680297,0.6234898018587336,1.0,19.40562575607181,1622,431.5248090966197,470.63144196622727
2025-01-14T15:15:00,2025-01-14,1,0,15.25,-0.7518398074789773,-0.6593458151000691,0.7818314824680297,0.6234898018587336,1.0,19.252220013780228,1622,632.361729023248,580.3807166207873
2025-01-14T15:30:00,2025-01-14,1,0,15.5,-0.7933533402912349,-0.6087614290087209,0.7818314824680297,0.6234898018587336,1.0,19.448345298313676,1622,775.7100971034239,702.196745570525
2025-01-14T15:45:00,2025-01-14,1,0,15.75,-0.8314696123025452,-0.5555702330196022,0.7818314824680297,0.6234898018587336,1.0,20.400728130049046,1622,838.4560358386019,764.5417874330439
2025-01-14T16:00:00,2025-01-14,1,0,16.0,-0.8660254037844384,-0.5000000000000004,0.7818314824680297,0.6234898018587336,1.0,20.691832201714444,1622,849.5206952691365,753.5001309696089
2025-01-14T16:15:00,2025-01-14,1,0,16.25,-0.8968727415326883,-0.44228869021900136,0.7818314824680297,0.6234898018587336,1.0,20.98511153631619,1622,970.3009388567169,872.5396689019569
2025-01-14T16:30:00,2025-01-14,1,0,16.5,-0.9238795325112868,-0.3826834323650895,0.7818314824680297,0.6234898018587336,1.0,21.99788690006569,1622,986.2086632241218,903.3013146524837
2025-01-14T16:45:00,2025-01-14,1,0,16.75,-0.9469301294951056,-0.3214394653031618,0.7818314824680297,0.6234898018587336,1.0,21.506713101634634,1622,958.585437747645,967.7018661444147
2025-01-14T17:00:00,2025-01-14,1,0,17.0,-0.9659258262890683,-0.25881904510252063,0.7818314824680297,0.6234898018587336,1.0,21.48343973520266,1622,946.0617558980935,1025.9454287963188
2025-01-14T17:15:00,2025-01-14,1,0,17.25,-0.9807852804032303,-0.19509032201612866,0.7818314824680297,0.6234898018587336,1.0,22.67145799427899,1622,929.6269594606342,1078.9568320629394
2025-01-14T17:30:00,2025-01-14,1,0,17.5,-0.9914448613738104,-0.13052619222005163,0.7818314824680297,0.6234898018587336,1.0,22.628903487344463,1622,921.6119265225581,1115.4756314323151
2025-01-14T17:45:00,2025-01-14,1,0,17.75,-0.9978589232386035,-0.06540312923014273,0.7818314824680297,0.6234898018587336,1.0,22.82144451762459,1622,872.9440487553976,1104.2130048615286
2025-01-14T18:00:00,2025-01-14,1,0,18.0,-1.0,-1.8369701987210297e-16,0.7818314824680297,0.6234898018587336,1.7,22.61194816258572,1622,894.1641839320993,517.9144371869829
2025-01-14T18:15:00,2025-01-14,1,0,18.25,-0.9978589232386036,0.06540312923014237,0.7818314824680297,0.6234898018587336,1.7,23.974288275171435,1622,833.4378097570658,493.1394717199551
2025-01-14T18:30:00,2025-01-14,1,0,18.5,-0.9914448613738105,0.13052619222005124,0.7818314824680297,0.6234898018587336,1.7,23.638655498147305,1622,801.9591474227054,466.0859002913836
2025-01-14T18:45:00,2025-01-14,1,0,18.75,-0.9807852804032304,0.19509032201612828,0.7818314824680297,0.6234898018587336,1.7,24.413294494141514,1622,895.0185187759898,506.45511737314393
2025-01-14T19:00:00,2025-01-14,1,0,19.0,-0.9659258262890684,0.2588190451025203,0.7818314824680297,0.6234898018587336,1.7,24.26304729182252,1622,916.9625198111867,501.20820523760966
2025-01-14T19:15:00,2025-01-14,1,0,19.25,-0.9469301294951057,0.3214394653031615,0.7818314824680297,0.6234898018587336,1.7,24.53629317244482,1622,887.1893128354137,493.98541863506904
2025-01-14T19:30:00,2025-01-14,1,0,19.5,-0.923879532511287,0.38268343236508917,0.7818314824680297,0.6234898018587336,1.7,24.534442677265016,1622,909.3158746492038,498.03276345705575
2025-01-14T19:45:00,2025-01-14,1,0,19.75,-0.8968727415326885,0.4422886902190011,0.7818314824680297,0.6234898018587336,1.7,24.639720784624792,1622,906.8741419286556,505.59110912715323
2025-01-14T20:00:00,2025-01-14,1,0,20.0,-0.8660254037844386,0.5,0.7818314824680297,0.6234898018587336,1.7,25.16511363798476,1622,954.2024543723143,516.0096006353272
2025-01-14T20:15:00,2025-01-14,1,0,20.25,-0.8314696123025456,0.5555702330196018,0.7818314824680297,0.6234898018587336,1.7,24.65845394972989,1622,1006.212207355869,541.8145606390915
2025-01-14T20:30:00,2025-01-14,1,0,20.5,-0.7933533402912357,0.6087614290087199,0.7818314824680297,0.6234898018587336,1.7,25.207924087455535,1622,983.0846171512302,526.5324759725502
2025-01-14T20:45:00,2025-01-14,1,0,20.75,-0.7518398074789773,0.6593458151000691,0.7818314824680297,0.6234898018587336,1.7,24.05017062192114,1622,1013.2007661031342,569.7096323668093
2025-01-14T21:00:00,2025-01-14,1,0,21.0,-0.7071067811865477,0.7071067811865475,0.7818314824680297,0.6234898018587336,1.7,26.38895579743686,1622,1138.0646577340053,602.4556818370222
2025-01-14T21:15:00,2025-01-14,1,0,21.25,-0.6593458151000687,0.7518398074789775,0.7818314824680297,0.6234898018587336,1.0,24.079172823313485,1622,1189.3017631736686,1340.257564403545
2025-01-14T21:30:00,2025-01-14,1,0,21.5,-0.6087614290087209,0.7933533402912349,0.7818314824680297,0.6234898018587336,1.0,25.746473489000675,1622,1108.851218597472,1291.7070364532342
2025-01-14T21:45:00,2025-01-14,1,0,21.75,-0.555570233019603,0.8314696123025447,0.7818314824680297,0.6234898018587336,1.0,25.306385077000467,1622,1107.474117148197,1321.7786789653117
2025-01-14T22:00:00,2025-01-14,1,0,22.0,-0.5000000000000004,0.8660254037844384,0.7818314824680297,0.6234898018587336,1.0,25.08494617141913,1622,1109.810255864553,1279.1119143987746
2025-01-14T22:15:00,2025-01-14,1,0,22.25,-0.4422886902190014,0.8968727415326883,0.7818314824680297,0.6234898018587336,1.0,24.66932261902299,1622,1064.5096876230816,1246.2248597987852
2025-01-14T22:30:00,2025-01-14,1,0,22.5,-0.38268343236508956,0.9238795325112868,0.7818314824680297,0.6234898018587336,1.0,24.51572823694792,1622,1083.083991396794,1196.3717479618454
2025-01-14T22:45:00,2025-01-14,1,0,22.75,-0.32143946530316186,0.9469301294951056,0.7818314824680297,0.6234898018587336,1.0,25.14579824718884,1622,1107.8121715006107,1236.3896025883164
2025-01-14T23:00:00,2025-01-14,1,0,23.0,-0.2588190451025215,0.9659258262890681,0.7818314824680297,0.6234898018587336,1.0,24.455360457170165,1622,1203.92015286707,1339.445897729517
2025-01-14T23:15:00,2025-01-14,1,0,23.25,-0.19509032201612872,0.9807852804032303,0.7818314824680297,0.6234898018587336,1.0,24.288140829550017,1622,1202.9967462981115,1306.5046962030435
2025-01-14T23:30:00,2025-01-14,1,0,23.5,-0.13052619222005168,0.9914448613738104,0.7818314824680297,0.6234898018587336,1.0,23.52912972166671,1622,1239.2248223071492,1348.8731124736332
2025-01-14T23:45:00,2025-01-14,1,0,23.75,-0.0654031292301428,0.9978589232386035,0.7818314824680297,0.6234898018587336,1.0,23.50616966749191,1622,1260.1023960960126,1393.8034043769565
2025-01-15T00:00:00,2025-01-15,2,0,0.0,0.0,1.0,0.9749279121818236,-0.22252093395631434,1.0,23.787887001493022,1693,49.16972799831967,171.70363804375893
2025-01-15T00:15:00,2025-01-15,2,0,0.25,0.06540312923014306,0.9978589232386035,0.9749279121818236,-0.22252093395631434,1.0,23.232759798127642,1693,137.051301430216,256.0624178474055
2025-01-15T00:30:00,2025-01-15,2,0,0.5,0.13052619222005157,0.9914448613738104,0.9749279121818236,-0.22252093395631434,1.0,22.61904925445351,1693,234.14221757928436,318.4460419210354
2025-01-15T00:45:00,2025-01-15,2,0,0.75,0.19509032201612825,0.9807852804032304,0.9749279121818236,-0.22252093395631434,1.0,23.841282801205608,1693,285.3988341962656,355.3111612300675
2025-01-15T01:00:00,2025-01-15,2,0,1.0,0.25881904510252074,0.9659258262890683,0.9749279121818236,-0.22252093395631434,1.0,22.770505678963204,1693,274.47508062720516,362.06809812430123
2025-01-15T01:15:00,2025-01-15,2,0,1.25,0.3214394653031616,0.9469301294951057,0.9749279121818236,-0.22252093395631434,1.0,22.32322792291397,1693,359.42355928622715,479.85256170419956
2025-01-15T01:30:00,2025-01-15,2,0,1.5,0.3826834323650898,0.9238795325112867,0.9749279121818236,-0.22252093395631434,1.0,22.552217838322512,1693,425.77834189492285,547.7749894073346
2025-01-15T01:45:00,2025-01-15,2,0,1.75,0.44228869021900125,0.8968727415326884,0.9749279121818236,-0.22252093395631434,1.0,21.89643306488891,1693,534.5945964935852,629.8129053253034
2025-01-15T02:00:00,2025-01-15,2,0,2.0,0.49999999999999994,0.8660254037844387,0.9749279121818236,-0.22252093395631434,1.0,21.596507297288383,1693,564.8694222628575,678.5913413239033
2025-01-15T02:15:00,2025-01-15,2,0,2.25,0.5555702330196022,0.8314696123025452,0.9749279121818236,-0.22252093395631434,1.0,21.915017847549304,1693,562.2070740917048,722.7253451582332
2025-01-15T02:30:00,2025-01-15,2,0,2.5,0.6087614290087207,0.7933533402912352,0.9749279121818236,-0.22252093395631434,1.0,20.752084181865282,1693,570.9170609526701,706.0124517164307
2025-01-15T02:45:00,2025-01-15,2,0,2.75,0.6593458151000688,0.7518398074789774,0.9749279121818236,-0.22252093395631434,1.0,19.657802644191506,1693,598.8667810970782,630.2211476873752
2025-01-15T03:00:00,2025-01-15,2,0,3.0,0.7071067811865475,0.7071067811865476,0.9749279121818236,-0.22252093395631434,1.0,20.400282415864975,1693,640.3099176554093,669.1285651661454
2025-01-15T03:15:00,2025-01-15,2,0,3.25,0.7518398074789774,0.659345815100069,0.9749279121818236,-0.22252093395631434,1.0,20.013844673424135,1693,571.6839720430506,670.9452020799564
2025-01-15T03:30:00,2025-01-15,2,0,3.5,0.793353340291235,0.6087614290087208,0.9749279121818236,-0.22252093395631434,1.0,19.50219629365704,1693,609.9426617121752,641.325900271064
2025-01-15T03:45:00,2025-01-15,2,0,3.75,0.8314696123025451,0.5555702330196024,0.9749279121818236,-0.22252093395631434,1.0,18.859322897417023,1693,601.8521051976284,603.5577745657803
2025-01-15T04:00:00,2025-01-15,2,0,4.0,0.8660254037844386,0.5000000000000001,0.9749279121818236,-0.22252093395631434,1.0,19.89302432309515,1693,559.7078732822007,580.6206731165049
2025-01-15T04:15:00,2025-01-15,2,0,4.25,0.8968727415326884,0.44228869021900125,0.9749279121818236,-0.22252093395631434,1.0,17.820804370194274,1693,541.7666310461758,535.5693621991616
2025-01-15T04:30:00,2025-01-15,2,0,4.5,0.9238795325112867,0.38268343236508984,0.9749279121818236,-0.22252093395631434,1.0,18.18308373980154,1693,509.42649870267394,540.7319605428467
2025-01-15T04:45:00,2025-01-15,2,0,4.75,0.9469301294951056,0.3214394653031617,0.9749279121818236,-0.22252093395631434,1.0,17.652716767188533,1693,486.9975043274839,559.6169459197888
2025-01-15T05:00:00,2025-01-15,2,0,5.0,0.9659258262890683,0.25881904510252074,0.9749279121818236,-0.22252093395631434,1.0,16.956846774308207,1693,482.18880867531,537.9744323804911
2025-01-15T05:15:00,2025-01-15,2,0,5.25,0.9807852804032304,0.1950903220161283,0.9749279121818236,-0.22252093395631434,1.0,18.002244734633507,1693,425.5126496609798,501.21662859007785
2025-01-15T05:30:00,2025-01-15,2,0,5.5,0.9914448613738104,0.1305261922200517,0.9749279121818236,-0.22252093395631434,1.0,16.02873521740572,1693,404.08714241460285,442.7686413176886
2025-01-15T05:45:00,2025-01-15,2,0,5.75,0.9978589232386035,0.06540312923014327,0.9749279121818236,-0.22252093395631434,1.0,16.240140050620887,1693,376.6281632085538,424.7071195785582
2025-01-15T06:00:00,2025-01-15,2,0,6.0,1.0,6.123233995736766e-17,0.9749279121818236,-0.22252093395631434,1.0,16.971246751865692,1693,370.3926352582432,434.4988056720653
2025-01-15T06:15:00,2025-01-15,2,0,6.25,0.9978589232386035,-0.06540312923014316,0.9749279121818236,-0.22252093395631434,1.0,16.043578821554494,1693,340.7232384125484,426.7043073443061
2025-01-15T06:30:00,2025-01-15,2,0,6.5,0.9914448613738104,-0.1305261922200516,0.9749279121818236,-0.22252093395631434,1.0,16.022740298987458,1693,283.9605191631988,411.3857368568226
2025-01-15T06:45:00,2025-01-15,2,0,6.75,0.9807852804032304,-0.1950903220161282,0.9749279121818236,-0.22252093395631434,1.0,15.035784237528926,1693,284.0015237458377,404.8808886653043
2025-01-15T07:00:00,2025-01-15,2,0,7.0,0.9659258262890683,-0.25881904510252063,0.9749279121818236,-0.22252093395631434,1.2,15.176938990311852,1693,277.0015237458377,382.51102780791774
2025-01-15T07:15:00,2025-01-15,2,0,7.25,0.9469301294951057,-0.3214394653031616,0.9749279121818236,-0.22252093395631434,1.2,15.151970611740108,1693,237.61351320565325,335.00553718807436
2025-01-15T07:30:00,2025-01-15,2,0,7.5,0.9238795325112868,-0.3826834323650895,0.9749279121818236,-0.22252093395631434,1.2,15.54942639112327,1693,228.3132911089094,310.3477433072373
2025-01-15T07:45:00,2025-01-15,2,0,7.75,0.8968727415326884,-0.44228869021900113,0.9749279121818236,-0.22252093395631434,1.2,14.129063913648258,1693,226.44406545603536,284.564648305825
2025-01-15T08:00:00,2025-01-15,2,0,8.0,0.8660254037844388,-0.4999999999999998,0.9749279121818236,-0.22252093395631434,1.2,14.127216340433128,1693,215.02624661545568,295.3666613410531
2025-01-15T08:15:00,2025-01-15,2,0,8.25,0.8314696123025451,-0.5555702330196023,0.9749279121818236,-0.22252093395631434,1.2,14.39691950611937,1693,210.74439424914502,297.3111005943797
2025-01-15T08:30:00,2025-01-15,2,0,8.5,0.7933533402912352,-0.6087614290087207,0.9749279121818236,-0.22252093395631434,1.2,14.617557175007946,1693,198.40152959276355,294.9776223335101
2025-01-15T08:45:00,2025-01-15,2,0,8.75,0.7518398074789774,-0.6593458151000688,0.9749279121818236,-0.22252093395631434,1.2,13.753534616049079,1693,181.28771885107554,273.8747683758735
2025-01-15T09:00:00,2025-01-15,2,0,9.0,0.7071067811865476,-0.7071067811865475,0.9749279121818236,-0.22252093395631434,1.2,14.842697150079902,1693,171.58258490289813,259.0436584014492
2025-01-15T09:15:00,2025-01-15,2,0,9.25,0.659345815100069,-0.7518398074789773,0.9749279121818236,-0.22252093395631434,1.2,13.158542357035003,1693,169.58258490289813,229.66601178482563
2025-01-15T09:30:00,2025-01-15,2,0,9.5,0.6087614290087209,-0.7933533402912349,0.9749279121818236,-0.22252093395631434,1.2,13.298879374935778,1693,150.79804343792188,218.62309453377372
2025-01-15T09:45:00,2025-01-15,2,0,9.75,0.5555702330196025,-0.831469612302545,0.9749279121818236,-0.22252093395631434,1.2,14.529692222370048,1693,136.02897573464574,200.03922573265967
2025-01-15T10:00:00,2025-01-15,2,0,10.0,0.49999999999999994,-0.8660254037844387,0.9749279121818236,-0.22252093395631434,1.0,13.265319084490654,1693,126.84539395410744,187.8773175200994
2025-01-15T10:15:00,2025-01-15,2,0,10.25,0.4422886902190017,-0.8968727415326881,0.9749279121818236,-0.22252093395631434,1.0,13.814859067296666,1693,117.84539395410744,182.38922837139634
2025-01-15T10:30:00,2025-01-15,2,0,10.5,0.38268343236508984,-0.9238795325112867,0.9749279121818236,-0.22252093395631434,1.0,15.131565063383542,1693,115.58929297234026,173.31600149863135
2025-01-15T10:45:00,2025-01-15,2,0,10.75,0.32143946530316175,-0.9469301294951056,0.9749279121818236,-0.22252093395631434,1.0,14.435908049308178,1693,91.04113475977988,156.54319306845701
2025-01-15T11:00:00,2025-01-15,2,0,11.0,0.258819045102521,-0.9659258262890682,0.9749279121818236,-0.22252093395631434,1.0,14.958801065147867,1693,85.17725516111767,144.63106112135046
2025-01-15T11:15:00,2025-01-15,2,0,11.25,0.19509032201612816,-0.9807852804032304,0.9749279121818236,-0.22252093395631434,1.0,15.855192189942338,1693,72.78110131496382,134.87105432123144
2025-01-15T11:30:00,2025-01-15,2,0,11.5,0.130526192220052,-0.9914448613738104,0.9749279121818236,-0.22252093395631434,1.0,14.76639354467408,1693,64.80311427161914,131.60392242499464
2025-01-15T11:45:00,2025-01-15,2,0,11.75,0.06540312923014312,-0.9978589232386035,0.9749279121818236,-0.22252093395631434,1.0,16.19094638075431,1693,68.68267948901043,134.48963671070902
2025-01-15T12:00:00,2025-01-15,2,0,12.0,1.2246467991473532e-16,-1.0,0.9749279121818236,-0.22252093395631434,1.0,15.499443623560515,1693,62.997896880314784,132.48963671070894
2025-01-15T12:15:00,2025-01-15,2,0,12.25,-0.06540312923014287,-0.9978589232386035,0.9749279121818236,-0.22252093395631434,1.0,15.60324106010484,1693,67.98619119469606,134.01137584114377
2025-01-15T12:30:00,2025-01-15,2,0,12.5,-0.13052619222005177,-0.9914448613738104,0.9749279121818236,-0.22252093395631434,1.0,16.35548784171262,1693,81.69851956998208,140.31997593670047
2025-01-15T12:45:00,2025-01-15,2,0,12.75,-0.19509032201612794,-0.9807852804032305,0.9749279121818236,-0.22252093395631434,1.0,17.752224170532337,1693,84.27419524565776,146.31997593670042
2025-01-15T13:00:00,2025-01-15,2,0,13.0,-0.2588190451025208,-0.9659258262890683,0.9749279121818236,-0.22252093395631434,1.0,16.415003938565825,1693,86.77031958167979,147.85403390771492
2025-01-15T13:15:00,2025-01-15,2,0,13.25,-0.32143946530316153,-0.9469301294951057,0.9749279121818236,-0.22252093395631434,1.0,17.538710027398533,1693,129.81747279078954,205.1360447772804
2025-01-15T13:30:00,2025-01-15,2,0,13.5,-0.38268343236508967,-0.9238795325112867,0.9749279121818236,-0.22252093395631434,1.0,17.50820033141216,1693,107.42185636025309,240.46209409028634
2025-01-15T13:45:00,2025-01-15,2,0,13.75,-0.4422886902190015,-0.8968727415326883,0.9749279121818236,-0.22252093395631434,1.0,17.576954702751593,1693,141.18428651659127,281.6687475817222
2025-01-15T14:00:00,2025-01-15,2,0,14.0,-0.4999999999999998,-0.8660254037844388,0.9749279121818236,-0.22252093395631434,1.0,18.54954786911365,1693,154.68498421261503,289.84447221940326
2025-01-15T14:15:00,2025-01-15,2,0,14.25,-0.555570233019602,-0.8314696123025455,0.9749279121818236,-0.22252093395631434,1.0,18.49762072885591,1693,181.13689462104716,371.7615490477843
2025-01-15T14:30:00,2025-01-15,2,0,14.5,-0.6087614290087207,-0.7933533402912352,0.9749279121818236,-0.22252093395631434,1.0,19.174440348778163,1693,271.8750588722549,394.64904385043445
2025-01-15T14:45:00,2025-01-15,2,0,14.75,-0.6593458151000688,-0.7518398074789774,0.9749279121818236,-0.22252093395631434,1.0,19.960658907671103,1693,407.9720065426809,498.4293352226712
2025-01-15T15:00:00,2025-01-15,2,0,15.0,-0.7071067811865471,-0.7071067811865479,0.9749279121818236,-0.22252093395631434,1.0,20.223949609027507,1693,504.4855438118634,586.9496211270083
2025-01-15T15:15:00,2025-01-15,2,0,15.25,-0.7518398074789773,-0.6593458151000691,0.9749279121818236,-0.22252093395631434,1.0,20.529367639816922,1693,685.3374539945506,680.9782586900703
2025-01-15T15:30:00,2025-01-15,2,0,15.5,-0.7933533402912349,-0.6087614290087209,0.9749279121818236,-0.22252093395631434,1.0,19.713168746978756,1693,785.486768405004,841.9403911331683
2025-01-15T15:45:00,2025-01-15,2,0,15.75,-0.8314696123025452,-0.5555702330196022,0.9749279121818236,-0.22252093395631434,1.0,20.476293948333197,1693,880.9748025375648,920.8134533849266
2025-01-15T16:00:00,2025-01-15,2,0,16.0,-0.8660254037844384,-0.5000000000000004,0.9749279121818236,-0.22252093395631434,1.0,20.964906047575173,1693,937.5589943519323,935.2677422568515
2025-01-15T16:15:00,2025-01-15,2,0,16.25,-0.8968727415326883,-0.44228869021900136,0.9749279121818236,-0.22252093395631434,1.0,21.653495239746903,1693,958.2245614580793,1045.0402885019666
2025-01-15T16:30:00,2025-01-15,2,0,16.5,-0.9238795325112868,-0.3826834323650895,0.9749279121818236,-0.22252093395631434,1.0,22.386280386681747,1693,993.1158192220546,995.2089493501137
2025-01-15T16:45:00,2025-01-15,2,0,16.75,-0.9469301294951056,-0.3214394653031618,0.9749279121818236,-0.22252093395631434,1.0,21.878870295762592,1693,1012.3879625976842,971.8562621439335
2025-01-15T17:00:00,2025-01-15,2,0,17.0,-0.9659258262890683,-0.25881904510252063,0.9749279121818236,-0.22252093395631434,1.0,22.70503006351465,1693,1026.32558469255,1021.3296559504679
2025-01-15T17:15:00,2025-01-15,2,0,17.25,-0.9807852804032303,-0.19509032201612866,0.9749279121818236,-0.22252093395631434,1.0,22.68227253106223,1693,1023.8715287599438,1132.9133966702957
2025-01-15T17:30:00,2025-01-15,2,0,17.5,-0.9914448613738104,-0.13052619222005163,0.9749279121818236,-0.22252093395631434,1.0,23.76595714200422,1693,1052.5949721391858,1102.4415540684531
2025-01-15T17:45:00,2025-01-15,2,0,17.75,-0.9978589232386035,-0.06540312923014273,0.9749279121818236,-0.22252093395631434,1.0,23.17051751840037,1693,1059.2683699602264,1115.298932605375
2025-01-15T18:00:00,2025-01-15,2,0,18.0,-1.0,-1.8369701987210297e-16,0.9749279121818236,-0.22252093395631434,1.7,22.890509082424447,1693,1085.4314799420322,539.3294364791088
2025-01-15T18:15:00,2025-01-15,2,0,18.25,-0.9978589232386036,0.06540312923014237,0.9749279121818236,-0.22252093395631434,1.7,25.08803397597964,1693,1023.8503194381971,508.2664389504873
2025-01-15T18:30:00,2025-01-15,2,0,18.5,-0.9914448613738105,0.13052619222005124,0.9749279121818236,-0.22252093395631434,1.7,25.11589031708905,1693,1013.0651511568216,491.0590970532541
2025-01-15T18:45:00,2025-01-15,2,0,18.75,-0.9807852804032304,0.19509032201612828,0.9749279121818236,-0.22252093395631434,1.7,26.092159008810047,1693,1007.4327943590299,496.1781153048235
2025-01-15T19:00:00,2025-01-15,2,0,19.0,-0.9659258262890684,0.2588190451025203,0.9749279121818236,-0.22252093395631434,1.7,25.821328393570926,1693,975.8331125229619,516.660317450504
2025-01-15T19:15:00,2025-01-15,2,0,19.25,-0.9469301294951057,0.3214394653031615,0.9749279121818236,-0.22252093395631434,1.7,24.684342332710333,1693,943.2162536162318,505.1005303483367
2025-01-15T19:30:00,2025-01-15,2,0,19.5,-0.923879532511287,0.38268343236508917,0.9749279121818236,-0.22252093395631434,1.7,26.088038058722876,1693,962.0514694071189,512.9911207389554
2025-01-15T19:45:00,2025-01-15,2,0,19.75,-0.8968727415326885,0.4422886902190011,0.9749279121818236,-0.22252093395631434,1.7,25.869615846119935,1693,935.079377124224,484.1617574686834
2025-01-15T20:00:00,2025-01-15,2,0,20.0,-0.8660254037844386,0.5,0.9749279121818236,-0.22252093395631434,1.7,26.305367182124364,1693,980.9470942248981,506.25580210761933
2025-01-15T20:15:00,2025-01-15,2,0,20.25,-0.8314696123025456,0.5555702330196018,0.9749279121818236,-0.22252093395631434,1.7,26.797855285318647,1693,980.1852759323638,540.5874817494506
2025-01-15T20:30:00,2025-01-15,2,0,20.5,-0.7933533402912357,0.6087614290087199,0.9749279121818236,-0.22252093395631434,1.7,24.52045710269863,1693,1003.8592742411174,550.6760884457524
2025-01-15T20:45:00,2025-01-15,2,0,20.75,-0.7518398074789773,0.6593458151000691,0.9749279121818236,-0.22252093395631434,1.7,26.348150585952922,1693,1093.7953082061986,567.2276022202577
2025-01-15T21:00:00,2025-01-15,2,0,21.0,-0.7071067811865477,0.7071067811865475,0.9749279121818236,-0.22252093395631434,1.7,25.96087213544952,1693,1140.6368809737735,639.9544759262619
2025-01-15T21:15:00,2025-01-15,2,0,21.25,-0.6593458151000687,0.7518398074789775,0.9749279121818236,-0.22252093395631434,1.0,27.010413582029837,1693,1174.298165023625,1421.0528875023656
2025-01-15T21:30:00,2025-01-15,2,0,21.5,-0.6087614290087209,0.7933533402912349,0.9749279121818236,-0.22252093395631434,1.0,26.482498329813193,1693,1165.9061215533557,1403.137185450795
2025-01-15T21:45:00,2025-01-15,2,0,21.75,-0.555570233019603,0.8314696123025447,0.9749279121818236,-0.22252093395631434,1.0,24.87381593833758,1693,1253.9661370813055,1390.1394509630602
2025-01-15T22:00:00,2025-01-15,2,0,22.0,-0.5000000000000004,0.8660254037844384,0.9749279121818236,-0.22252093395631434,1.0,24.988129616791497,1693,1226.9327957487255,1342.412484089354
2025-01-15T22:15:00,2025-01-15,2,0,22.25,-0.4422886902190014,0.8968727415326883,0.9749279121818236,-0.22252093395631434,1.0,25.992370541610786,1693,1211.5643646468163,1256.9997866298088
2025-01-15T22:30:00,2025-01-15,2,0,22.5,-0.38268343236508956,0.9238795325112868,0.9749279121818236,-0.22252093395631434,1.0,25.84045438053978,1693,1176.2606974841979,1240.1429964296697
2025-01-15T22:45:00,2025-01-15,2,0,22.75,-0.32143946530316186,0.9469301294951056,0.9749279121818236,-0.22252093395631434,1.0,25.36318725284264,1693,1159.9889620725783,1265.4864643385727
2025-01-15T23:00:00,2025-01-15,2,0,23.0,-0.2588190451025215,0.9659258262890681,0.9749279121818236,-0.22252093395631434,1.0,24.93690736079897,1693,1221.5333357893996,1273.344051456863
2025-01-15T23:15:00,2025-01-15,2,0,23.25,-0.19509032201612872,0.9807852804032303,0.9749279121818236,-0.22252093395631434,1.0,23.55927744712263,1693,1192.2753088042616,1190.6602202830068
2025-01-15T23:30:00,2025-01-15,2,0,23.5,-0.13052619222005168,0.9914448613738104,0.9749279121818236,-0.22252093395631434,1.0,24.693940834111086,1693,1228.3684320949592,1223.6477910214471
2025-01-15T23:45:00,2025-01-15,2,0,23.75,-0.0654031292301428,0.9978589232386035,0.9749279121818236,-0.22252093395631434,1.0,23.80927505727514,1693,1318.2020260431818,1272.4388458648696
2025-01-16T00:00:00,2025-01-16,3,0,0.0,0.0,1.0,0.43388373911755823,-0.900968867902419,1.0,24.720345091018398,1637,34.407647098109926,110.5505657558861
2025-01-16T00:15:00,2025-01-16,3,0,0.25,0.06540312923014306,0.9978589232386035,0.43388373911755823,-0.900968867902419,1.0,24.773841322316784,1637,117.38796922696147,145.59496224773457
2025-01-16T00:30:00,2025-01-16,3,0,0.5,0.13052619222005157,0.9914448613738104,0.43388373911755823,-0.900968867902419,1.0,24.613042181174468,1637,158.18926322282067,184.1952323399612
2025-01-16T00:45:00,2025-01-16,3,0,0.75,0.19509032201612825,0.9807852804032304,0.43388373911755823,-0.900968867902419,1.0,24.360689124289642,1637,256.6704775399046,245.56960416378962
2025-01-16T01:00:00,2025-01-16,3,0,1.0,0.25881904510252074,0.9659258262890683,0.43388373911755823,-0.900968867902419,1.0,23.80741482175612,1637,272.51564706040745,322.7698215550936
2025-01-16T01:15:00,2025-01-16,3,0,1.25,0.3214394653031616,0.9469301294951057,0.43388373911755823,-0.900968867902419,1.0,23.47730697313963,1637,321.78643450002096,425.80516522402695
2025-01-16T01:30:00,2025-01-16,3,0,1.5,0.3826834323650898,0.9238795325112867,0.43388373911755823,-0.900968867902419,1.0,23.300643004325128,1637,376.5589060618716,449.9841703160754
2025-01-16T01:45:00,2025-01-16,3,0,1.75,0.44228869021900125,0.8968727415326884,0.43388373911755823,-0.900968867902419,1.0,23.162157573248802,1637,451.83184688083935,451.1657161313712
2025-01-16T02:00:00,2025-01-16,3,0,2.0,0.49999999999999994,0.8660254037844387,0.43388373911755823,-0.900968867902419,1.0,21.63570616553405,1637,505.47722086793976,445.716194875119
2025-01-16T02:15:00,2025-01-16,3,0,2.25,0.5555702330196022,0.8314696123025452,0.43388373911755823,-0.900968867902419,1.0,21.56321492111337,1637,500.9415504073972,530.7283551588049
2025-01-16T02:30:00,2025-01-16,3,0,2.5,0.6087614290087207,0.7933533402912352,0.43388373911755823,-0.900968867902419,1.0,20.06264979787979,1637,544.613999416623,555.3333843566605
2025-01-16T02:45:00,2025-01-16,3,0,2.75,0.6593458151000688,0.7518398074789774,0.43388373911755823,-0.900968867902419,1.0,20.25805560781681,1637,509.40048074326734,520.8653663042825
2025-01-16T03:00:00,2025-01-16,3,0,3.0,0.7071067811865475,0.7071067811865476,0.43388373911755823,-0.900968867902419,1.0,21.306046105257973,1637,496.9736156428863,534.845863555657
2025-01-16T03:15:00,2025-01-16,3,0,3.25,0.7518398074789774,0.659345815100069,0.43388373911755823,-0.900968867902419,1.0,21.235500303538945,1637,431.83703107711295,530.5640717242999
2025-01-16T03:30:00,2025-01-16,3,0,3.5,0.793353340291235,0.6087614290087208,0.43388373911755823,-0.900968867902419,1.0,21.056386251441218,1637,439.4134738157295,538.8549710887565
2025-01-16T03:45:00,2025-01-16,3,0,3.75,0.8314696123025451,0.5555702330196024,0.43388373911755823,-0.900968867902419,1.0,20.17967212732679,1637,464.2127457052832,569.8882426147588
2025-01-16T04:00:00,2025-01-16,3,0,4.0,0.8660254037844386,0.5000000000000001,0.43388373911755823,-0.900968867902419,1.0,19.479651694292865,1637,455.08972669530766,551.1434963493317
2025-01-16T04:15:00,2025-01-16,3,0,4.25,0.8968727415326884,0.44228869021900125,0.43388373911755823,-0.900968867902419,1.0,18.684218564004222,1637,432.9223716228439,499.77122167714333
2025-01-16T04:30:00,2025-01-16,3,0,4.5,0.9238795325112867,0.38268343236508984,0.43388373911755823,-0.900968867902419,1.0,18.23608140131948,1637,400.0445993716509,485.9376882959766
2025-01-16T04:45:00,2025-01-16,3,0,4.75,0.9469301294951056,0.3214394653031617,0.43388373911755823,-0.900968867902419,1.0,18.369302022583586,1637,412.98052712746994,493.1455655979273
2025-01-16T05:00:00,2025-01-16,3,0,5.0,0.9659258262890683,0.25881904510252074,0.43388373911755823,-0.900968867902419,1.0,18.696278496343286,1637,392.032832792819,466.8754749448733
2025-01-16T05:15:00,2025-01-16,3,0,5.25,0.9807852804032304,0.1950903220161283,0.43388373911755823,-0.900968867902419,1.0,17.408662982770437,1637,328.16449067599876,415.6766328500897
2025-01-16T05:30:00,2025-01-16,3,0,5.5,0.9914448613738104,0.1305261922200517,0.43388373911755823,-0.900968867902419,1.0,17.25939568143876,1637,309.4381610454843,392.7644786455987
2025-01-16T05:45:00,2025-01-16,3,0,5.75,0.9978589232386035,0.06540312923014327,0.43388373911755823,-0.900968867902419,1.0,17.17840961673095,1637,275.0198453591367,352.2894744649966
2025-01-16T06:00:00,2025-01-16,3,0,6.0,1.0,6.123233995736766e-17,0.43388373911755823,-0.900968867902419,1.0,16.5008112685492,1637,280.8118398380877,339.6610065560939
2025-01-16T06:15:00,2025-01-16,3,0,6.25,0.9978589232386035,-0.06540312923014316,0.43388373911755823,-0.900968867902419,1.0,15.598867567528528,1637,266.1326681113086,331.1683702551967
2025-01-16T06:30:00,2025-01-16,3,0,6.5,0.9914448613738104,-0.1305261922200516,0.43388373911755823,-0.900968867902419,1.0,15.584405613230324,1637,228.28267166345412,324.74437957196693
2025-01-16T06:45:00,2025-01-16,3,0,6.75,0.9807852804032304,-0.1950903220161282,0.43388373911755823,-0.900968867902419,1.0,16.041717617735046,1637,228.81221327522394,298.2662608428696
2025-01-16T07:00:00,2025-01-16,3,0,7.0,0.9659258262890683,-0.25881904510252063,0.43388373911755823,-0.900968867902419,1.2,15.032207117518931,1637,206.88424226073124,300.5050272557855
2025-01-16T07:15:00,2025-01-16,3,0,7.25,0.9469301294951057,-0.3214394653031616,0.43388373911755823,-0.900968867902419,1.2,14.725191394182165,1637,173.9999530275951,294.62918184515746
2025-01-16T07:30:00,2025-01-16,3,0,7.5,0.9238795325112868,-0.3826834323650895,0.43388373911755823,-0.900968867902419,1.2,14.940044849437587,1637,163.51394748624818,271.0085151784911
2025-01-16T07:45:00,2025-01-16,3,0,7.75,0.8968727415326884,-0.44228869021900113,0.43388373911755823,-0.900968867902419,1.2,14.539667346449804,1637,162.01007885604713,282.595556852419
2025-01-16T08:00:00,2025-01-16,3,0,8.0,0.8660254037844388,-0.4999999999999998,0.43388373911755823,-0.900968867902419,1.2,15.879299015642136,1637,151.34051363865584,272.9196041669971
2025-01-16T08:15:00,2025-01-16,3,0,8.25,0.8314696123025451,-0.5555702330196023,0.43388373911755823,-0.900968867902419,1.2,15.34570059084093,1637,111.73450776491384,259.66931152485665
2025-01-16T08:30:00,2025-01-16,3,0,8.5,0.7933533402912352,-0.6087614290087207,0.43388373911755823,-0.900968867902419,1.2,14.843248455676,1637,107.47025655718437,255.15598543790023
2025-01-16T08:45:00,2025-01-16,3,0,8.75,0.7518398074789774,-0.6593458151000688,0.43388373911755823,-0.900968867902419,1.2,14.43593095152558,1637,90.40967078627253,252.66233995295036
2025-01-16T09:00:00,2025-01-16,3,0,9.0,0.7071067811865476,-0.7071067811865475,0.43388373911755823,-0.900968867902419,1.2,15.749729802521543,1637,76.32955090398198,242.58359599159763
2025-01-16T09:15:00,2025-01-16,3,0,9.25,0.659345815100069,-0.7518398074789773,0.43388373911755823,-0.900968867902419,1.2,14.641041652792346,1637,67.29474695773342,234.58359599159766
2025-01-16T09:30:00,2025-01-16,3,0,9.5,0.6087614290087209,-0.7933533402912349,0.43388373911755823,-0.900968867902419,1.2,14.110330847815078,1637,55.1965995097183,225.61756338290198
2025-01-16T09:45:00,2025-01-16,3,0,9.75,0.5555702330196025,-0.831469612302545,0.43388373911755823,-0.900968867902419,1.2,14.988565033775325,1637,52.1965995097183,216.9294096336897
2025-01-16T10:00:00,2025-01-16,3,0,10.0,0.49999999999999994,-0.8660254037844387,0.43388373911755823,-0.900968867902419,1.0,15.054957428586603,1637,48.5941647271096,191.23054722330915
2025-01-16T10:15:00,2025-01-16,3,0,10.25,0.4422886902190017,-0.8968727415326881,0.43388373911755823,-0.900968867902419,1.0,16.11056193121379,1637,44.854128495225545,173.5675862038188
2025-01-16T10:30:00,2025-01-16,3,0,10.5,0.38268343236508984,-0.9238795325112867,0.43388373911755823,-0.900968867902419,1.0,15.398701306162243,1637,43.854128495225545,165.97680858545436
2025-01-16T10:45:00,2025-01-16,3,0,10.75,0.32143946530316175,-0.9469301294951056,0.43388373911755823,-0.900968867902419,1.0,15.324479191745738,1637,31.85412849522555,158.3220469272444
2025-01-16T11:00:00,2025-01-16,3,0,11.0,0.258819045102521,-0.9659258262890682,0.43388373911755823,-0.900968867902419,1.0,16.199675888645643,1637,25.52762746002886,157.3220469272444
2025-01-16T11:15:00,2025-01-16,3,0,11.25,0.19509032201612816,-0.9807852804032304,0.43388373911755823,-0.900968867902419,1.0,16.384069522598942,1637,24.52762746002886,154.15707108183378
2025-01-16T11:30:00,2025-01-16,3,0,11.5,0.130526192220052,-0.9914448613738104,0.43388373911755823,-0.900968867902419,1.0,16.146049485111078,1637,25.61385934408683,147.01398374392375
2025-01-16T11:45:00,2025-01-16,3,0,11.75,0.06540312923014312,-0.9978589232386035,0.43388373911755823,-0.900968867902419,1.0,15.279769448430118,1637,30.432699923796974,152.66876635261946
2025-01-16T12:00:00,2025-01-16,3,0,12.0,1.2246467991473532e-16,-1.0,0.43388373911755823,-0.900968867902419,1.0,17.12076478922916,1637,30.432699923796974,138.2987109391496
2025-01-16T12:15:00,2025-01-16,3,0,12.25,-0.06540312923014287,-0.9978589232386035,0.43388373911755823,-0.900968867902419,1.0,17.5159581110843,1637,43.432699923796974,139.16438599635782
2025-01-16T12:30:00,2025-01-16,3,0,12.5,-0.13052619222005177,-0.9914448613738104,0.43388373911755823,-0.900968867902419,1.0,17.338109762315348,1637,67.43269992379697,145.40910833208855
2025-01-16T12:45:00,2025-01-16,3,0,12.75,-0.19509032201612794,-0.9807852804032305,0.43388373911755823,-0.900968867902419,1.0,17.576846974237444,1637,70.27847713913941,154.58610598191228
2025-01-16T13:00:00,2025-01-16,3,0,13.0,-0.2588190451025208,-0.9659258262890683,0.43388373911755823,-0.900968867902419,1.0,16.7226920131038,1637,70.09861443891057,166.16016395292675
2025-01-16T13:15:00,2025-01-16,3,0,13.25,-0.32143946530316153,-0.9469301294951057,0.43388373911755823,-0.900968867902419,1.0,18.566832665610068,1637,99.72459595279761,174.3036344498212
2025-01-16T13:30:00,2025-01-16,3,0,13.5,-0.38268343236508967,-0.9238795325112867,0.43388373911755823,-0.900968867902419,1.0,18.331969652168567,1637,162.05503250289695,218.9040484294343
2025-01-16T13:45:00,2025-01-16,3,0,13.75,-0.4422886902190015,-0.8968727415326883,0.43388373911755823,-0.900968867902419,1.0,18.875384847653486,1637,192.17264094606213,248.06896132369496
2025-01-16T14:00:00,2025-01-16,3,0,14.0,-0.4999999999999998,-0.8660254037844388,0.43388373911755823,-0.900968867902419,1.0,19.041575428985265,1637,185.6843465321427,248.12043500790548
2025-01-16T14:15:00,2025-01-16,3,0,14.25,-0.555570233019602,-0.8314696123025455,0.43388373911755823,-0.900968867902419,1.0,18.921716831681984,1637,179.73453394204137,258.78040104618964
2025-01-16T14:30:00,2025-01-16,3,0,14.5,-0.6087614290087207,-0.7933533402912352,0.43388373911755823,-0.900968867902419,1.0,19.53872066230189,1637,242.59579688199997,306.5548480332222
2025-01-16T14:45:00,2025-01-16,3,0,14.75,-0.6593458151000688,-0.7518398074789774,0.43388373911755823,-0.900968867902419,1.0,20.99497134410538,1637,401.5752295335042,376.902664467669
2025-01-16T15:00:00,2025-01-16,3,0,15.0,-0.7071067811865471,-0.7071067811865479,0.43388373911755823,-0.900968867902419,1.0,20.124537987377177,1637,527.9063613869274,493.90391769769747
2025-01-16T15:15:00,2025-01-16,3,0,15.25,-0.7518398074789773,-0.6593458151000691,0.43388373911755823,-0.900968867902419,1.0,20.842938612326076,1637,686.052694269021,622.8480382787369
2025-01-16T15:30:00,2025-01-16,3,0,15.5,-0.7933533402912349,-0.6087614290087209,0.43388373911755823,-0.900968867902419,1.0,20.688827761832016,1637,705.0853125741204,778.0741478836463
2025-01-16T15:45:00,2025-01-16,3,0,15.75,-0.8314696123025452,-0.5555702330196022,0.43388373911755823,-0.900968867902419,1.0,22.236107951304014,1637,736.2241866348422,846.6088591265095
2025-01-16T16:00:00,2025-01-16,3,0,16.0,-0.8660254037844384,-0.5000000000000004,0.43388373911755823,-0.900968867902419,1.0,22.661410818784336,1637,769.2191853328253,907.0761790073606
2025-01-16T16:15:00,2025-01-16,3,0,16.25,-0.8968727415326883,-0.44228869021900136,0.43388373911755823,-0.900968867902419,1.0,23.750986384063264,1637,821.9449840833988,988.3897541313713
2025-01-16T16:30:00,2025-01-16,3,0,16.5,-0.9238795325112868,-0.3826834323650895,0.43388373911755823,-0.900968867902419,1.0,22.852410452125532,1637,839.1407979072562,963.4563381673862
2025-01-16T16:45:00,2025-01-16,3,0,16.75,-0.9469301294951056,-0.3214394653031618,0.43388373911755823,-0.900968867902419,1.0,23.331146546438138,1637,968.920623310686,931.1853564764136
2025-01-16T17:00:00,2025-01-16,3,0,17.0,-0.9659258262890683,-0.25881904510252063,0.43388373911755823,-0.900968867902419,1.0,23.484456072802672,1637,986.9380795028869,996.6794615265883
2025-01-16T17:15:00,2025-01-16,3,0,17.25,-0.9807852804032303,-0.19509032201612866,0.43388373911755823,-0.900968867902419,1.0,24.18903134880285,1637,941.5792815033825,1060.4985482751865
2025-01-16T17:30:00,2025-01-16,3,0,17.5,-0.9914448613738104,-0.13052619222005163,0.43388373911755823,-0.900968867902419,1.0,24.169848563666232,1637,924.4660380567182,1032.393256663558
2025-01-16T17:45:00,2025-01-16,3,0,17.75,-0.9978589232386035,-0.06540312923014273,0.43388373911755823,-0.900968867902419,1.0,24.39523887554001,1637,962.0693627934181,1082.8049885476162
2025-01-16T18:00:00,2025-01-16,3,0,18.0,-1.0,-1.8369701987210297e-16,0.43388373911755823,-0.900968867902419,1.7,25.04698366404529,1637,957.4347521407334,491.25481303335744
2025-01-16T18:15:00,2025-01-16,3,0,18.25,-0.9978589232386036,0.06540312923014237,0.43388373911755823,-0.900968867902419,1.7,25.276361182433423,1637,948.1666776065719,459.47885760855763
2025-01-16T18:30:00,2025-01-16,3,0,18.5,-0.9914448613738105,0.13052619222005124,0.43388373911755823,-0.900968867902419,1.7,25.691649733734916,1637,968.5227766524533,480.0552607706128
2025-01-16T18:45:00,2025-01-16,3,0,18.75,-0.9807852804032304,0.19509032201612828,0.43388373911755823,-0.900968867902419,1.7,25.04662173380849,1637,956.3059475395374,510.47290892178773
2025-01-16T19:00:00,2025-01-16,3,0,19.0,-0.9659258262890684,0.2588190451025203,0.43388373911755823,-0.900968867902419,1.7,26.182151788231337,1637,1031.1711649052916,522.7727922407278
2025-01-16T19:15:00,2025-01-16,3,0,19.25,-0.9469301294951057,0.3214394653031615,0.43388373911755823,-0.900968867902419,1.7,25.980366052639823,1637,979.3722900006387,500.3019640132093
2025-01-16T19:30:00,2025-01-16,3,0,19.5,-0.923879532511287,0.38268343236508917,0.43388373911755823,-0.900968867902419,1.7,26.319804426875475,1637,928.3161899292129,459.54881284496867
2025-01-16T19:45:00,2025-01-16,3,0,19.75,-0.8968727415326885,0.4422886902190011,0.43388373911755823,-0.900968867902419,1.7,26.70118305094042,1637,893.6338110890689,449.416600640258
2025-01-16T20:00:00,2025-01-16,3,0,20.0,-0.8660254037844386,0.5,0.43388373911755823,-0.900968867902419,1.7,26.400688533484995,1637,914.1998754172529,474.29041540942603
2025-01-16T20:15:00,2025-01-16,3,0,20.25,-0.8314696123025456,0.5555702330196018,0.43388373911755823,-0.900968867902419,1.7,27.290974928032202,1637,921.6120808264471,491.6646871252066
2025-01-16T20:30:00,2025-01-16,3,0,20.5,-0.7933533402912357,0.6087614290087199,0.43388373911755823,-0.900968867902419,1.7,27.540268853248758,1637,916.2522590866638,502.35941211356015
2025-01-16T20:45:00,2025-01-16,3,0,20.75,-0.7518398074789773,0.6593458151000691,0.43388373911755823,-0.900968867902419,1.7,26.636274581112325,1637,987.1201325537764,526.5067157398856
2025-01-16T21:00:00,2025-01-16,3,0,21.0,-0.7071067811865477,0.7071067811865475,0.43388373911755823,-0.900968867902419,1.7,26.2202391499759,1637,1077.746680172824,570.8291520596044
2025-01-16T21:15:00,2025-01-16,3,0,21.25,-0.6593458151000687,0.7518398074789775,0.43388373911755823,-0.900968867902419,1.0,25.722253452159514,1637,1158.9572728711885,1241.8892652938164
2025-01-16T21:30:00,2025-01-16,3,0,21.5,-0.6087614290087209,0.7933533402912349,0.43388373911755823,-0.900968867902419,1.0,26.972998955662757,1637,1175.5412446582693,1251.1124122917463
2025-01-16T21:45:00,2025-01-16,3,0,21.75,-0.555570233019603,0.8314696123025447,0.43388373911755823,-0.900968867902419,1.0,26.34472959500218,1637,1228.611163500202,1301.549086831405
2025-01-16T22:00:00,2025-01-16,3,0,22.0,-0.5000000000000004,0.8660254037844384,0.43388373911755823,-0.900968867902419,1.0,26.606590339693977,1637,1195.61949096367,1295.1413452855115
2025-01-16T22:15:00,2025-01-16,3,0,22.25,-0.4422886902190014,0.8968727415326883,0.43388373911755823,-0.900968867902419,1.0,26.96421144611609,1637,1146.754737659004,1268.6579238854451
2025-01-16T22:30:00,2025-01-16,3,0,22.5,-0.38268343236508956,0.9238795325112868,0.43388373911755823,-0.900968867902419,1.0,26.329299448168104,1637,1186.0215041800493,1306.738993588689
2025-01-16T22:45:00,2025-01-16,3,0,22.75,-0.32143946530316186,0.9469301294951056,0.43388373911755823,-0.900968867902419,1.0,26.814119896867638,1637,1108.0536018035973,1220.2066000884686
2025-01-16T23:00:00,2025-01-16,3,0,23.0,-0.2588190451025215,0.9659258262890681,0.43388373911755823,-0.900968867902419,1.0,24.743363681370468,1637,1152.3375764521375,1328.6437315634018
2025-01-16T23:15:00,2025-01-16,3,0,23.25,-0.19509032201612872,0.9807852804032303,0.43388373911755823,-0.900968867902419,1.0,25.662019163514913,1637,1182.2209572742138,1310.9606303816433
2025-01-16T23:30:00,2025-01-16,3,0,23.5,-0.13052619222005168,0.9914448613738104,0.43388373911755823,-0.900968867902419,1.0,26.216489841416294,1637,1242.781094454824,1384.4145786948034
2025-01-16T23:45:00,2025-01-16,3,0,23.75,-0.0654031292301428,0.9978589232386035,0.43388373911755823,-0.900968867902419,1.0,25.945241406604428,1637,1257.0586158014978,1403.8882014186981
2025-01-17T00:00:00,2025-01-17,4,0,0.0,0.0,1.0,-0.433883739117558,-0.9009688679024191,1.0,25.62333054439195,2040,71.9990798472215,188.9803867791888
2025-01-17T00:15:00,2025-01-17,4,0,0.25,0.06540312923014306,0.9978589232386035,-0.433883739117558,-0.9009688679024191,1.0,26.79978062112075,2040,226.1664408663434,286.1991216100974
2025-01-17T00:30:00,2025-01-17,4,0,0.5,0.13052619222005157,0.9914448613738104,-0.433883739117558,-0.9009688679024191,1.0,25.414873368174838,2040,229.15445705305527,359.4749079801094
2025-01-17T00:45:00,2025-01-17,4,0,0.75,0.19509032201612825,0.9807852804032304,-0.433883739117558,-0.9009688679024191,1.0,24.82597704872983,2040,316.96905037124026,385.9396555442426
2025-01-17T01:00:00,2025-01-17,4,0,1.0,0.25881904510252074,0.9659258262890683,-0.433883739117558,-0.9009688679024191,1.0,25.3746329117474,2040,345.2841483964035,435.46081821290807
2025-01-17T01:15:00,2025-01-17,4,0,1.25,0.3214394653031616,0.9469301294951057,-0.433883739117558,-0.9009688679024191,1.0,24.824645157599395,2040,456.7599407299119,514.8058608353808
2025-01-17T01:30:00,2025-01-17,4,0,1.5,0.3826834323650898,0.9238795325112867,-0.433883739117558,-0.9009688679024191,1.0,23.18080108024215,2040,523.1518651370263,547.4832744084949
2025-01-17T01:45:00,2025-01-17,4,0,1.75,0.44228869021900125,0.8968727415326884,-0.433883739117558,-0.9009688679024191,1.0,21.853446339925718,2040,627.6192967434291,605.5358343648454
2025-01-17T02:00:00,2025-01-17,4,0,2.0,0.49999999999999994,0.8660254037844387,-0.433883739117558,-0.9009688679024191,1.0,22.830884906007697,2040,574.4795347884129,626.4605347340517
2025-01-17T02:15:00,2025-01-17,4,0,2.25,0.5555702330196022,0.8314696123025452,-0.433883739117558,-0.9009688679024191,1.0,22.865386097933083,2040,659.526375322843,688.9834736582279
2025-01-17T02:30:00,2025-01-17,4,0,2.5,0.6087614290087207,0.7933533402912352,-0.433883739117558,-0.9009688679024191,1.0,23.21580486721799,2040,694.169771007141,697.3206185993182
2025-01-17T02:45:00,2025-01-17,4,0,2.75,0.6593458151000688,0.7518398074789774,-0.433883739117558,-0.9009688679024191,1.0,22.210870825962022,2040,761.2295641811063,725.6144048312021
2025-01-17T03:00:00,2025-01-17,4,0,3.0,0.7071067811865475,0.7071067811865476,-0.433883739117558,-0.9009688679024191,1.0,20.077916377947513,2040,770.6347578739428,790.2697393475278
2025-01-17T03:15:00,2025-01-17,4,0,3.25,0.7518398074789774,0.659345815100069,-0.433883739117558,-0.9009688679024191,1.0,21.59327164331967,2040,703.2477336662664,750.4553333528409
2025-01-17T03:30:00,2025-01-17,4,0,3.5,0.793353340291235,0.6087614290087208,-0.433883739117558,-0.9009688679024191,1.0,20.93131144842287,2040,645.5364450032387,744.2701225869888
2025-01-17T03:45:00,2025-01-17,4,0,3.75,0.8314696123025451,0.5555702330196024,-0.433883739117558,-0.9009688679024191,1.0,21.15466873178576,2040,632.8293802563912,746.8402860233699
2025-01-17T04:00:00,2025-01-17,4,0,4.0,0.8660254037844386,0.5000000000000001,-0.433883739117558,-0.9009688679024191,1.0,19.328012321400813,2040,615.324411312292,682.19752549887
2025-01-17T04:15:00,2025-01-17,4,0,4.25,0.8968727415326884,0.44228869021900125,-0.433883739117558,-0.9009688679024191,1.0,18.636389862279398,2040,582.702237263294,657.1908123810701
2025-01-17T04:30:00,2025-01-17,4,0,4.5,0.9238795325112867,0.38268343236508984,-0.433883739117558,-0.9009688679024191,1.0,17.95462180312529,2040,610.3755674114068,670.0448479135963
2025-01-17T04:45:00,2025-01-17,4,0,4.75,0.9469301294951056,0.3214394653031617,-0.433883739117558,-0.9009688679024191,1.0,18.373197819238623,2040,548.9958868596019,650.926805785592
2025-01-17T05:00:00,2025-01-17,4,0,5.0,0.9659258262890683,0.25881904510252074,-0.433883739117558,-0.9009688679024191,1.0,18.814394239203025,2040,520.0209156421798,616.333004811586
2025-01-17T05:15:00,2025-01-17,4,0,5.25,0.9807852804032304,0.1950903220161283,-0.433883739117558,-0.9009688679024191,1.0,18.18766833592808,2040,462.84331215870685,579.9230048115861
2025-01-17T05:30:00,2025-01-17,4,0,5.5,0.9914448613738104,0.1305261922200517,-0.433883739117558,-0.9009688679024191,1.0,17.909522428240464,2040,420.26132678900416,549.2592985732374
2025-01-17T05:45:00,2025-01-17,4,0,5.75,0.9978589232386035,0.06540312923014327,-0.433883739117558,-0.9009688679024191,1.0,18.22642226066431,2040,404.25341788631255,497.3786655649411
2025-01-17T06:00:00,2025-01-17,4,0,6.0,1.0,6.123233995736766e-17,-0.433883739117558,-0.9009688679024191,1.0,17.640550952018923,2040,400.8750911405946,513.8496981736366
2025-01-17T06:15:00,2025-01-17,4,0,6.25,0.9978589232386035,-0.06540312923014316,-0.433883739117558,-0.9009688679024191,1.0,15.745279450156886,2040,362.22048846421444,493.65126563395415
2025-01-17T06:30:00,2025-01-17,4,0,6.5,0.9914448613738104,-0.1305261922200516,-0.433883739117558,-0.9009688679024191,1.0,17.203858953220386,2040,334.816675454288,457.5937125440685
2025-01-17T06:45:00,2025-01-17,4,0,6.75,0.9807852804032304,-0.1950903220161282,-0.433883739117558,-0.9009688679024191,1.0,16.316402448181424,2040,338.9390293803982,445.8417915677436
2025-01-17T07:00:00,2025-01-17,4,0,7.0,0.9659258262890683,-0.25881904510252063,-0.433883739117558,-0.9009688679024191,1.2,16.051218432255506,2040,302.7930810774934,415.12811449602304
2025-01-17T07:15:00,2025-01-17,4,0,7.25,0.9469301294951057,-0.3214394653031616,-0.433883739117558,-0.9009688679024191,1.2,15.969648574942354,2040,275.65135631802445,375.4426068732108
2025-01-17T07:30:00,2025-01-17,4,0,7.5,0.9238795325112868,-0.3826834323650895,-0.433883739117558,-0.9009688679024191,1.2,16.162638821706125,2040,246.3864254285239,346.28093408405215
2025-01-17T07:45:00,2025-01-17,4,0,7.75,0.8968727415326884,-0.44228869021900113,-0.433883739117558,-0.9009688679024191,1.2,14.837579181585605,2040,246.8323957785101,340.0982580650823
2025-01-17T08:00:00,2025-01-17,4,0,8.0,0.8660254037844388,-0.4999999999999998,-0.433883739117558,-0.9009688679024191,1.2,16.660723222934244,2040,223.0750976418641,312.56199764927476
2025-01-17T08:15:00,2025-01-17,4,0,8.25,0.8314696123025451,-0.5555702330196023,-0.433883739117558,-0.9009688679024191,1.2,15.15678526588599,2040,194.16452378283088,311.02306757514134
2025-01-17T08:30:00,2025-01-17,4,0,8.5,0.7933533402912352,-0.6087614290087207,-0.433883739117558,-0.9009688679024191,1.2,15.34923235161717,2040,181.50050736446667,294.5344443867355
2025-01-17T08:45:00,2025-01-17,4,0,8.75,0.7518398074789774,-0.6593458151000688,-0.433883739117558,-0.9009688679024191,1.2,15.955236584535935,2040,173.82089498811516,272.4692370429282
2025-01-17T09:00:00,2025-01-17,4,0,9.0,0.7071067811865476,-0.7071067811865475,-0.433883739117558,-0.9009688679024191,1.2,17.094413565183316,2040,165.6383539209864,254.11141095597182
2025-01-17T09:15:00,2025-01-17,4,0,9.25,0.659345815100069,-0.7518398074789773,-0.433883739117558,-0.9009688679024191,1.2,15.592054556270332,2040,149.40239808937844,228.72673336723
2025-01-17T09:30:00,2025-01-17,4,0,9.5,0.6087614290087209,-0.7933533402912349,-0.433883739117558,-0.9009688679024191,1.2,16.03066026396712,2040,127.05748156959774,225.9860967212673
2025-01-17T09:45:00,2025-01-17,4,0,9.75,0.5555702330196025,-0.831469612302545,-0.433883739117558,-0.9009688679024191,1.2,15.196704870672985,2040,117.15437597953563,217.16011427979558
2025-01-17T10:00:00,2025-01-17,4,0,10.0,0.49999999999999994,-0.8660254037844387,-0.433883739117558,-0.9009688679024191,1.0,16.357690705880735,2040,105.35134567650532,217.2184621058825
2025-01-17T10:15:00,2025-01-17,4,0,10.25,0.4422886902190017,-0.8968727415326881,-0.433883739117558,-0.9009688679024191,1.0,15.126568772482962,2040,93.25226794264499,207.45399433976547
2025-01-17T10:30:00,2025-01-17,4,0,10.5,0.38268343236508984,-0.9238795325112867,-0.433883739117558,-0.9009688679024191,1.0,16.05532821039528,2040,83.00465528333648,190.87477734036474
2025-01-17T10:45:00,2025-01-17,4,0,10.75,0.32143946530316175,-0.9469301294951056,-0.433883739117558,-0.9009688679024191,1.0,16.892152151667563,2040,79.63092126799121,179.83591864471256
2025-01-17T11:00:00,2025-01-17,4,0,11.0,0.258819045102521,-0.9659258262890682,-0.433883739117558,-0.9009688679024191,1.0,16.846031024105947,2040,74.63092126799121,165.38167456983888
2025-01-17T11:15:00,2025-01-17,4,0,11.25,0.19509032201612816,-0.9807852804032304,-0.433883739117558,-0.9009688679024191,1.0,16.671481534297627,2040,70.5695686109864,153.0757571055376
2025-01-17T11:30:00,2025-01-17,4,0,11.5,0.130526192220052,-0.9914448613738104,-0.433883739117558,-0.9009688679024191,1.0,16.52068895068901,2040,65.81195991533421,149.07575710553763
2025-01-17T11:45:00,2025-01-17,4,0,11.75,0.06540312923014312,-0.9978589232386035,-0.433883739117558,-0.9009688679024191,1.0,16.245098798438566,2040,62.37390121359265,144.2359553152563
2025-01-17T12:00:00,2025-01-17,4,0,12.0,1.2246467991473532e-16,-1.0,-0.433883739117558,-0.9009688679024191,1.0,17.75469207136874,2040,45.99600722329206,141.23595531525632
2025-01-17T12:15:00,2025-01-17,4,0,12.25,-0.06540312923014287,-0.9978589232386035,-0.433883739117558,-0.9009688679024191,1.0,17.696522952434755,2040,42.56992026677032,149.456818139658
2025-01-17T12:30:00,2025-01-17,4,0,12.5,-0.13052619222005177,-0.9914448613738104,-0.433883739117558,-0.9009688679024191,1.0,18.004343807507734,2040,76.10644366775496,159.7112881474961
2025-01-17T12:45:00,2025-01-17,4,0,12.75,-0.19509032201612794,-0.9807852804032305,-0.433883739117558,-0.9009688679024191,1.0,18.710370636906497,2040,75.29269892722199,170.2821607531513
2025-01-17T13:00:00,2025-01-17,4,0,13.0,-0.2588190451025208,-0.9659258262890683,-0.433883739117558,-0.9009688679024191,1.0,19.009491726584276,2040,104.42039618970188,200.38333091185038
2025-01-17T13:15:00,2025-01-17,4,0,13.25,-0.32143946530316153,-0.9469301294951057,-0.433883739117558,-0.9009688679024191,1.0,20.220382086456453,2040,163.14288254392739,235.11966822670956
2025-01-17T13:30:00,2025-01-17,4,0,13.5,-0.38268343236508967,-0.9238795325112867,-0.433883739117558,-0.9009688679024191,1.0,19.318213736003,2040,222.25283649552298,254.08015131849697
2025-01-17T13:45:00,2025-01-17,4,0,13.75,-0.4422886902190015,-0.8968727415326883,-0.433883739117558,-0.9009688679024191,1.0,19.150161460847208,2040,274.3904661216226,307.4628665785143
2025-01-17T14:00:00,2025-01-17,4,0,14.0,-0.4999999999999998,-0.8660254037844388,-0.433883739117558,-0.9009688679024191,1.0,18.720075800493717,2040,272.0549588752457,310.9573568333868
2025-01-17T14:15:00,2025-01-17,4,0,14.25,-0.555570233019602,-0.8314696123025455,-0.433883739117558,-0.9009688679024191,1.0,21.500439688320938,2040,303.64145831783213,323.87729704386
2025-01-17T14:30:00,2025-01-17,4,0,14.5,-0.6087614290087207,-0.7933533402912352,-0.433883739117558,-0.9009688679024191,1.0,21.716480320768536,2040,346.69536425386895,348.20101592604584
2025-01-17T14:45:00,2025-01-17,4,0,14.75,-0.6593458151000688,-0.7518398074789774,-0.433883739117558,-0.9009688679024191,1.0,21.268837882008338,2040,490.91361069002835,463.1485311778073
2025-01-17T15:00:00,2025-01-17,4,0,15.0,-0.7071067811865471,-0.7071067811865479,-0.433883739117558,-0.9009688679024191,1.0,21.4243129031539,2040,596.8442837440078,600.9375813667492
2025-01-17T15:15:00,2025-01-17,4,0,15.25,-0.7518398074789773,-0.6593458151000691,-0.433883739117558,-0.9009688679024191,1.0,21.54921833517682,2040,794.1470945799895,841.598681165369
2025-01-17T15:30:00,2025-01-17,4,0,15.5,-0.7933533402912349,-0.6087614290087209,-0.433883739117558,-0.9009688679024191,1.0,22.583336193202694,2040,963.6525426155529,970.8604840288114
2025-01-17T15:45:00,2025-01-17,4,0,15.75,-0.8314696123025452,-0.5555702330196022,-0.433883739117558,-0.9009688679024191,1.0,23.371882151856127,2040,1057.0906733727606,1025.5601672127957
2025-01-17T16:00:00,2025-01-17,4,0,16.0,-0.8660254037844384,-0.5000000000000004,-0.433883739117558,-0.9009688679024191,1.0,22.677993944476015,2040,1033.7306365250179,1092.7619605915193
2025-01-17T16:15:00,2025-01-17,4,0,16.25,-0.8968727415326883,-0.44228869021900136,-0.433883739117558,-0.9009688679024191,1.0,24.641251550376456,2040,1107.3230687964044,1287.525252015324
2025-01-17T16:30:00,2025-01-17,4,0,16.5,-0.9238795325112868,-0.3826834323650895,-0.433883739117558,-0.9009688679024191,1.0,24.334481404198005,2040,1129.0397458842822,1315.3935276896361
2025-01-17T16:45:00,2025-01-17,4,0,16.75,-0.9469301294951056,-0.3214394653031618,-0.433883739117558,-0.9009688679024191,1.0,23.91698791074129,2040,1169.5087617990923,1348.2921467962321
2025-01-17T17:00:00,2025-01-17,4,0,17.0,-0.9659258262890683,-0.25881904510252063,-0.433883739117558,-0.9009688679024191,1.0,24.51733817492299,2040,1216.9700762361965,1332.186779350939
2025-01-17T17:15:00,2025-01-17,4,0,17.25,-0.9807852804032303,-0.19509032201612866,-0.433883739117558,-0.9009688679024191,1.0,25.24245158267332,2040,1197.7446344339528,1327.1078913438143
2025-01-17T17:30:00,2025-01-17,4,0,17.5,-0.9914448613738104,-0.13052619222005163,-0.433883739117558,-0.9009688679024191,1.0,25.580510307205287,2040,1232.1872937923954,1321.4106949532486
2025-01-17T17:45:00,2025-01-17,4,0,17.75,-0.9978589232386035,-0.06540312923014273,-0.433883739117558,-0.9009688679024191,1.0,25.356766414585465,2040,1261.395456117783,1258.058629974748
2025-01-17T18:00:00,2025-01-17,4,0,18.0,-1.0,-1.8369701987210297e-16,-0.433883739117558,-0.9009688679024191,1.7,25.361986321588333,2040,1281.785570644751,565.3375148140382
2025-01-17T18:15:00,2025-01-17,4,0,18.25,-0.9978589232386036,0.06540312923014237,-0.433883739117558,-0.9009688679024191,1.7,26.547587220084928,2040,1206.2819080518987,563.7212168224896
2025-01-17T18:30:00,2025-01-17,4,0,18.5,-0.9914448613738105,0.13052619222005124,-0.433883739117558,-0.9009688679024191,1.7,26.296942666313,2040,1197.4347055683922,543.46022690235
2025-01-17T18:45:00,2025-01-17,4,0,18.75,-0.9807852804032304,0.19509032201612828,-0.433883739117558,-0.9009688679024191,1.7,26.596387481426387,2040,1270.5621350332863,554.8685537657042
2025-01-17T19:00:00,2025-01-17,4,0,19.0,-0.9659258262890684,0.2588190451025203,-0.433883739117558,-0.9009688679024191,1.7,26.566931138281298,2040,1266.5851322428114,567.3887196324463
2025-01-17T19:15:00,2025-01-17,4,0,19.25,-0.9469301294951057,0.3214394653031615,-0.433883739117558,-0.9009688679024191,1.7,26.812274078714893,2040,1228.557837289742,546.3566759857803
2025-01-17T19:30:00,2025-01-17,4,0,19.5,-0.923879532511287,0.38268343236508917,-0.433883739117558,-0.9009688679024191,1.7,26.673538422688182,2040,1138.2496201603055,533.6971705154762
2025-01-17T19:45:00,2025-01-17,4,0,19.75,-0.8968727415326885,0.4422886902190011,-0.433883739117558,-0.9009688679024191,1.7,27.699884512881773,2040,1113.865905618714,543.2187992151722
2025-01-17T20:00:00,2025-01-17,4,0,20.0,-0.8660254037844386,0.5,-0.433883739117558,-0.9009688679024191,1.7,25.441869394804463,2040,1180.3769942544318,581.8752410945491
2025-01-17T20:15:00,2025-01-17,4,0,20.25,-0.8314696123025456,0.5555702330196018,-0.433883739117558,-0.9009688679024191,1.7,26.909955287652892,2040,1212.8302242123193,600.0434157243942
2025-01-17T20:30:00,2025-01-17,4,0,20.5,-0.7933533402912357,0.6087614290087199,-0.433883739117558,-0.9009688679024191,1.7,26.665506526821392,2040,1216.1475587558828,583.699134711435
2025-01-17T20:45:00,2025-01-17,4,0,20.75,-0.7518398074789773,0.6593458151000691,-0.433883739117558,-0.9009688679024191,1.7,28.116750782890673,2040,1287.0734428068645,628.2286228980139
2025-01-17T21:00:00,2025-01-17,4,0,21.0,-0.7071067811865477,0.7071067811865475,-0.433883739117558,-0.9009688679024191,1.7,26.164454590072594,2040,1419.3363780040252,704.9486431543949
2025-01-17T21:15:00,2025-01-17,4,0,21.25,-0.6593458151000687,0.7518398074789775,-0.433883739117558,-0.9009688679024191,1.0,27.87730042085169,2040,1457.5917907985406,1593.6599202687084
2025-01-17T21:30:00,2025-01-17,4,0,21.5,-0.6087614290087209,0.7933533402912349,-0.433883739117558,-0.9009688679024191,1.0,27.3587234904015,2040,1437.6077093085837,1614.296725773519
2025-01-17T21:45:00,2025-01-17,4,0,21.75,-0.555570233019603,0.8314696123025447,-0.433883739117558,-0.9009688679024191,1.0,26.890077787117818,2040,1437.0403821067998,1582.3243169853827
2025-01-17T22:00:00,2025-01-17,4,0,22.0,-0.5000000000000004,0.8660254037844384,-0.433883739117558,-0.9009688679024191,1.0,26.02567921697723,2040,1458.581493305586,1575.7446820284251
2025-01-17T22:15:00,2025-01-17,4,0,22.25,-0.4422886902190014,0.8968727415326883,-0.433883739117558,-0.9009688679024191,1.0,26.047935919356558,2040,1469.4796863337351,1549.7982153644646
2025-01-17T22:30:00,2025-01-17,4,0,22.5,-0.38268343236508956,0.9238795325112868,-0.433883739117558,-0.9009688679024191,1.0,27.80339292881382,2040,1426.8043703228475,1529.9668409969709
2025-01-17T22:45:00,2025-01-17,4,0,22.75,-0.32143946530316186,0.9469301294951056,-0.433883739117558,-0.9009688679024191,1.0,26.31607621332846,2040,1469.85115784914,1572.8161350052271
2025-01-17T23:00:00,2025-01-17,4,0,23.0,-0.2588190451025215,0.9659258262890681,-0.433883739117558,-0.9009688679024191,1.0,26.66332173696248,2040,1456.4164687127557,1684.4633682149824
2025-01-17T23:15:00,2025-01-17,4,0,23.25,-0.19509032201612872,0.9807852804032303,-0.433883739117558,-0.9009688679024191,1.0,25.971419432332922,2040,1404.6139383595087,1747.8067337504135
2025-01-17T23:30:00,2025-01-17,4,0,23.5,-0.13052619222005168,0.9914448613738104,-0.433883739117558,-0.9009688679024191,1.0,25.55320012972655,2040,1508.6727521051005,1826.366256925034
2025-01-17T23:45:00,2025-01-17,4,0,23.75,-0.0654031292301428,0.9978589232386035,-0.433883739117558,-0.9009688679024191,1.0,26.336706010928154,2040,1611.1218353809231,1927.9680915758902
2025-01-18T00:00:00,2025-01-18,5,1,0.0,0.0,1.0,-0.9749279121818235,-0.2225209339563146,1.0,26.534293796108933,1709,47.787540257648956,145.18713874974577
2025-01-18T00:15:00,2025-01-18,5,1,0.25,0.06540312923014306,0.9978589232386035,-0.9749279121818235,-0.2225209339563146,1.0,25.076329450691063,1709,150.5272481021394,217.26401078678444
2025-01-18T00:30:00,2025-01-18,5,1,0.5,0.13052619222005157,0.9914448613738104,-0.9749279121818235,-0.2225209339563146,1.0,26.790649844534272,1709,236.3833143547274,286.90580754075495
2025-01-18T00:45:00,2025-01-18,5,1,0.75,0.19509032201612825,0.9807852804032304,-0.9749279121818235,-0.2225209339563146,1.0,26.06150767946965,1709,273.12259876170936,300.11201274859053
2025-01-18T01:00:00,2025-01-18,5,1,1.0,0.25881904510252074,0.9659258262890683,-0.9749279121818235,-0.2225209339563146,1.0,24.6181163893964,1709,308.85117178289113,314.2801210327773
2025-01-18T01:15:00,2025-01-18,5,1,1.25,0.3214394653031616,0.9469301294951057,-0.9749279121818235,-0.2225209339563146,1.0,23.994860924727803,1709,341.681566734225,393.00963608294404
2025-01-18T01:30:00,2025-01-18,5,1,1.5,0.3826834323650898,0.9238795325112867,-0.9749279121818235,-0.2225209339563146,1.0,25.280320577211914,1709,426.6302493403372,417.2152787695281
2025-01-18T01:45:00,2025-01-18,5,1,1.75,0.44228869021900125,0.8968727415326884,-0.9749279121818235,-0.2225209339563146,1.0,24.52352985199185,1709,485.6581255655612,527.612080388511
2025-01-18T02:00:00,2025-01-18,5,1,2.0,0.49999999999999994,0.8660254037844387,-0.9749279121818235,-0.2225209339563146,1.0,22.620078295889694,1709,496.32175910593395,614.0665700051752
2025-01-18T02:15:00,2025-01-18,5,1,2.25,0.5555702330196022,0.8314696123025452,-0.9749279121818235,-0.2225209339563146,1.0,23.879620293243033,1709,520.8434322162651,640.9260442342263
2025-01-18T02:30:00,2025-01-18,5,1,2.5,0.6087614290087207,0.7933533402912352,-0.9749279121818235,-0.2225209339563146,1.0,22.39968944113693,1709,550.6654481565964,674.8010329411715
2025-01-18T02:45:00,2025-01-18,5,1,2.75,0.6593458151000688,0.7518398074789774,-0.9749279121818235,-0.2225209339563146,1.0,22.222559230425546,1709,593.5198103408294,705.3301852301064
2025-01-18T03:00:00,2025-01-18,5,1,3.0,0.7071067811865475,0.7071067811865476,-0.9749279121818235,-0.2225209339563146,1.0,22.10379061391582,1709,550.2832556219034,728.684398296498
2025-01-18T03:15:00,2025-01-18,5,1,3.25,0.7518398074789774,0.659345815100069,-0.9749279121818235,-0.2225209339563146,1.0,21.68775128534197,1709,507.5312127832036,618.5902953101124
2025-01-18T03:30:00,2025-01-18,5,1,3.5,0.793353340291235,0.6087614290087208,-0.9749279121818235,-0.2225209339563146,1.0,20.959788610286182,1709,508.68157625131965,586.7372338025884
2025-01-18T03:45:00,2025-01-18,5,1,3.75,0.8314696123025451,0.5555702330196024,-0.9749279121818235,-0.2225209339563146,1.0,20.64160203418289,1709,504.95574364129675,590.7713804822984
2025-01-18T04:00:00,2025-01-18,5,1,4.0,0.8660254037844386,0.5000000000000001,-0.9749279121818235,-0.2225209339563146,1.0,21.95597790185476,1709,461.34957904502346,590.2299330649813
2025-01-18T04:15:00,2025-01-18,5,1,4.25,0.8968727415326884,0.44228869021900125,-0.9749279121818235,-0.2225209339563146,1.0,20.104570504685046,1709,439.11412037326033,551.0237515653209
2025-01-18T04:30:00,2025-01-18,5,1,4.5,0.9238795325112867,0.38268343236508984,-0.9749279121818235,-0.2225209339563146,1.0,20.235395340157183,1709,428.6817861615784,539.8373022899588
2025-01-18T04:45:00,2025-01-18,5,1,4.75,0.9469301294951056,0.3214394653031617,-0.9749279121818235,-0.2225209339563146,1.0,18.946019882413015,1709,379.5867726126804,528.4317602233293
2025-01-18T05:00:00,2025-01-18,5,1,5.0,0.9659258262890683,0.25881904510252074,-0.9749279121818235,-0.2225209339563146,1.0,19.208646958288558,1709,330.3922492013093,468.57339065811186
2025-01-18T05:15:00,2025-01-18,5,1,5.25,0.9807852804032304,0.1950903220161283,-0.9749279121818235,-0.2225209339563146,1.0,18.334462589312245,1709,286.1827814649394,398.4614341363727
2025-01-18T05:30:00,2025-01-18,5,1,5.5,0.9914448613738104,0.1305261922200517,-0.9749279121818235,-0.2225209339563146,1.0,17.449870333799957,1709,255.9286195383839,374.58746070642115
2025-01-18T05:45:00,2025-01-18,5,1,5.75,0.9978589232386035,0.06540312923014327,-0.9749279121818235,-0.2225209339563146,1.0,18.232484657381846,1709,250.6972469893643,361.5216261595798
2025-01-18T06:00:00,2025-01-18,5,1,6.0,1.0,6.123233995736766e-17,-0.9749279121818235,-0.2225209339563146,1.0,16.773629027136362,1709,240.10403442897785,374.5132151114805
2025-01-18T06:15:00,2025-01-18,5,1,6.25,0.9978589232386035,-0.06540312923014316,-0.9749279121818235,-0.2225209339563146,1.0,17.030034076884075,1709,246.43925182028215,345.84665953281075
2025-01-18T06:30:00,2025-01-18,5,1,6.5,0.9914448613738104,-0.1305261922200516,-0.9749279121818235,-0.2225209339563146,1.0,16.992972736698253,1709,244.97339547480627,370.3322585666273
2025-01-18T06:45:00,2025-01-18,5,1,6.75,0.9807852804032304,-0.1950903220161282,-0.9749279121818235,-0.2225209339563146,1.0,17.22362481038678,1709,252.15638100127006,374.53272958111995
2025-01-18T07:00:00,2025-01-18,5,1,7.0,0.9659258262890683,-0.25881904510252063,-0.9749279121818235,-0.2225209339563146,1.2,17.346631392463678,1709,236.12332591933387,329.90091182603
2025-01-18T07:15:00,2025-01-18,5,1,7.25,0.9469301294951057,-0.3214394653031616,-0.9749279121818235,-0.2225209339563146,1.2,16.308485905901723,1709,222.07736277122876,300.31774307512126
2025-01-18T07:30:00,2025-01-18,5,1,7.5,0.9238795325112868,-0.3826834323650895,-0.9749279121818235,-0.2225209339563146,1.2,15.847740530147503,1709,199.3411080038756,284.41118839791454
2025-01-18T07:45:00,2025-01-18,5,1,7.75,0.8968727415326884,-0.44228869021900113,-0.9749279121818235,-0.2225209339563146,1.2,16.353565523458304,1709,196.39726742416545,294.326062539791
2025-01-18T08:00:00,2025-01-18,5,1,8.0,0.8660254037844388,-0.4999999999999998,-0.9749279121818235,-0.2225209339563146,1.2,16.04591608770103,1709,186.0688466345603,281.6583576359992
2025-01-18T08:15:00,2025-01-18,5,1,8.25,0.8314696123025451,-0.5555702330196023,-0.9749279121818235,-0.2225209339563146,1.2,15.765884978572693,1709,178.8813438664197,270.40556123331726
2025-01-18T08:30:00,2025-01-18,5,1,8.5,0.7933533402912352,-0.6087614290087207,-0.9749279121818235,-0.2225209339563146,1.2,15.598176055581165,1709,148.27260609244956,245.3344121649944
2025-01-18T08:45:00,2025-01-18,5,1,8.75,0.7518398074789774,-0.6593458151000688,-0.9749279121818235,-0.2225209339563146,1.2,15.927597404417286,1709,134.04089008948594,227.58226525708184
2025-01-18T09:00:00,2025-01-18,5,1,9.0,0.7071067811865476,-0.7071067811865475,-0.9749279121818235,-0.2225209339563146,1.2,15.366938252220702,1709,131.35164639200696,217.58226525708167
2025-01-18T09:15:00,2025-01-18,5,1,9.25,0.659345815100069,-0.7518398074789773,-0.9749279121818235,-0.2225209339563146,1.2,15.580529090776976,1709,116.98507174282362,199.40726525708172
2025-01-18T09:30:00,2025-01-18,5,1,9.5,0.6087614290087209,-0.7933533402912349,-0.9749279121818235,-0.2225209339563146,1.2,16.543907046095995,1709,118.3005356018032,183.18806709678964
2025-01-18T09:45:00,2025-01-18,5,1,9.75,0.5555702330196025,-0.831469612302545,-0.9749279121818235,-0.2225209339563146,1.2,16.559893031721312,1709,104.93764583456561,168.62525512615144
2025-01-18T10:00:00,2025-01-18,5,1,10.0,0.49999999999999994,-0.8660254037844387,-0.9749279121818235,-0.2225209339563146,1.0,16.572307235281254,1709,102.93764583456563,162.9390232420935
2025-01-18T10:15:00,2025-01-18,5,1,10.25,0.4422886902190017,-0.8968727415326881,-0.9749279121818235,-0.2225209339563146,1.0,17.15709666469199,1709,90.41392124997147,156.718797380998
2025-01-18T10:30:00,2025-01-18,5,1,10.5,0.38268343236508984,-0.9238795325112867,-0.9749279121818235,-0.2225209339563146,1.0,16.53667125027592,1709,70.08921693546203,156.718797380998
2025-01-18T10:45:00,2025-01-18,5,1,10.75,0.32143946530316175,-0.9469301294951056,-0.9749279121818235,-0.2225209339563146,1.0,17.91973740609604,1709,66.08921693546205,149.06733775366874
2025-01-18T11:00:00,2025-01-18,5,1,11.0,0.258819045102521,-0.9659258262890682,-0.9749279121818235,-0.2225209339563146,1.0,17.383415180036284,1709,63.46052128328814,139.15919951509574
2025-01-18T11:15:00,2025-01-18,5,1,11.25,0.19509032201612816,-0.9807852804032304,-0.9749279121818235,-0.2225209339563146,1.0,16.700906765181063,1709,61.065714520003105,127.12615603683476
2025-01-18T11:30:00,2025-01-18,5,1,11.5,0.130526192220052,-0.9914448613738104,-0.9749279121818235,-0.2225209339563146,1.0,16.46926593412582,1709,61.065714520003105,117.24586150668048
2025-01-18T11:45:00,2025-01-18,5,1,11.75,0.06540312923014312,-0.9978589232386035,-0.9749279121818235,-0.2225209339563146,1.0,17.35165305516692,1709,53.91072554344891,113.42227972614216
2025-01-18T12:00:00,2025-01-18,5,1,12.0,1.2246467991473532e-16,-1.0,-0.9749279121818235,-0.2225209339563146,1.0,18.325931104364255,1709,49.04589178385812,104.48170001599723
2025-01-18T12:15:00,2025-01-18,5,1,12.25,-0.06540312923014287,-0.9978589232386035,-0.9749279121818235,-0.2225209339563146,1.0,17.85011933034322,1709,41.48042609013156,102.04953178638652
2025-01-18T12:30:00,2025-01-18,5,1,12.5,-0.13052619222005177,-0.9914448613738104,-0.9749279121818235,-0.2225209339563146,1.0,18.551738654708206,1709,41.48042609013156,97.3694402532058
2025-01-18T12:45:00,2025-01-18,5,1,12.75,-0.19509032201612794,-0.9807852804032305,-0.9749279121818235,-0.2225209339563146,1.0,18.602399256166738,1709,42.89831027866792,104.36944025320578
2025-01-18T13:00:00,2025-01-18,5,1,13.0,-0.2588190451025208,-0.9659258262890683,-0.9749279121818235,-0.2225209339563146,1.0,19.129017551280374,1709,57.136957621663086,113.36944025320578
2025-01-18T13:15:00,2025-01-18,5,1,13.25,-0.32143946530316153,-0.9469301294951057,-0.9749279121818235,-0.2225209339563146,1.0,18.904196051596834,1709,85.18018382267861,165.87676848982764
2025-01-18T13:30:00,2025-01-18,5,1,13.5,-0.38268343236508967,-0.9238795325112867,-0.9749279121818235,-0.2225209339563146,1.0,19.135989418987847,1709,111.34974904006992,198.2939762820356
2025-01-18T13:45:00,2025-01-18,5,1,13.75,-0.4422886902190015,-0.8968727415326883,-0.9749279121818235,-0.2225209339563146,1.0,20.031399774908692,1709,179.3361983154322,284.5493670538442
2025-01-18T14:00:00,2025-01-18,5,1,14.0,-0.4999999999999998,-0.8660254037844388,-0.9749279121818235,-0.2225209339563146,1.0,20.715485492217883,1709,174.70275040263647,277.7914685031195
2025-01-18T14:15:00,2025-01-18,5,1,14.25,-0.555570233019602,-0.8314696123025455,-0.9749279121818235,-0.2225209339563146,1.0,21.45279900507003,1709,199.47619584455785,311.65487602554856
2025-01-18T14:30:00,2025-01-18,5,1,14.5,-0.6087614290087207,-0.7933533402912352,-0.9749279121818235,-0.2225209339563146,1.0,21.05369129718657,1709,241.99256920549647,357.8673903670845
2025-01-18T14:45:00,2025-01-18,5,1,14.75,-0.6593458151000688,-0.7518398074789774,-0.9749279121818235,-0.2225209339563146,1.0,21.83807995689743,1709,341.4405204734899,461.9038665043685
2025-01-18T15:00:00,2025-01-18,5,1,15.0,-0.7071067811865471,-0.7071067811865479,-0.9749279121818235,-0.2225209339563146,1.0,22.727351619328907,1709,429.95703315464937,525.5382157420879
2025-01-18T15:15:00,2025-01-18,5,1,15.25,-0.7518398074789773,-0.6593458151000691,-0.9749279121818235,-0.2225209339563146,1.0,21.501320191089953,1709,629.0026356303399,713.4658253419237
2025-01-18T15:30:00,2025-01-18,5,1,15.5,-0.7933533402912349,-0.6087614290087209,-0.9749279121818235,-0.2225209339563146,1.0,22.19435646455503,1709,699.9848445672305,848.5477391450083
2025-01-18T15:45:00,2025-01-18,5,1,15.75,-0.8314696123025452,-0.5555702330196022,-0.9749279121818235,-0.2225209339563146,1.0,24.110155367510888,1709,771.8215745923726,893.0350387141993
2025-01-18T16:00:00,2025-01-18,5,1,16.0,-0.8660254037844384,-0.5000000000000004,-0.9749279121818235,-0.2225209339563146,1.0,23.128279550412095,1709,809.1911145732681,881.4773459535362
2025-01-18T16:15:00,2025-01-18,5,1,16.25,-0.8968727415326883,-0.44228869021900136,-0.9749279121818235,-0.2225209339563146,1.0,24.370672550699727,1709,874.8121059433092,979.2996226336872
2025-01-18T16:30:00,2025-01-18,5,1,16.5,-0.9238795325112868,-0.3826834323650895,-0.9749279121818235,-0.2225209339563146,1.0,24.441713748379,1709,876.8693259311358,1026.9902053746177
2025-01-18T16:45:00,2025-01-18,5,1,16.75,-0.9469301294951056,-0.3214394653031618,-0.9749279121818235,-0.2225209339563146,1.0,25.204278383813943,1709,945.0360708118147,986.8529562069934
2025-01-18T17:00:00,2025-01-18,5,1,17.0,-0.9659258262890683,-0.25881904510252063,-0.9749279121818235,-0.2225209339563146,1.0,24.817950518470553,1709,1000.3430297170717,1064.86394398733
2025-01-18T17:15:00,2025-01-18,5,1,17.25,-0.9807852804032303,-0.19509032201612866,-0.9749279121818235,-0.2225209339563146,1.0,25.41335068657676,1709,977.7625314954863,1127.3073687605543
2025-01-18T17:30:00,2025-01-18,5,1,17.5,-0.9914448613738104,-0.13052619222005163,-0.9749279121818235,-0.2225209339563146,1.0,26.260018022720697,1709,951.3338464990394,1141.4840677499708
2025-01-18T17:45:00,2025-01-18,5,1,17.75,-0.9978589232386035,-0.06540312923014273,-0.9749279121818235,-0.2225209339563146,1.0,26.350330227930254,1709,942.3081569277409,1205.4875356190064
2025-01-18T18:00:00,2025-01-18,5,1,18.0,-1.0,-1.8369701987210297e-16,-0.9749279121818235,-0.2225209339563146,1.7,25.625729249840138,1709,997.1015112377871,569.9027217708402
2025-01-18T18:15:00,2025-01-18,5,1,18.25,-0.9978589232386036,0.06540312923014237,-0.9749279121818235,-0.2225209339563146,1.7,26.246505191955194,1709,937.6262151996021,534.5438958342532
2025-01-18T18:30:00,2025-01-18,5,1,18.5,-0.9914448613738105,0.13052619222005124,-0.9749279121818235,-0.2225209339563146,1.7,26.025654161755476,1709,867.2542939686593,497.7571108438814
2025-01-18T18:45:00,2025-01-18,5,1,18.75,-0.9807852804032304,0.19509032201612828,-0.9749279121818235,-0.2225209339563146,1.7,26.533775311085343,1709,893.9375966547221,491.5984844823202
2025-01-18T19:00:00,2025-01-18,5,1,19.0,-0.9659258262890684,0.2588190451025203,-0.9749279121818235,-0.2225209339563146,1.7,26.527442071065966,1709,947.9687204648047,519.080232709938
2025-01-18T19:15:00,2025-01-18,5,1,19.25,-0.9469301294951057,0.3214394653031615,-0.9749279121818235,-0.2225209339563146,1.7,27.649709652419105,1709,922.0433767695982,484.3496844709914
2025-01-18T19:30:00,2025-01-18,5,1,19.5,-0.923879532511287,0.38268343236508917,-0.9749279121818235,-0.2225209339563146,1.7,27.721286957376847,1709,941.7172896839078,461.5506304396291
2025-01-18T19:45:00,2025-01-18,5,1,19.75,-0.8968727415326885,0.4422886902190011,-0.9749279121818235,-0.2225209339563146,1.7,28.1992290902547,1709,864.6582265922679,447.8092308495916
2025-01-18T20:00:00,2025-01-18,5,1,20.0,-0.8660254037844386,0.5,-0.9749279121818235,-0.2225209339563146,1.7,28.00338547941292,1709,835.02563418574,453.3587500803609
2025-01-18T20:15:00,2025-01-18,5,1,20.25,-0.8314696123025456,0.5555702330196018,-0.9749279121818235,-0.2225209339563146,1.7,27.13804248971968,1709,893.2869466052045,455.1215371121697
2025-01-18T20:30:00,2025-01-18,5,1,20.5,-0.7933533402912357,0.6087614290087199,-0.9749279121818235,-0.2225209339563146,1.7,26.771433324152465,1709,894.557182611888,436.5681673966152
2025-01-18T20:45:00,2025-01-18,5,1,20.75,-0.7518398074789773,0.6593458151000691,-0.9749279121818235,-0.2225209339563146,1.7,28.447801430465738,1709,984.794127125972,519.5625712174319
2025-01-18T21:00:00,2025-01-18,5,1,21.0,-0.7071067811865477,0.7071067811865475,-0.9749279121818235,-0.2225209339563146,1.7,26.317922459817296,1709,1122.4904936298071,566.8047612079631
2025-01-18T21:15:00,2025-01-18,5,1,21.25,-0.6593458151000687,0.7518398074789775,-0.9749279121818235,-0.2225209339563146,1.0,27.764139461614928,1709,1185.2137781807187,1294.7037413672774
2025-01-18T21:30:00,2025-01-18,5,1,21.5,-0.6087614290087209,0.7933533402912349,-0.9749279121818235,-0.2225209339563146,1.0,28.33720845997447,1709,1142.85137997506,1291.381116174908
2025-01-18T21:45:00,2025-01-18,5,1,21.75,-0.555570233019603,0.8314696123025447,-0.9749279121818235,-0.2225209339563146,1.0,27.524486863344567,1709,1111.7761529931945,1244.5545374473973
2025-01-18T22:00:00,2025-01-18,5,1,22.0,-0.5000000000000004,0.8660254037844384,-0.9749279121818235,-0.2225209339563146,1.0,27.59232187261774,1709,1187.8489226148768,1251.9928935550574
2025-01-18T22:15:00,2025-01-18,5,1,22.25,-0.4422886902190014,0.8968727415326883,-0.9749279121818235,-0.2225209339563146,1.0,27.72412492860438,1709,1192.3603495204993,1240.020824531796
2025-01-18T22:30:00,2025-01-18,5,1,22.5,-0.38268343236508956,0.9238795325112868,-0.9749279121818235,-0.2225209339563146,1.0,28.031610357101286,1709,1251.9044816639307,1265.8677214922802
2025-01-18T22:45:00,2025-01-18,5,1,22.75,-0.32143946530316186,0.9469301294951056,-0.9749279121818235,-0.2225209339563146,1.0,26.948572326705566,1709,1293.1100334812759,1272.8248644435319
2025-01-18T23:00:00,2025-01-18,5,1,23.0,-0.2588190451025215,0.9659258262890681,-0.9749279121818235,-0.2225209339563146,1.0,26.370259903762303,1709,1393.8071791904576,1319.7808770541099
2025-01-18T23:15:00,2025-01-18,5,1,23.25,-0.19509032201612872,0.9807852804032303,-0.9749279121818235,-0.2225209339563146,1.0,25.982065092257372,1709,1333.8157660162728,1348.0068678725484
2025-01-18T23:30:00,2025-01-18,5,1,23.5,-0.13052619222005168,0.9914448613738104,-0.9749279121818235,-0.2225209339563146,1.0,27.487793038712727,1709,1390.4106198174418,1422.0994942715645
2025-01-18T23:45:00,2025-01-18,5,1,23.75,-0.0654031292301428,0.9978589232386035,-0.9749279121818235,-0.2225209339563146,1.0,25.88413607574014,1709,1453.5614737170604,1463.926768446665
2025-01-19T00:00:00,2025-01-19,6,1,0.0,0.0,1.0,-0.7818314824680299,0.6234898018587334,1.0,27.397270541613274,1380,27.100971073286882,141.16528503257075
2025-01-19T00:15:00,2025-01-19,6,1,0.25,0.06540312923014306,0.9978589232386035,-0.7818314824680299,0.6234898018587334,1.0,25.23736076402416,1380,113.58877645630967,205.72253629330427
2025-01-19T00:30:00,2025-01-19,6,1,0.5,0.13052619222005157,0.9914448613738104,-0.7818314824680299,0.6234898018587334,1.0,25.86096213619038,1380,176.4424047113416,228.52366308921373
2025-01-19T00:45:00,2025-01-19,6,1,0.75,0.19509032201612825,0.9807852804032304,-0.7818314824680299,0.6234898018587334,1.0,25.710993799018127,1380,215.5897810966783,240.72516233958848
2025-01-19T01:00:00,2025-01-19,6,1,1.0,0.25881904510252074,0.9659258262890683,-0.7818314824680299,0.6234898018587334,1.0,25.785224294876393,1380,242.01907350929554,265.63190147002325
2025-01-19T01:15:00,2025-01-19,6,1,1.25,0.3214394653031616,0.9469301294951057,-0.7818314824680299,0.6234898018587334,1.0,23.865174848683726,1380,297.664173269159,305.6147980217476
2025-01-19T01:30:00,2025-01-19,6,1,1.5,0.3826834323650898,0.9238795325112867,-0.7818314824680299,0.6234898018587334,1.0,25.056403993388674,1380,378.4433250352672,407.84052681469376
2025-01-19T01:45:00,2025-01-19,6,1,1.75,0.44228869021900125,0.8968727415326884,-0.7818314824680299,0.6234898018587334,1.0,23.37360414139848,1380,438.3783545619,439.6852990634428
2025-01-19T02:00:00,2025-01-19,6,1,2.0,0.49999999999999994,0.8660254037844387,-0.7818314824680299,0.6234898018587334,1.0,24.122162963138113,1380,405.6891068048262,440.45797513768633
2025-01-19T02:15:00,2025-01-19,6,1,2.25,0.5555702330196022,0.8314696123025452,-0.7818314824680299,0.6234898018587334,1.0,23.71460142223685,1380,416.2549307264817,465.496579877378
2025-01-19T02:30:00,2025-01-19,6,1,2.5,0.6087614290087207,0.7933533402912352,-0.7818314824680299,0.6234898018587334,1.0,23.203449812426964,1380,458.07120739968894,454.8257413680611
2025-01-19T02:45:00,2025-01-19,6,1,2.75,0.6593458151000688,0.7518398074789774,-0.7818314824680299,0.6234898018587334,1.0,22.531449887010005,1380,458.16008674498124,431.6077220443896
2025-01-19T03:00:00,2025-01-19,6,1,3.0,0.7071067811865475,0.7071067811865476,-0.7818314824680299,0.6234898018587334,1.0,21.113953111341534,1380,419.69351695500984,405.17420961479047
2025-01-19T03:15:00,2025-01-19,6,1,3.25,0.7518398074789774,0.659345815100069,-0.7818314824680299,0.6234898018587334,1.0,22.745873929889434,1380,407.10088755542387,368.00726333357386
2025-01-19T03:30:00,2025-01-19,6,1,3.5,0.793353340291235,0.6087614290087208,-0.7818314824680299,0.6234898018587334,1.0,20.707298621547448,1380,376.307385139965,414.5307312424762
2025-01-19T03:45:00,2025-01-19,6,1,3.75,0.8314696123025451,0.5555702330196024,-0.7818314824680299,0.6234898018587334,1.0,21.180739198206986,1380,374.53431081209266,484.2556869310081
2025-01-19T04:00:00,2025-01-19,6,1,4.0,0.8660254037844386,0.5000000000000001,-0.7818314824680299,0.6234898018587334,1.0,20.38740940861488,1380,374.6480127381859,483.76731564046287
2025-01-19T04:15:00,2025-01-19,6,1,4.25,0.8968727415326884,0.44228869021900125,-0.7818314824680299,0.6234898018587334,1.0,18.612146965750874,1380,364.24623856209763,439.80480356316843
2025-01-19T04:30:00,2025-01-19,6,1,4.5,0.9238795325112867,0.38268343236508984,-0.7818314824680299,0.6234898018587334,1.0,19.83518721359494,1380,413.9111814027556,428.9850890264974
2025-01-19T04:45:00,2025-01-19,6,1,4.75,0.9469301294951056,0.3214394653031617,-0.7818314824680299,0.6234898018587334,1.0,19.444276376539015,1380,424.4391993213643,406.92734575527595
2025-01-19T05:00:00,2025-01-19,6,1,5.0,0.9659258262890683,0.25881904510252074,-0.7818314824680299,0.6234898018587334,1.0,18.574375719503696,1380,395.3732022150266,403.07685921283297
2025-01-19T05:15:00,2025-01-19,6,1,5.25,0.9807852804032304,0.1950903220161283,-0.7818314824680299,0.6234898018587334,1.0,18.326165832819534,1380,361.8180468248073,383.13361904720153
2025-01-19T05:30:00,2025-01-19,6,1,5.5,0.9914448613738104,0.1305261922200517,-0.7818314824680299,0.6234898018587334,1.0,17.878113390144097,1380,354.9219137549786,381.8133291921291
2025-01-19T05:45:00,2025-01-19,6,1,5.75,0.9978589232386035,0.06540312923014327,-0.7818314824680299,0.6234898018587334,1.0,17.80848397066704,1380,297.014667378167,342.07105984603294
2025-01-19T06:00:00,2025-01-19,6,1,6.0,1.0,6.123233995736766e-17,-0.7818314824680299,0.6234898018587334,1.0,17.38548282379871,1380,297.9099313533224,346.6565258875219
2025-01-19T06:15:00,2025-01-19,6,1,6.25,0.9978589232386035,-0.06540312923014316,-0.7818314824680299,0.6234898018587334,1.0,17.356220198932782,1380,304.43351589438515,316.81615321671467
2025-01-19T06:30:00,2025-01-19,6,1,6.5,0.9914448613738104,-0.1305261922200516,-0.7818314824680299,0.6234898018587334,1.0,18.112971407476856,1380,277.9595303871388,335.0068536998063
2025-01-19T06:45:00,2025-01-19,6,1,6.75,0.9807852804032304,-0.1950903220161282,-0.7818314824680299,0.6234898018587334,1.0,16.07303216772451,1380,252.35858459380162,318.4868909911023
2025-01-19T07:00:00,2025-01-19,6,1,7.0,0.9659258262890683,-0.25881904510252063,-0.7818314824680299,0.6234898018587334,1.2,15.806784176614025,1380,226.92509638367326,304.7799871702855
2025-01-19T07:15:00,2025-01-19,6,1,7.25,0.9469301294951057,-0.3214394653031616,-0.7818314824680299,0.6234898018587334,1.2,15.906046418383632,1380,191.2380152811217,290.0016357210101
2025-01-19T07:30:00,2025-01-19,6,1,7.5,0.9238795325112868,-0.3826834323650895,-0.7818314824680299,0.6234898018587334,1.2,16.017657773030802,1380,167.01598629561445,253.60460552182377
2025-01-19T07:45:00,2025-01-19,6,1,7.75,0.8968727415326884,-0.44228869021900113,-0.7818314824680299,0.6234898018587334,1.2,15.871368412815777,1380,164.47818622129267,253.6741189839344
2025-01-19T08:00:00,2025-01-19,6,1,8.0,0.8660254037844388,-0.4999999999999998,-0.7818314824680299,0.6234898018587334,1.2,15.97874608121461,1380,181.3142075268792,222.93632456419797
2025-01-19T08:15:00,2025-01-19,6,1,8.25,0.8314696123025451,-0.5555702330196023,-0.7818314824680299,0.6234898018587334,1.2,15.263856962888125,1380,160.60116404861833,214.40921103762784
2025-01-19T08:30:00,2025-01-19,6,1,8.5,0.7933533402912352,-0.6087614290087207,-0.7818314824680299,0.6234898018587334,1.2,16.56307858278087,1380,147.31979758899098,196.69274926851222
2025-01-19T08:45:00,2025-01-19,6,1,8.75,0.7518398074789774,-0.6593458151000688,-0.7818314824680299,0.6234898018587334,1.2,15.645138121520002,1380,134.29892802377358,195.69274926851222
2025-01-19T09:00:00,2025-01-19,6,1,9.0,0.7071067811865476,-0.7071067811865475,-0.7818314824680299,0.6234898018587334,1.2,15.226113001378026,1380,124.71892112246232,178.38218628077522
2025-01-19T09:15:00,2025-01-19,6,1,9.25,0.659345815100069,-0.7518398074789773,-0.7818314824680299,0.6234898018587334,1.2,15.103986037245384,1380,102.8665566259419,169.0705920778766
2025-01-19T09:30:00,2025-01-19,6,1,9.5,0.6087614290087209,-0.7933533402912349,-0.7818314824680299,0.6234898018587334,1.2,15.918819004456546,1380,99.62345643690598,164.42566454164478
2025-01-19T09:45:00,2025-01-19,6,1,9.75,0.5555702330196025,-0.831469612302545,-0.7818314824680299,0.6234898018587334,1.2,15.745614935753464,1380,87.61032649619452,163.42566454164478
2025-01-19T10:00:00,2025-01-19,6,1,10.0,0.49999999999999994,-0.8660254037844387,-0.7818314824680299,0.6234898018587334,1.0,15.472664977823985,1380,78.36652947974673,160.7126210633839
2025-01-19T10:15:00,2025-01-19,6,1,10.25,0.4422886902190017,-0.8968727415326881,-0.7818314824680299,0.6234898018587334,1.0,17.21550649747922,1380,73.72317199182402,159.7126210633839
2025-01-19T10:30:00,2025-01-19,6,1,10.5,0.38268343236508984,-0.9238795325112867,-0.7818314824680299,0.6234898018587334,1.0,17.909280630546153,1380,71.6560912464824,155.36551961410856
2025-01-19T10:45:00,2025-01-19,6,1,10.75,0.32143946530316175,-0.9469301294951056,-0.7818314824680299,0.6234898018587334,1.0,16.917163985488365,1380,64.430837623294,151.15620284392224
2025-01-19T11:00:00,2025-01-19,6,1,11.0,0.258819045102521,-0.9659258262890682,-0.7818314824680299,0.6234898018587334,1.0,17.671119691943527,1380,58.35437109465356,139.14073085018924
2025-01-19T11:15:00,2025-01-19,6,1,11.25,0.19509032201612816,-0.9807852804032304,-0.7818314824680299,0.6234898018587334,1.0,18.857462321832006,1380,44.42938482376235,134.35091718559292
2025-01-19T11:30:00,2025-01-19,6,1,11.5,0.130526192220052,-0.9914448613738104,-0.7818314824680299,0.6234898018587334,1.0,18.004451004777888,1380,43.42938482376235,125.97704086361877
2025-01-19T11:45:00,2025-01-19,6,1,11.75,0.06540312923014312,-0.9978589232386035,-0.7818314824680299,0.6234898018587334,1.0,17.32867367837023,1380,53.152633341548906,120.82622564622747
2025-01-19T12:00:00,2025-01-19,6,1,12.0,1.2246467991473532e-16,-1.0,-0.7818314824680299,0.6234898018587334,1.0,18.47106529846518,1380,53.152633341548906,112.26318216796663
2025-01-19T12:15:00,2025-01-19,6,1,12.25,-0.06540312923014287,-0.9978589232386035,-0.7818314824680299,0.6234898018587334,1.0,18.86276154600025,1380,51.285845901935375,113.88202274767677
2025-01-19T12:30:00,2025-01-19,6,1,12.5,-0.13052619222005177,-0.9914448613738104,-0.7818314824680299,0.6234898018587334,1.0,18.578825690320883,1380,53.69645162471501,121.88202274767677
2025-01-19T12:45:00,2025-01-19,6,1,12.75,-0.19509032201612794,-0.9807852804032305,-0.7818314824680299,0.6234898018587334,1.0,18.970974697544246,1380,67.84548544114013,145.39467096902067
2025-01-19T13:00:00,2025-01-19,6,1,13.0,-0.2588190451025208,-0.9659258262890683,-0.7818314824680299,0.6234898018587334,1.0,18.76153953310385,1380,71.85256618648175,154.33580040430311
2025-01-19T13:15:00,2025-01-19,6,1,13.25,-0.32143946530316153,-0.9469301294951057,-0.7818314824680299,0.6234898018587334,1.0,20.052363312455597,1380,80.20772291044536,199.31232214343376
2025-01-19T13:30:00,2025-01-19,6,1,13.5,-0.38268343236508967,-0.9238795325112867,-0.7818314824680299,0.6234898018587334,1.0,18.422536223455353,1380,125.36525914232942,235.51609025937606
2025-01-19T13:45:00,2025-01-19,6,1,13.75,-0.4422886902190015,-0.8968727415326883,-0.7818314824680299,0.6234898018587334,1.0,19.710599814084542,1380,159.4472926884934,247.9606554767673
2025-01-19T14:00:00,2025-01-19,6,1,14.0,-0.4999999999999998,-0.8660254037844388,-0.7818314824680299,0.6234898018587334,1.0,20.61463266203243,1380,177.9085245725514,232.6462912795052
2025-01-19T14:15:00,2025-01-19,6,1,14.25,-0.555570233019602,-0.8314696123025455,-0.7818314824680299,0.6234898018587334,1.0,21.989492727783762,1380,222.74262713665397,256.14147457021284
2025-01-19T14:30:00,2025-01-19,6,1,14.5,-0.6087614290087207,-0.7933533402912352,-0.7818314824680299,0.6234898018587334,1.0,21.90522322827314,1380,212.64585455710144,265.2295180484739
2025-01-19T14:45:00,2025-01-19,6,1,14.75,-0.6593458151000688,-0.7518398074789774,-0.7818314824680299,0.6234898018587334,1.0,21.05876657218334,1380,318.3946114009634,354.64970977036245
2025-01-19T15:00:00,2025-01-19,6,1,15.0,-0.7071067811865471,-0.7071067811865479,-0.7818314824680299,0.6234898018587334,1.0,20.806579916802704,1380,412.18457693060293,444.5315832057354
2025-01-19T15:15:00,2025-01-19,6,1,15.25,-0.7518398074789773,-0.6593458151000691,-0.7818314824680299,0.6234898018587334,1.0,22.715039966618495,1380,568.1604972148627,597.7330015354153
2025-01-19T15:30:00,2025-01-19,6,1,15.5,-0.7933533402912349,-0.6087614290087209,-0.7818314824680299,0.6234898018587334,1.0,22.53445652931598,1380,627.6939079060074,659.1895668559924
2025-01-19T15:45:00,2025-01-19,6,1,15.75,-0.8314696123025452,-0.5555702330196022,-0.7818314824680299,0.6234898018587334,1.0,23.862648221352842,1380,627.8460576644615,727.8396670818536
2025-01-19T16:00:00,2025-01-19,6,1,16.0,-0.8660254037844384,-0.5000000000000004,-0.7818314824680299,0.6234898018587334,1.0,22.582565483629352,1380,638.8093579120969,685.0767663634095
2025-01-19T16:15:00,2025-01-19,6,1,16.25,-0.8968727415326883,-0.44228869021900136,-0.7818314824680299,0.6234898018587334,1.0,23.644047739332628,1380,725.440367743509,788.0789340955153
2025-01-19T16:30:00,2025-01-19,6,1,16.5,-0.9238795325112868,-0.3826834323650895,-0.7818314824680299,0.6234898018587334,1.0,24.463251726556685,1380,748.1051069817267,779.6612240921531
2025-01-19T16:45:00,2025-01-19,6,1,16.75,-0.9469301294951056,-0.3214394653031618,-0.7818314824680299,0.6234898018587334,1.0,24.931321698526556,1380,737.8748176504828,794.111512469027
2025-01-19T17:00:00,2025-01-19,6,1,17.0,-0.9659258262890683,-0.25881904510252063,-0.7818314824680299,0.6234898018587334,1.0,25.81213041999945,1380,850.0050005352308,833.1496284533431
2025-01-19T17:15:00,2025-01-19,6,1,17.25,-0.9807852804032303,-0.19509032201612866,-0.7818314824680299,0.6234898018587334,1.0,24.82187504697319,1380,892.5525204425096,838.1785058400465
2025-01-19T17:30:00,2025-01-19,6,1,17.5,-0.9914448613738104,-0.13052619222005163,-0.7818314824680299,0.6234898018587334,1.0,24.88395873318928,1380,885.3433627163199,911.8856893811437
2025-01-19T17:45:00,2025-01-19,6,1,17.75,-0.9978589232386035,-0.06540312923014273,-0.7818314824680299,0.6234898018587334,1.0,26.209823389328292,1380,834.4872902525518,939.1319720911871
2025-01-19T18:00:00,2025-01-19,6,1,18.0,-1.0,-1.8369701987210297e-16,-0.7818314824680299,0.6234898018587334,1.7,26.1917249916106,1380,829.1558913006264,446.351779441157
2025-01-19T18:15:00,2025-01-19,6,1,18.25,-0.9978589232386036,0.06540312923014237,-0.7818314824680299,0.6234898018587334,1.7,26.216421347010268,1380,828.4605370728337,398.1607260569231
2025-01-19T18:30:00,2025-01-19,6,1,18.5,-0.9914448613738105,0.13052619222005124,-0.7818314824680299,0.6234898018587334,1.7,26.26654941768195,1380,809.4811204809714,385.2911534215449
2025-01-19T18:45:00,2025-01-19,6,1,18.75,-0.9807852804032304,0.19509032201612828,-0.7818314824680299,0.6234898018587334,1.7,27.381381936109687,1380,831.0624412701568,421.0152167431711
2025-01-19T19:00:00,2025-01-19,6,1,19.0,-0.9659258262890684,0.2588190451025203,-0.7818314824680299,0.6234898018587334,1.7,27.290583352598567,1380,845.3808875340376,425.0444505407744
2025-01-19T19:15:00,2025-01-19,6,1,19.25,-0.9469301294951057,0.3214394653031615,-0.7818314824680299,0.6234898018587334,1.7,26.342269458579477,1380,812.898819138411,409.7718961630842
2025-01-19T19:30:00,2025-01-19,6,1,19.5,-0.923879532511287,0.38268343236508917,-0.7818314824680299,0.6234898018587334,1.7,27.04526664287009,1380,830.2894459753422,404.9942824944283
2025-01-19T19:45:00,2025-01-19,6,1,19.75,-0.8968727415326885,0.4422886902190011,-0.7818314824680299,0.6234898018587334,1.7,28.234852428976573,1380,860.1608199764477,417.5601049816993
2025-01-19T20:00:00,2025-01-19,6,1,20.0,-0.8660254037844386,0.5,-0.7818314824680299,0.6234898018587334,1.7,27.865227749779482,1380,886.3888312729314,419.9584385696989
2025-01-19T20:15:00,2025-01-19,6,1,20.25,-0.8314696123025456,0.5555702330196018,-0.7818314824680299,0.6234898018587334,1.7,28.446199295782783,1380,887.7311486926532,410.6994459568261
2025-01-19T20:30:00,2025-01-19,6,1,20.5,-0.7933533402912357,0.6087614290087199,-0.7818314824680299,0.6234898018587334,1.7,27.43391214234289,1380,892.8884631897504,397.68722768465517
2025-01-19T20:45:00,2025-01-19,6,1,20.75,-0.7518398074789773,0.6593458151000691,-0.7818314824680299,0.6234898018587334,1.7,27.783908585898153,1380,862.4082314649534,419.1111214840924
2025-01-19T21:00:00,2025-01-19,6,1,21.0,-0.7071067811865477,0.7071067811865475,-0.7818314824680299,0.6234898018587334,1.7,28.516439546207557,1380,987.2033450044402,461.77533555568067
2025-01-19T21:15:00,2025-01-19,6,1,21.25,-0.6593458151000687,0.7518398074789775,-0.7818314824680299,0.6234898018587334,1.0,27.505082392334327,1380,960.2278499198147,975.8315205641373
2025-01-19T21:30:00,2025-01-19,6,1,21.5,-0.6087614290087209,0.7933533402912349,-0.7818314824680299,0.6234898018587334,1.0,27.721944757558084,1380,940.8951541614666,1011.8324709543269
2025-01-19T21:45:00,2025-01-19,6,1,21.75,-0.555570233019603,0.8314696123025447,-0.7818314824680299,0.6234898018587334,1.0,28.827916216124404,1380,978.8536582007636,1003.1409185574483
2025-01-19T22:00:00,2025-01-19,6,1,22.0,-0.5000000000000004,0.8660254037844384,-0.7818314824680299,0.6234898018587334,1.0,27.964060749186665,1380,1046.7663237367608,1023.8570121619115
2025-01-19T22:15:00,2025-01-19,6,1,22.25,-0.4422886902190014,0.8968727415326883,-0.7818314824680299,0.6234898018587334,1.0,27.23129382954225,1380,1013.8806695592415,1021.7637441530588
2025-01-19T22:30:00,2025-01-19,6,1,22.5,-0.38268343236508956,0.9238795325112868,-0.7818314824680299,0.6234898018587334,1.0,27.340012584224507,1380,995.1046914251617,1033.482700964975
2025-01-19T22:45:00,2025-01-19,6,1,22.75,-0.32143946530316186,0.9469301294951056,-0.7818314824680299,0.6234898018587334,1.0,27.47338977460612,1380,966.3177033655478,1033.468010373763
2025-01-19T23:00:00,2025-01-19,6,1,23.0,-0.2588190451025215,0.9659258262890681,-0.7818314824680299,0.6234898018587334,1.0,27.479003713220695,1380,1022.1905352352064,1062.0436557348432
2025-01-19T23:15:00,2025-01-19,6,1,23.25,-0.19509032201612872,0.9807852804032303,-0.7818314824680299,0.6234898018587334,1.0,27.039144241570337,1380,991.1006216061625,1074.1461010994628
2025-01-19T23:30:00,2025-01-19,6,1,23.5,-0.13052619222005168,0.9914448613738104,-0.7818314824680299,0.6234898018587334,1.0,26.728037804969237,1380,1017.7941508305611,1092.2949222692348
2025-01-19T23:45:00,2025-01-19,6,1,23.75,-0.0654031292301428,0.9978589232386035,-0.7818314824680299,0.6234898018587334,1.0,25.805022328390415,1380,1005.1234938112518,1162.3761475656781
2025-01-20T00:00:00,2025-01-20,0,0,0.0,0.0,1.0,0.0,1.0,1.0,25.544216388041903,2031,72.16832726493895,204.58431111273228
2025-01-20T00:15:00,2025-01-20,0,0,0.25,0.06540312923014306,0.9978589232386035,0.0,1.0,1.0,26.10084395534431,2031,200.84822558190953,339.3642941236192
2025-01-20T00:30:00,2025-01-20,0,0,0.5,0.13052619222005157,0.9914448613738104,0.0,1.0,1.0,25.748079213791048,2031,275.0794230058914,395.48899736723587
2025-01-20T00:45:00,2025-01-20,0,0,0.75,0.19509032201612825,0.9807852804032304,0.0,1.0,1.0,24.558698410571772,2031,339.87605490403814,459.83873390072785
2025-01-20T01:00:00,2025-01-20,0,0,1.0,0.25881904510252074,0.9659258262890683,0.0,1.0,1.0,24.099935282052183,2031,322.17838202994886,474.1518612844046
2025-01-20T01:15:00,2025-01-20,0,0,1.25,0.3214394653031616,0.9469301294951057,0.0,1.0,1.0,24.50341787798674,2031,382.5297283186531,559.6404151654142
2025-01-20T01:30:00,2025-01-20,0,0,1.5,0.3826834323650898,0.9238795325112867,0.0,1.0,1.0,23.97933547269907,2031,463.46517438361326,606.7578578535068
2025-01-20T01:45:00,2025-01-20,0,0,1.75,0.44228869021900125,0.8968727415326884,0.0,1.0,1.0,24.445350170887444,2031,540.3651028592882,723.2915072127817
2025-01-20T02:00:00,2025-01-20,0,0,2.0,0.49999999999999994,0.8660254037844387,0.0,1.0,1.0,22.844839693417512,2031,591.6285816595572,730.7120052497164
2025-01-20T02:15:00,2025-01-20,0,0,2.25,0.5555702330196022,0.8314696123025452,0.0,1.0,1.0,21.22897957829874,2031,689.7297124758497,830.8237587237783
2025-01-20T02:30:00,2025-01-20,0,0,2.5,0.6087614290087207,0.7933533402912352,0.0,1.0,1.0,21.531447605349214,2031,727.0342956366502,825.0904438093293
2025-01-20T02:45:00,2025-01-20,0,0,2.75,0.6593458151000688,0.7518398074789774,0.0,1.0,1.0,23.08908698340229,2031,755.2722634729076,813.6954894807684
2025-01-20T03:00:00,2025-01-20,0,0,3.0,0.7071067811865475,0.7071067811865476,0.0,1.0,1.0,21.184448669171033,2031,715.7440718806197,766.8104829538685
2025-01-20T03:15:00,2025-01-20,0,0,3.25,0.7518398074789774,0.659345815100069,0.0,1.0,1.0,20.65665206126463,2031,700.846706926733,734.4259381528564
2025-01-20T03:30:00,2025-01-20,0,0,3.5,0.793353340291235,0.6087614290087208,0.0,1.0,1.0,21.408335166746106,2031,665.2459615851179,736.4350061621419
2025-01-20T03:45:00,2025-01-20,0,0,3.75,0.8314696123025451,0.5555702330196024,0.0,1.0,1.0,20.2408210075453,2031,664.6781569501394,827.473933015566
2025-01-20T04:00:00,2025-01-20,0,0,4.0,0.8660254037844386,0.5000000000000001,0.0,1.0,1.0,21.268902912693953,2031,632.1307130431501,832.9984818242452
2025-01-20T04:15:00,2025-01-20,0,0,4.25,0.8968727415326884,0.44228869021900125,0.0,1.0,1.0,18.66250675107794,2031,542.2191809520526,801.1958558003007
2025-01-20T04:30:00,2025-01-20,0,0,4.5,0.9238795325112867,0.38268343236508984,0.0,1.0,1.0,18.90658477449116,2031,522.654817869483,752.9056177050625
2025-01-20T04:45:00,2025-01-20,0,0,4.75,0.9469301294951056,0.3214394653031617,0.0,1.0,1.0,18.957003866351357,2031,505.5171095264325,726.4228976936106
2025-01-20T05:00:00,2025-01-20,0,0,5.0,0.9659258262890683,0.25881904510252074,0.0,1.0,1.0,18.51507463452754,2031,486.63151939666085,661.2366652316916
2025-01-20T05:15:00,2025-01-20,0,0,5.25,0.9807852804032304,0.1950903220161283,0.0,1.0,1.0,17.220905509440296,2031,431.41232314573415,618.9612123331407
2025-01-20T05:30:00,2025-01-20,0,0,5.5,0.9914448613738104,0.1305261922200517,0.0,1.0,1.0,17.5209253433844,2031,381.99275302477963,555.4337033491017
2025-01-20T05:45:00,2025-01-20,0,0,5.75,0.9978589232386035,0.06540312923014327,0.0,1.0,1.0,17.382333885339897,2031,368.3789494942141,527.1594498851737
2025-01-20T06:00:00,2025-01-20,0,0,6.0,1.0,6.123233995736766e-17,0.0,1.0,1.0,17.293163871749286,2031,370.9204350014605,514.9891472423774
2025-01-20T06:15:00,2025-01-20,0,0,6.25,0.9978589232386035,-0.06540312923014316,0.0,1.0,1.0,17.246034987287082,2031,345.74315439769117,487.1009462103174
2025-01-20T06:30:00,2025-01-20,0,0,6.5,0.9914448613738104,-0.1305261922200516,0.0,1.0,1.0,17.401600702555005,2031,312.59645343667444,484.38426913275435
2025-01-20T06:45:00,2025-01-20,0,0,6.75,0.9807852804032304,-0.1950903220161282,0.0,1.0,1.0,16.601110771565278,2031,310.84105406868923,437.62596873749766
2025-01-20T07:00:00,2025-01-20,0,0,7.0,0.9659258262890683,-0.25881904510252063,0.0,1.0,1.2,17.434270507203877,2031,294.0336241169984,423.44269299379044
2025-01-20T07:15:00,2025-01-20,0,0,7.25,0.9469301294951057,-0.3214394653031616,0.0,1.0,1.2,16.005490845094762,2031,274.1383092744197,391.5592632936332
2025-01-20T07:30:00,2025-01-20,0,0,7.5,0.9238795325112868,-0.3826834323650895,0.0,1.0,1.2,15.711240314346965,2031,262.9778423854012,347.1499465234468
2025-01-20T07:45:00,2025-01-20,0,0,7.75,0.8968727415326884,-0.44228869021900113,0.0,1.0,1.2,15.285930851925517,2031,259.80199075038485,331.6030154732855
2025-01-20T08:00:00,2025-01-20,0,0,8.0,0.8660254037844388,-0.4999999999999998,0.0,1.0,1.2,15.784049331673307,2031,237.60689586910897,306.068017862201
2025-01-20T08:15:00,2025-01-20,0,0,8.25,0.8314696123025451,-0.5555702330196023,0.0,1.0,1.2,15.821563606603204,2031,215.88439143505153,292.4995314861531
2025-01-20T08:30:00,2025-01-20,0,0,8.5,0.7933533402912352,-0.6087614290087207,0.0,1.0,1.2,14.797143432211692,2031,207.609500705813,260.4124484743529
2025-01-20T08:45:00,2025-01-20,0,0,8.75,0.7518398074789774,-0.6593458151000688,0.0,1.0,1.2,16.181588787157544,2031,173.28427023338688,238.86974661099885
2025-01-20T09:00:00,2025-01-20,0,0,9.0,0.7071067811865476,-0.7071067811865475,0.0,1.0,1.2,16.875439660742003,2031,163.56340378489068,215.04430346718598
2025-01-20T09:15:00,2025-01-20,0,0,9.25,0.659345815100069,-0.7518398074789773,0.0,1.0,1.2,15.914239025923802,2031,152.3473318488699,208.668071583128
2025-01-20T09:30:00,2025-01-20,0,0,9.5,0.6087614290087209,-0.7933533402912349,0.0,1.0,1.2,14.706952154949919,2031,140.3473318488699,204.19608727453044
2025-01-20T09:45:00,2025-01-20,0,0,9.75,0.5555702330196025,-0.831469612302545,0.0,1.0,1.2,15.72981079263752,2031,118.84807067810378,199.0311114291198
2025-01-20T10:00:00,2025-01-20,0,0,10.0,0.49999999999999994,-0.8660254037844387,0.0,1.0,1.0,16.321948153729547,2031,115.11622924587871,195.86983093876782
2025-01-20T10:15:00,2025-01-20,0,0,10.25,0.4422886902190017,-0.8968727415326881,0.0,1.0,1.0,15.019465320784057,2031,110.50139856025999,175.67143276943153
2025-01-20T10:30:00,2025-01-20,0,0,10.5,0.38268343236508984,-0.9238795325112867,0.0,1.0,1.0,15.396521679042907,2031,98.74777537185419,150.1824768547088
2025-01-20T10:45:00,2025-01-20,0,0,10.75,0.32143946530316175,-0.9469301294951056,0.0,1.0,1.0,16.141694918042617,2031,94.17256973143115,147.78654417588695
2025-01-20T11:00:00,2025-01-20,0,0,11.0,0.258819045102521,-0.9659258262890682,0.0,1.0,1.0,16.39346355044159,2031,85.17256973143115,144.68443237464476
2025-01-20T11:15:00,2025-01-20,0,0,11.25,0.19509032201612816,-0.9807852804032304,0.0,1.0,1.0,15.724827661692384,2031,77.76586643472785,127.45724425301914
2025-01-20T11:30:00,2025-01-20,0,0,11.5,0.130526192220052,-0.9914448613738104,0.0,1.0,1.0,16.702602667369977,2031,63.61694188906417,122.91903035171767
2025-01-20T11:45:00,2025-01-20,0,0,11.75,0.06540312923014312,-0.9978589232386035,0.0,1.0,1.0,16.772183393973002,2031,46.5947532261594,122.91903035171767
2025-01-20T12:00:00,2025-01-20,0,0,12.0,1.2246467991473532e-16,-1.0,0.0,1.0,1.0,17.566522995324593,2031,37.38128079570795,115.4569947286026
2025-01-20T12:15:00,2025-01-20,0,0,12.25,-0.06540312923014287,-0.9978589232386035,0.0,1.0,1.0,19.03612886323932,2031,37.044801474393,114.4569947286026
2025-01-20T12:30:00,2025-01-20,0,0,12.5,-0.13052619222005177,-0.9914448613738104,0.0,1.0,1.0,17.616583461068323,2031,50.88603569599187,125.19291255193194
2025-01-20T12:45:00,2025-01-20,0,0,12.75,-0.19509032201612794,-0.9807852804032305,0.0,1.0,1.0,18.232082006148545,2031,82.36862180553452,173.9998690736713
2025-01-20T13:00:00,2025-01-20,0,0,13.0,-0.2588190451025208,-0.9659258262890683,0.0,1.0,1.0,18.998996983442126,2031,116.72108266783518,179.99986907367145
2025-01-20T13:15:00,2025-01-20,0,0,13.25,-0.32143946530316153,-0.9469301294951057,0.0,1.0,1.0,18.809853394289306,2031,168.3041234489335,202.86363718961348
2025-01-20T13:30:00,2025-01-20,0,0,13.5,-0.38268343236508967,-0.9238795325112867,0.0,1.0,1.0,19.281615340134344,2031,209.3812772331525,267.03294360783286
2025-01-20T13:45:00,2025-01-20,0,0,13.75,-0.4422886902190015,-0.8968727415326883,0.0,1.0,1.0,18.723091297416893,2031,254.4569681694304,308.13873840180713
2025-01-20T14:00:00,2025-01-20,0,0,14.0,-0.4999999999999998,-0.8660254037844388,0.0,1.0,1.0,20.18569250061385,2031,277.906950148869,275.84254792561654
2025-01-20T14:15:00,2025-01-20,0,0,14.25,-0.555570233019602,-0.8314696123025455,0.0,1.0,1.0,20.637021327304797,2031,278.1343989066329,320.60469145062837
2025-01-20T14:30:00,2025-01-20,0,0,14.5,-0.6087614290087207,-0.7933533402912352,0.0,1.0,1.0,20.964133825077482,2031,282.33515460021465,388.186012848753
2025-01-20T14:45:00,2025-01-20,0,0,14.75,-0.6593458151000688,-0.7518398074789774,0.0,1.0,1.0,21.57180111741343,2031,400.3607773570763,516.9680756031797
2025-01-20T15:00:00,2025-01-20,0,0,15.0,-0.7071067811865471,-0.7071067811865479,0.0,1.0,1.0,21.505203483271526,2031,551.7639953647267,681.2389515324044
2025-01-20T15:15:00,2025-01-20,0,0,15.25,-0.7518398074789773,-0.6593458151000691,0.0,1.0,1.0,22.383811034549243,2031,754.0972257568908,785.1428781278557
2025-01-20T15:30:00,2025-01-20,0,0,15.5,-0.7933533402912349,-0.6087614290087209,0.0,1.0,1.0,23.04266474799109,2031,899.0506971364943,918.2182800270677
2025-01-20T15:45:00,2025-01-20,0,0,15.75,-0.8314696123025452,-0.5555702330196022,0.0,1.0,1.0,23.21564459023338,2031,1040.2887326990433,1036.4794607466335
2025-01-20T16:00:00,2025-01-20,0,0,16.0,-0.8660254037844384,-0.5000000000000004,0.0,1.0,1.0,22.20081548628902,2031,978.8234391903355,970.8741560900651
2025-01-20T16:15:00,2025-01-20,0,0,16.25,-0.8968727415326883,-0.44228869021900136,0.0,1.0,1.0,23.426993617531082,2031,1135.1168452968518,981.2678061934799
2025-01-20T16:30:00,2025-01-20,0,0,16.5,-0.9238795325112868,-0.3826834323650895,0.0,1.0,1.0,23.70222153965443,2031,1141.4967667272797,986.3010807728025
2025-01-20T16:45:00,2025-01-20,0,0,16.75,-0.9469301294951056,-0.3214394653031618,0.0,1.0,1.0,24.054969649046292,2031,1170.2623023778988,1068.9699125825473
2025-01-20T17:00:00,2025-01-20,0,0,17.0,-0.9659258262890683,-0.25881904510252063,0.0,1.0,1.0,23.950219056146455,2031,1198.4568212204367,1174.3896357355866
2025-01-20T17:15:00,2025-01-20,0,0,17.25,-0.9807852804032303,-0.19509032201612866,0.0,1.0,1.0,25.12442281535769,2031,1352.4538295859932,1157.640066050039
2025-01-20T17:30:00,2025-01-20,0,0,17.5,-0.9914448613738104,-0.13052619222005163,0.0,1.0,1.0,25.351093207060106,2031,1310.0808453109246,1195.6217816064345
2025-01-20T17:45:00,2025-01-20,0,0,17.75,-0.9978589232386035,-0.06540312923014273,0.0,1.0,1.0,25.202615646583855,2031,1199.5172059556194,1193.3049281024507
2025-01-20T18:00:00,2025-01-20,0,0,18.0,-1.0,-1.8369701987210297e-16,0.0,1.0,1.7,25.072530223336194,2031,1192.3152090455246,585.1534205466439
2025-01-20T18:15:00,2025-01-20,0,0,18.25,-0.9978589232386036,0.06540312923014237,0.0,1.0,1.7,26.532183787526513,2031,1176.8899873294374,558.9480275342072
2025-01-20T18:30:00,2025-01-20,0,0,18.5,-0.9914448613738105,0.13052619222005124,0.0,1.0,1.7,26.14856432348829,2031,1158.2750432155801,524.887311287893
2025-01-20T18:45:00,2025-01-20,0,0,18.75,-0.9807852804032304,0.19509032201612828,0.0,1.0,1.7,25.996045132517086,2031,1178.4482273744163,544.2432238887194
2025-01-20T19:00:00,2025-01-20,0,0,19.0,-0.9659258262890684,0.2588190451025203,0.0,1.0,1.7,26.474262003080536,2031,1121.9959667939904,509.37086796281784
2025-01-20T19:15:00,2025-01-20,0,0,19.25,-0.9469301294951057,0.3214394653031615,0.0,1.0,1.7,27.136971959414094,2031,1134.9821375013025,518.0413612105122
2025-01-20T19:30:00,2025-01-20,0,0,19.5,-0.923879532511287,0.38268343236508917,0.0,1.0,1.7,27.230039269856764,2031,1102.7121952696214,535.0661807615211
2025-01-20T19:45:00,2025-01-20,0,0,19.75,-0.8968727415326885,0.4422886902190011,0.0,1.0,1.7,26.65131821661536,2031,1153.5757071321364,558.0497920681596
2025-01-20T20:00:00,2025-01-20,0,0,20.0,-0.8660254037844386,0.5,0.0,1.0,1.7,27.417546153665505,2031,1180.0105624032951,593.8659861864526
2025-01-20T20:15:00,2025-01-20,0,0,20.25,-0.8314696123025456,0.5555702330196018,0.0,1.0,1.7,27.219414043007507,2031,1211.2775444245667,606.8669668513191
2025-01-20T20:30:00,2025-01-20,0,0,20.5,-0.7933533402912357,0.6087614290087199,0.0,1.0,1.7,27.15504350398975,2031,1201.8111441131223,620.9168293024366
2025-01-20T20:45:00,2025-01-20,0,0,20.75,-0.7518398074789773,0.6593458151000691,0.0,1.0,1.7,26.59126556106367,2031,1223.9833115152003,608.1675413270633
2025-01-20T21:00:00,2025-01-20,0,0,21.0,-0.7071067811865477,0.7071067811865475,0.0,1.0,1.7,27.761382542001783,2031,1354.446334753345,656.162630189288
2025-01-20T21:15:00,2025-01-20,0,0,21.25,-0.6593458151000687,0.7518398074789775,0.0,1.0,1.0,26.937106605958668,2031,1367.4590981185897,1437.5129609058044
2025-01-20T21:30:00,2025-01-20,0,0,21.5,-0.6087614290087209,0.7933533402912349,0.0,1.0,1.0,28.17588246120879,2031,1432.12689503824,1507.4382154580153
2025-01-20T21:45:00,2025-01-20,0,0,21.75,-0.555570233019603,0.8314696123025447,0.0,1.0,1.0,27.49496029914952,2031,1454.7780624698419,1491.8123732020317
2025-01-20T22:00:00,2025-01-20,0,0,22.0,-0.5000000000000004,0.8660254037844384,0.0,1.0,1.0,27.590405394362794,2031,1366.8447565145248,1447.730463301475
2025-01-20T22:15:00,2025-01-20,0,0,22.25,-0.4422886902190014,0.8968727415326883,0.0,1.0,1.0,28.080024908898697,2031,1313.48650694609,1472.4659209838899
2025-01-20T22:30:00,2025-01-20,0,0,22.5,-0.38268343236508956,0.9238795325112868,0.0,1.0,1.0,27.640835985982267,2031,1316.6184389099726,1460.1341310204223
2025-01-20T22:45:00,2025-01-20,0,0,22.75,-0.32143946530316186,0.9469301294951056,0.0,1.0,1.0,27.794048841996894,2031,1269.6360910979022,1460.207629044138
2025-01-20T23:00:00,2025-01-20,0,0,23.0,-0.2588190451025215,0.9659258262890681,0.0,1.0,1.0,26.244558145696026,2031,1342.9902387905395,1558.856408601727
2025-01-20T23:15:00,2025-01-20,0,0,23.25,-0.19509032201612872,0.9807852804032303,0.0,1.0,1.0,27.22794164713367,2031,1417.0308682524862,1610.833205276919
2025-01-20T23:30:00,2025-01-20,0,0,23.5,-0.13052619222005168,0.9914448613738104,0.0,1.0,1.0,25.647158538739816,2031,1476.0910302296516,1623.020000148714
2025-01-20T23:45:00,2025-01-20,0,0,23.75,-0.0654031292301428,0.9978589232386035,0.0,1.0,1.0,25.010795029876956,2031,1502.8169383324182,1683.122609996021
2025-01-21T00:00:00,2025-01-21,1,0,0.0,0.0,1.0,0.7818314824680297,0.6234898018587336,1.0,25.37364021601928,1806,38.91773511464082,155.2958253469008
2025-01-21T00:15:00,2025-01-21,1,0,0.25,0.06540312923014306,0.9978589232386035,0.7818314824680297,0.6234898018587336,1.0,23.59250954858734,1806,94.9947356829841,241.72071146846616
2025-01-21T00:30:00,2025-01-21,1,0,0.5,0.13052619222005157,0.9914448613738104,0.7818314824680297,0.6234898018587336,1.0,24.390278525839015,1806,136.5968669702816,270.85993503123774
2025-01-21T00:45:00,2025-01-21,1,0,0.75,0.19509032201612825,0.9807852804032304,0.7818314824680297,0.6234898018587336,1.0,24.193670888159403,1806,198.83573620049313,330.6321563062215
2025-01-21T01:00:00,2025-01-21,1,0,1.0,0.25881904510252074,0.9659258262890683,0.7818314824680297,0.6234898018587336,1.0,24.37341162995304,1806,229.26024155651075,380.08640129910964
2025-01-21T01:15:00,2025-01-21,1,0,1.25,0.3214394653031616,0.9469301294951057,0.7818314824680297,0.6234898018587336,1.0,23.138216625763466,1806,289.0098913494927,472.0165748135426
2025-01-21T01:30:00,2025-01-21,1,0,1.5,0.3826834323650898,0.9238795325112867,0.7818314824680297,0.6234898018587336,1.0,23.15976862222388,1806,326.9408063222012,584.8639304832349
2025-01-21T01:45:00,2025-01-21,1,0,1.75,0.44228869021900125,0.8968727415326884,0.7818314824680297,0.6234898018587336,1.0,22.016306759993736,1806,444.0183083319845,615.9128127490915
2025-01-21T02:00:00,2025-01-21,1,0,2.0,0.49999999999999994,0.8660254037844387,0.7818314824680297,0.6234898018587336,1.0,22.499627380719826,1806,479.54163328912955,552.1941310704703
2025-01-21T02:15:00,2025-01-21,1,0,2.25,0.5555702330196022,0.8314696123025452,0.7818314824680297,0.6234898018587336,1.0,22.197451501762718,1806,543.5706320418994,566.3161314358337
2025-01-21T02:30:00,2025-01-21,1,0,2.5,0.6087614290087207,0.7933533402912352,0.7818314824680297,0.6234898018587336,1.0,21.663924446804693,1806,626.2122732176938,576.3341552317368
2025-01-21T02:45:00,2025-01-21,1,0,2.75,0.6593458151000688,0.7518398074789774,0.7818314824680297,0.6234898018587336,1.0,21.773527635241706,1806,611.1484326379837,598.6470089502311
2025-01-21T03:00:00,2025-01-21,1,0,3.0,0.7071067811865475,0.7071067811865476,0.7818314824680297,0.6234898018587336,1.0,20.07941109794296,1806,625.0919328835419,610.3383316886791
2025-01-21T03:15:00,2025-01-21,1,0,3.25,0.7518398074789774,0.659345815100069,0.7818314824680297,0.6234898018587336,1.0,20.783942687489912,1806,551.8883007271218,584.5373096672222
2025-01-21T03:30:00,2025-01-21,1,0,3.5,0.793353340291235,0.6087614290087208,0.7818314824680297,0.6234898018587336,1.0,18.877063719889794,1806,524.9795141492493,571.7565702134394
2025-01-21T03:45:00,2025-01-21,1,0,3.75,0.8314696123025451,0.5555702330196024,0.7818314824680297,0.6234898018587336,1.0,19.69035527608949,1806,638.2529012552997,614.0108438504304
2025-01-21T04:00:00,2025-01-21,1,0,4.0,0.8660254037844386,0.5000000000000001,0.7818314824680297,0.6234898018587336,1.0,18.250112817055545,1806,589.3927097439126,601.899945817304
2025-01-21T04:15:00,2025-01-21,1,0,4.25,0.8968727415326884,0.44228869021900125,0.7818314824680297,0.6234898018587336,1.0,18.624666395785436,1806,586.1572835971692,570.6162015400932
2025-01-21T04:30:00,2025-01-21,1,0,4.5,0.9238795325112867,0.38268343236508984,0.7818314824680297,0.6234898018587336,1.0,17.810557286389074,1806,565.894851696873,560.0368884115081
2025-01-21T04:45:00,2025-01-21,1,0,4.75,0.9469301294951056,0.3214394653031617,0.7818314824680297,0.6234898018587336,1.0,18.845394799121337,1806,503.1574514247471,528.8891220005958
2025-01-21T05:00:00,2025-01-21,1,0,5.0,0.9659258262890683,0.25881904510252074,0.7818314824680297,0.6234898018587336,1.0,18.212291108174004,1806,461.023473084247,481.19023635938316
2025-01-21T05:15:00,2025-01-21,1,0,5.25,0.9807852804032304,0.1950903220161283,0.7818314824680297,0.6234898018587336,1.0,17.38271294794759,1806,440.8253985500855,438.54695909920366
2025-01-21T05:30:00,2025-01-21,1,0,5.5,0.9914448613738104,0.1305261922200517,0.7818314824680297,0.6234898018587336,1.0,16.255053422575287,1806,367.6274024168495,399.865771211005
2025-01-21T05:45:00,2025-01-21,1,0,5.75,0.9978589232386035,0.06540312923014327,0.7818314824680297,0.6234898018587336,1.0,17.118554163917356,1806,364.3613089222435,381.91462716181735
2025-01-21T06:00:00,2025-01-21,1,0,6.0,1.0,6.123233995736766e-17,0.7818314824680297,0.6234898018587336,1.0,16.872951485676612,1806,337.5950566014612,383.574005394234
2025-01-21T06:15:00,2025-01-21,1,0,6.25,0.9978589232386035,-0.06540312923014316,0.7818314824680297,0.6234898018587336,1.0,15.424989542207673,1806,291.1596569528007,366.8391190556199
2025-01-21T06:30:00,2025-01-21,1,0,6.5,0.9914448613738104,-0.1305261922200516,0.7818314824680297,0.6234898018587336,1.0,16.2420514813248,1806,305.5028876291292,375.4315145007545
2025-01-21T06:45:00,2025-01-21,1,0,6.75,0.9807852804032304,-0.1950903220161282,0.7818314824680297,0.6234898018587336,1.0,15.185690172327984,1806,290.70308926404624,361.1352254084586
2025-01-21T07:00:00,2025-01-21,1,0,7.0,0.9659258262890683,-0.25881904510252063,0.7818314824680297,0.6234898018587336,1.2,14.824710086163673,1806,270.75704457805585,345.431346465577
2025-01-21T07:15:00,2025-01-21,1,0,7.25,0.9469301294951057,-0.3214394653031616,0.7818314824680297,0.6234898018587336,1.2,15.375671224233843,1806,228.3546532737081,319.9690687007161
2025-01-21T07:30:00,2025-01-21,1,0,7.5,0.9238795325112868,-0.3826834323650895,0.7818314824680297,0.6234898018587336,1.2,14.996178516350474,1806,216.18044014497832,303.979728926159
2025-01-21T07:45:00,2025-01-21,1,0,7.75,0.8968727415326884,-0.44228869021900113,0.7818314824680297,0.6234898018587336,1.2,13.956903150236398,1806,246.6515854569845,315.3007815577378
2025-01-21T08:00:00,2025-01-21,1,0,8.0,0.8660254037844388,-0.4999999999999998,0.7818314824680297,0.6234898018587336,1.2,14.479828901130377,1806,221.82399683514632,303.5357787064518
2025-01-21T08:15:00,2025-01-21,1,0,8.25,0.8314696123025451,-0.5555702330196023,0.7818314824680297,0.6234898018587336,1.2,14.735507906859125,1806,201.682961903894,282.8966121858158
2025-01-21T08:30:00,2025-01-21,1,0,8.5,0.7933533402912352,-0.6087614290087207,0.7818314824680297,0.6234898018587336,1.2,15.59419247328946,1806,191.09896828400568,274.05544592683975
2025-01-21T08:45:00,2025-01-21,1,0,8.75,0.7518398074789774,-0.6593458151000688,0.7818314824680297,0.6234898018587336,1.2,14.80524644270535,1806,176.13701176226655,253.53175027466565
2025-01-21T09:00:00,2025-01-21,1,0,9.0,0.7071067811865476,-0.7071067811865475,0.7818314824680297,0.6234898018587336,1.2,15.146507699796514,1806,148.32835873583858,225.96084557550006
2025-01-21T09:15:00,2025-01-21,1,0,9.25,0.659345815100069,-0.7518398074789773,0.7818314824680297,0.6234898018587336,1.2,14.915166861098449,1806,124.71856576671856,206.67008470593476
2025-01-21T09:30:00,2025-01-21,1,0,9.5,0.6087614290087209,-0.7933533402912349,0.7818314824680297,0.6234898018587336,1.2,14.871535059016736,1806,122.01857047215805,200.66463239176926
2025-01-21T09:45:00,2025-01-21,1,0,9.75,0.5555702330196025,-0.831469612302545,0.7818314824680297,0.6234898018587336,1.2,14.713592431877272,1806,116.57980469375693,195.23158891350846
2025-01-21T10:00:00,2025-01-21,1,0,10.0,0.49999999999999994,-0.8660254037844387,0.7818314824680297,0.6234898018587336,1.0,15.055570472990917,1806,109.10261203134688,196.3395993548169
2025-01-21T10:15:00,2025-01-21,1,0,10.25,0.4422886902190017,-0.8968727415326881,0.7818314824680297,0.6234898018587336,1.0,15.723602975021405,1806,99.5155276323699,179.87482378863564
2025-01-21T10:30:00,2025-01-21,1,0,10.5,0.38268343236508984,-0.9238795325112867,0.7818314824680297,0.6234898018587336,1.0,15.856873513810706,1806,82.80063653990442,164.585764583034
2025-01-21T10:45:00,2025-01-21,1,0,10.75,0.32143946530316175,-0.9469301294951056,0.7818314824680297,0.6234898018587336,1.0,14.320694660829838,1806,68.51567783646044,149.16126594299809
2025-01-21T11:00:00,2025-01-21,1,0,11.0,0.258819045102521,-0.9659258262890682,0.7818314824680297,0.6234898018587336,1.0,15.604720818740955,1806,65.51567783646044,138.05036249861655
2025-01-21T11:15:00,2025-01-21,1,0,11.25,0.19509032201612816,-0.9807852804032304,0.7818314824680297,0.6234898018587336,1.0,16.01081897442115,1806,59.68886624225754,135.68974868787487
2025-01-21T11:30:00,2025-01-21,1,0,11.5,0.130526192220052,-0.9914448613738104,0.7818314824680297,0.6234898018587336,1.0,16.06656111663141,1806,60.3761572121572,132.68540086178785
2025-01-21T11:45:00,2025-01-21,1,0,11.75,0.06540312923014312,-0.9978589232386035,0.7818314824680297,0.6234898018587336,1.0,15.958018140256165,1806,56.599345617954306,130.6854008617879
2025-01-21T12:00:00,2025-01-21,1,0,12.0,1.2246467991473532e-16,-1.0,0.7818314824680297,0.6234898018587336,1.0,15.843404478345914,1806,48.599345617954306,123.19958850480857
2025-01-21T12:15:00,2025-01-21,1,0,12.25,-0.06540312923014287,-0.9978589232386035,0.7818314824680297,0.6234898018587336,1.0,16.69682706182009,1806,51.96472630722029,121.26201086505694
2025-01-21T12:30:00,2025-01-21,1,0,12.5,-0.13052619222005177,-0.9914448613738104,0.7818314824680297,0.6234898018587336,1.0,16.62258173944378,1806,56.47057915002966,123.6034677681843
2025-01-21T12:45:00,2025-01-21,1,0,12.75,-0.19509032201612794,-0.9807852804032305,0.7818314824680297,0.6234898018587336,1.0,17.705638110251652,1806,83.84395734188612,140.98879827366326
2025-01-21T13:00:00,2025-01-21,1,0,13.0,-0.2588190451025208,-0.9659258262890683,0.7818314824680297,0.6234898018587336,1.0,18.069230201745622,1806,95.87439212449482,148.9887982736632
2025-01-21T13:15:00,2025-01-21,1,0,13.25,-0.32143946530316153,-0.9469301294951057,0.7818314824680297,0.6234898018587336,1.0,17.314504720418384,1806,102.7793961784119,204.74317869408577
2025-01-21T13:30:00,2025-01-21,1,0,13.5,-0.38268343236508967,-0.9238795325112867,0.7818314824680297,0.6234898018587336,1.0,18.52252748800385,1806,206.28174312615016,264.30425716822685
2025-01-21T13:45:00,2025-01-21,1,0,13.75,-0.4422886902190015,-0.8968727415326883,0.7818314824680297,0.6234898018587336,1.0,18.979231856540213,1806,228.2356712662468,307.1130175201941
2025-01-21T14:00:00,2025-01-21,1,0,14.0,-0.4999999999999998,-0.8660254037844388,0.7818314824680297,0.6234898018587336,1.0,18.422928993458,1806,208.91090093069386,295.9503068300847
2025-01-21T14:15:00,2025-01-21,1,0,14.25,-0.555570233019602,-0.8314696123025455,0.7818314824680297,0.6234898018587336,1.0,19.764650536343844,1806,213.6630726923164,312.95887235914796
2025-01-21T14:30:00,2025-01-21,1,0,14.5,-0.6087614290087207,-0.7933533402912352,0.7818314824680297,0.6234898018587336,1.0,19.838202122596183,1806,246.05753419191524,381.5896677598119
2025-01-21T14:45:00,2025-01-21,1,0,14.75,-0.6593458151000688,-0.7518398074789774,0.7818314824680297,0.6234898018587336,1.0,20.74006809769048,1806,349.4749777520761,563.4443966006929
2025-01-21T15:00:00,2025-01-21,1,0,15.0,-0.7071067811865471,-0.7071067811865479,0.7818314824680297,0.6234898018587336,1.0,20.10057051948249,1806,517.3248791961848,659.5696988517242
2025-01-21T15:15:00,2025-01-21,1,0,15.25,-0.7518398074789773,-0.6593458151000691,0.7818314824680297,0.6234898018587336,1.0,21.647587083280442,1806,813.4235300998683,828.6626132759985
2025-01-21T15:30:00,2025-01-21,1,0,15.5,-0.7933533402912349,-0.6087614290087209,0.7818314824680297,0.6234898018587336,1.0,20.57820805921994,1806,988.9060695187288,962.6649087944819
2025-01-21T15:45:00,2025-01-21,1,0,15.75,-0.8314696123025452,-0.5555702330196022,0.7818314824680297,0.6234898018587336,1.0,22.236835896016665,1806,1022.1834012392954,1096.6681267828426
2025-01-21T16:00:00,2025-01-21,1,0,16.0,-0.8660254037844384,-0.5000000000000004,0.7818314824680297,0.6234898018587336,1.0,21.972283092286315,1806,1004.7763350266916,1088.8012561769467
2025-01-21T16:15:00,2025-01-21,1,0,16.25,-0.8968727415326883,-0.44228869021900136,0.7818314824680297,0.6234898018587336,1.0,23.183092585391485,1806,1005.2727052729033,1067.118144610007
2025-01-21T16:30:00,2025-01-21,1,0,16.5,-0.9238795325112868,-0.3826834323650895,0.7818314824680297,0.6234898018587336,1.0,23.04296210899921,1806,987.2706667960822,1025.504685236909
2025-01-21T16:45:00,2025-01-21,1,0,16.75,-0.9469301294951056,-0.3214394653031618,0.7818314824680297,0.6234898018587336,1.0,23.947111765226982,1806,1015.7511169046745,1037.5021539763154
2025-01-21T17:00:00,2025-01-21,1,0,17.0,-0.9659258262890683,-0.25881904510252063,0.7818314824680297,0.6234898018587336,1.0,23.00073434499139,1806,1053.2111540157814,1160.6657336255666
2025-01-21T17:15:00,2025-01-21,1,0,17.25,-0.9807852804032303,-0.19509032201612866,0.7818314824680297,0.6234898018587336,1.0,23.752365042783445,1806,1074.5517798874937,1173.0520660747109
2025-01-21T17:30:00,2025-01-21,1,0,17.5,-0.9914448613738104,-0.13052619222005163,0.7818314824680297,0.6234898018587336,1.0,23.352127354796234,1806,1026.5349841135207,1202.086406151372
2025-01-21T17:45:00,2025-01-21,1,0,17.75,-0.9978589232386035,-0.06540312923014273,0.7818314824680297,0.6234898018587336,1.0,24.615444394054077,1806,1024.4463638268028,1181.9330134455415
2025-01-21T18:00:00,2025-01-21,1,0,18.0,-1.0,-1.8369701987210297e-16,0.7818314824680297,0.6234898018587336,1.7,24.91928868900575,1806,1022.2949131674875,544.6193875706979
2025-01-21T18:15:00,2025-01-21,1,0,18.25,-0.9978589232386036,0.06540312923014237,0.7818314824680297,0.6234898018587336,1.7,24.821661922017814,1806,1055.6786277096144,500.3264305020366
2025-01-21T18:30:00,2025-01-21,1,0,18.5,-0.9914448613738105,0.13052619222005124,0.7818314824680297,0.6234898018587336,1.7,24.585824874289067,1806,979.2783348744299,495.43920539924096
2025-01-21T18:45:00,2025-01-21,1,0,18.75,-0.9807852804032304,0.19509032201612828,0.7818314824680297,0.6234898018587336,1.7,26.413479298210305,1806,987.6880760752579,549.6263446027484
2025-01-21T19:00:00,2025-01-21,1,0,19.0,-0.9659258262890684,0.2588190451025203,0.7818314824680297,0.6234898018587336,1.7,26.139656755824,1806,1041.7873729267214,569.8320765338611
2025-01-21T19:15:00,2025-01-21,1,0,19.25,-0.9469301294951057,0.3214394653031615,0.7818314824680297,0.6234898018587336,1.7,26.47458731086254,1806,1023.1901818478076,551.6625218319529
2025-01-21T19:30:00,2025-01-21,1,0,19.5,-0.923879532511287,0.38268343236508917,0.7818314824680297,0.6234898018587336,1.7,25.12753138669595,1806,1006.8742698598238,575.9456773804043
2025-01-21T19:45:00,2025-01-21,1,0,19.75,-0.8968727415326885,0.4422886902190011,0.7818314824680297,0.6234898018587336,1.7,26.39068250208657,1806,1007.7310337600326,588.3834236455768
2025-01-21T20:00:00,2025-01-21,1,0,20.0,-0.8660254037844386,0.5,0.7818314824680297,0.6234898018587336,1.7,26.295282444483743,1806,1066.404815878906,570.7806644490646
2025-01-21T20:15:00,2025-01-21,1,0,20.25,-0.8314696123025456,0.5555702330196018,0.7818314824680297,0.6234898018587336,1.7,27.236514174898446,1806,1116.4739967733367,610.239419439214
2025-01-21T20:30:00,2025-01-21,1,0,20.5,-0.7933533402912357,0.6087614290087199,0.7818314824680297,0.6234898018587336,1.7,27.62789727934895,1806,1153.4240694904743,607.7860310281085
2025-01-21T20:45:00,2025-01-21,1,0,20.75,-0.7518398074789773,0.6593458151000691,0.7818314824680297,0.6234898018587336,1.7,26.743708111667807,1806,1218.509186595909,645.2783294337383
2025-01-21T21:00:00,2025-01-21,1,0,21.0,-0.7071067811865477,0.7071067811865475,0.7818314824680297,0.6234898018587336,1.7,26.443451271959294,1806,1380.8887224827279,714.8569912075735
2025-01-21T21:15:00,2025-01-21,1,0,21.25,-0.6593458151000687,0.7518398074789775,0.7818314824680297,0.6234898018587336,1.0,27.31173982466909,1806,1401.9957987084474,1526.6563796515989
2025-01-21T21:30:00,2025-01-21,1,0,21.5,-0.6087614290087209,0.7933533402912349,0.7818314824680297,0.6234898018587336,1.0,26.781146493591468,1806,1314.7372726378367,1427.5679284651035
2025-01-21T21:45:00,2025-01-21,1,0,21.75,-0.555570233019603,0.8314696123025447,0.7818314824680297,0.6234898018587336,1.0,26.48846522665977,1806,1329.1467934982052,1428.048874736205
2025-01-21T22:00:00,2025-01-21,1,0,22.0,-0.5000000000000004,0.8660254037844384,0.7818314824680297,0.6234898018587336,1.0,27.567592480355344,1806,1378.9815073188306,1435.4041577282137
2025-01-21T22:15:00,2025-01-21,1,0,22.25,-0.4422886902190014,0.8968727415326883,0.7818314824680297,0.6234898018587336,1.0,26.693351195338717,1806,1368.6429648629469,1380.1772893952586
2025-01-21T22:30:00,2025-01-21,1,0,22.5,-0.38268343236508956,0.9238795325112868,0.7818314824680297,0.6234898018587336,1.0,26.50526341798575,1806,1384.0339970373357,1330.4811198048603
2025-01-21T22:45:00,2025-01-21,1,0,22.75,-0.32143946530316186,0.9469301294951056,0.7818314824680297,0.6234898018587336,1.0,25.617130290043633,1806,1317.061385047876,1301.9421134746915
2025-01-21T23:00:00,2025-01-21,1,0,23.0,-0.2588190451025215,0.9659258262890681,0.7818314824680297,0.6234898018587336,1.0,26.549381680285094,1806,1383.073767721304,1352.458300180301
2025-01-21T23:15:00,2025-01-21,1,0,23.25,-0.19509032201612872,0.9807852804032303,0.7818314824680297,0.6234898018587336,1.0,25.884375362841222,1806,1416.5359122415825,1366.443179407354
2025-01-21T23:30:00,2025-01-21,1,0,23.5,-0.13052619222005168,0.9914448613738104,0.7818314824680297,0.6234898018587336,1.0,26.023453167012985,1806,1397.7207449589139,1377.6287421773334
2025-01-21T23:45:00,2025-01-21,1,0,23.75,-0.0654031292301428,0.9978589232386035,0.7818314824680297,0.6234898018587336,1.0,25.779516311451857,1806,1492.360926285164,1439.2886405667718
2025-01-22T00:00:00,2025-01-22,2,0,0.0,0.0,1.0,0.9749279121818236,-0.22252093395631434,1.0,23.4855120177795,1833,69.9321149864628,142.63914980805782
2025-01-22T00:15:00,2025-01-22,2,0,0.25,0.06540312923014306,0.9978589232386035,0.9749279121818236,-0.22252093395631434,1.0,24.59517450203973,1833,187.20352802994105,269.14729313270897
2025-01-22T00:30:00,2025-01-22,2,0,0.5,0.13052619222005157,0.9914448613738104,0.9749279121818236,-0.22252093395631434,1.0,24.760688352210774,1833,254.28192028985507,311.26460538567306
2025-01-22T00:45:00,2025-01-22,2,0,0.75,0.19509032201612825,0.9807852804032304,0.9749279121818236,-0.22252093395631434,1.0,23.95729839906247,1833,330.16232250777455,330.15291269347364
2025-01-22T01:00:00,2025-01-22,2,0,1.0,0.25881904510252074,0.9659258262890683,0.9749279121818236,-0.22252093395631434,1.0,22.32674953411338,1833,337.48789315994844,388.4384329761363
2025-01-22T01:15:00,2025-01-22,2,0,1.25,0.3214394653031616,0.9469301294951057,0.9749279121818236,-0.22252093395631434,1.0,22.791604929534174,1833,428.686406277266,490.1699338571494
2025-01-22T01:30:00,2025-01-22,2,0,1.5,0.3826834323650898,0.9238795325112867,0.9749279121818236,-0.22252093395631434,1.0,22.388473839275807,1833,487.52327828169194,569.9621910564725
2025-01-22T01:45:00,2025-01-22,2,0,1.75,0.44228869021900125,0.8968727415326884,0.9749279121818236,-0.22252093395631434,1.0,21.500617518402382,1833,578.5410869322794,618.2735934045414
2025-01-22T02:00:00,2025-01-22,2,0,2.0,0.49999999999999994,0.8660254037844387,0.9749279121818236,-0.22252093395631434,1.0,22.990751370922716,1833,624.1678486784975,648.974912535337
2025-01-22T02:15:00,2025-01-22,2,0,2.25,0.5555702330196022,0.8314696123025452,0.9749279121818236,-0.22252093395631434,1.0,20.68213651913724,1833,702.4672967479091,662.8113487946498
2025-01-22T02:30:00,2025-01-22,2,0,2.5,0.6087614290087207,0.7933533402912352,0.9749279121818236,-0.22252093395631434,1.0,20.131383099353627,1833,696.3795543945341,711.3899513659917
2025-01-22T02:45:00,2025-01-22,2,0,2.75,0.6593458151000688,0.7518398074789774,0.9749279121818236,-0.22252093395631434,1.0,20.75863648259195,1833,716.3551812061282,685.4524413434054
2025-01-22T03:00:00,2025-01-22,2,0,3.0,0.7071067811865475,0.7071067811865476,0.9749279121818236,-0.22252093395631434,1.0,20.4083407575418,1833,718.7646049466388,671.8720675757237
2025-01-22T03:15:00,2025-01-22,2,0,3.25,0.7518398074789774,0.659345815100069,0.9749279121818236,-0.22252093395631434,1.0,19.27062790382196,1833,633.8064579487091,651.9725181682724
2025-01-22T03:30:00,2025-01-22,2,0,3.5,0.793353340291235,0.6087614290087208,0.9749279121818236,-0.22252093395631434,1.0,19.367468613135944,1833,631.9537130429667,682.2986186977291
2025-01-22T03:45:00,2025-01-22,2,0,3.75,0.8314696123025451,0.5555702330196024,0.9749279121818236,-0.22252093395631434,1.0,19.03550543554247,1833,637.9988201339432,742.5598346108641
2025-01-22T04:00:00,2025-01-22,2,0,4.0,0.8660254037844386,0.5000000000000001,0.9749279121818236,-0.22252093395631434,1.0,18.04914402258582,1833,623.4581189831812,714.9671306610669
2025-01-22T04:15:00,2025-01-22,2,0,4.25,0.8968727415326884,0.44228869021900125,0.9749279121818236,-0.22252093395631434,1.0,18.0897950296987,1833,560.9873570156805,658.7400304665755
2025-01-22T04:30:00,2025-01-22,2,0,4.5,0.9238795325112867,0.38268343236508984,0.9749279121818236,-0.22252093395631434,1.0,17.79987110940403,1833,549.3886303532439,648.0560289608351
2025-01-22T04:45:00,2025-01-22,2,0,4.75,0.9469301294951056,0.3214394653031617,0.9749279121818236,-0.22252093395631434,1.0,17.926646533159005,1833,478.6495304295215,620.2631264971662
2025-01-22T05:00:00,2025-01-22,2,0,5.0,0.9659258262890683,0.25881904510252074,0.9749279121818236,-0.22252093395631434,1.0,15.330121560234215,1833,412.9971284486937,528.6112442783137
2025-01-22T05:15:00,2025-01-22,2,0,5.25,0.9807852804032304,0.1950903220161283,0.9749279121818236,-0.22252093395631434,1.0,17.05423658829698,1833,364.37263569507047,477.2289517881948
2025-01-22T05:30:00,2025-01-22,2,0,5.5,0.9914448613738104,0.1305261922200517,0.9749279121818236,-0.22252093395631434,1.0,16.376088712053523,1833,330.7978187614321,458.6180459910933
2025-01-22T05:45:00,2025-01-22,2,0,5.75,0.9978589232386035,0.06540312923014327,0.9749279121818236,-0.22252093395631434,1.0,15.397318247772223,1833,313.7117276906671,450.56981876542017
2025-01-22T06:00:00,2025-01-22,2,0,6.0,1.0,6.123233995736766e-17,0.9749279121818236,-0.22252093395631434,1.0,16.38679273142067,1833,343.9501289555679,442.1817254342663
2025-01-22T06:15:00,2025-01-22,2,0,6.25,0.9978589232386035,-0.06540312923014316,0.9749279121818236,-0.22252093395631434,1.0,16.603042695975716,1833,314.1269405497707,436.54735203273174
2025-01-22T06:30:00,2025-01-22,2,0,6.5,0.9914448613738104,-0.1305261922200516,0.9749279121818236,-0.22252093395631434,1.0,15.477920398900707,1833,288.2611020404539,377.04291409511785
2025-01-22T06:45:00,2025-01-22,2,0,6.75,0.9807852804032304,-0.1950903220161282,0.9749279121818236,-0.22252093395631434,1.0,14.632167756995296,1833,283.23161375699823,362.0684655189674
2025-01-22T07:00:00,2025-01-22,2,0,7.0,0.9659258262890683,-0.25881904510252063,0.9749279121818236,-0.22252093395631434,1.2,14.634539466626068,1833,268.1324398873896,339.5523518652681
2025-01-22T07:15:00,2025-01-22,2,0,7.25,0.9469301294951057,-0.3214394653031616,0.9749279121818236,-0.22252093395631434,1.2,14.616038038518687,1833,256.3453575075269,310.67454554115716
2025-01-22T07:30:00,2025-01-22,2,0,7.5,0.9238795325112868,-0.3826834323650895,0.9749279121818236,-0.22252093395631434,1.2,14.000632758446347,1833,231.44866151028745,290.35030641072217
2025-01-22T07:45:00,2025-01-22,2,0,7.75,0.8968727415326884,-0.44228869021900113,0.9749279121818236,-0.22252093395631434,1.2,14.211026471370559,1833,226.77800933637434,296.3206303663913
2025-01-22T08:00:00,2025-01-22,2,0,8.0,0.8660254037844388,-0.4999999999999998,0.9749279121818236,-0.22252093395631434,1.2,14.350252499710626,1833,203.61490284614123,288.9092075333396
2025-01-22T08:15:00,2025-01-22,2,0,8.25,0.8314696123025451,-0.5555702330196023,0.9749279121818236,-0.22252093395631434,1.2,14.354113791103698,1833,199.76089826948217,268.3682875075227
2025-01-22T08:30:00,2025-01-22,2,0,8.5,0.7933533402912352,-0.6087614290087207,0.9749279121818236,-0.22252093395631434,1.2,13.732473218885588,1833,185.6132274620288,264.8508962031749
2025-01-22T08:45:00,2025-01-22,2,0,8.75,0.7518398074789774,-0.6593458151000688,0.9749279121818236,-0.22252093395631434,1.2,13.507769144683092,1833,173.62216810073195,242.52175185155454
2025-01-22T09:00:00,2025-01-22,2,0,9.0,0.7071067811865476,-0.7071067811865475,0.9749279121818236,-0.22252093395631434,1.2,14.21150534785894,1833,161.82490179638413,224.685559639968
2025-01-22T09:15:00,2025-01-22,2,0,9.25,0.659345815100069,-0.7518398074789773,0.9749279121818236,-0.22252093395631434,1.2,14.754841291081904,1833,160.82490179638413,210.05807516791845
2025-01-22T09:30:00,2025-01-22,2,0,9.5,0.6087614290087209,-0.7933533402912349,0.9749279121818236,-0.22252093395631434,1.2,15.4350283567988,1833,136.90576155447502,206.5399973647148
2025-01-22T09:45:00,2025-01-22,2,0,9.75,0.5555702330196025,-0.831469612302545,0.9749279121818236,-0.22252093395631434,1.2,12.91050544876728,1833,132.5696793238512,190.14313800781702
2025-01-22T10:00:00,2025-01-22,2,0,10.0,0.49999999999999994,-0.8660254037844387,0.9749279121818236,-0.22252093395631434,1.0,13.852810199033522,1833,122.58847315274319,187.14313800781704
2025-01-22T10:15:00,2025-01-22,2,0,10.25,0.4422886902190017,-0.8968727415326881,0.9749279121818236,-0.22252093395631434,1.0,15.093246527133106,1833,109.95416030637931,171.4666188566782
2025-01-22T10:30:00,2025-01-22,2,0,10.5,0.38268343236508984,-0.9238795325112867,0.9749279121818236,-0.22252093395631434,1.0,14.308748554384817,1833,98.51401537884308,160.86690253957065
2025-01-22T10:45:00,2025-01-22,2,0,10.75,0.32143946530316175,-0.9469301294951056,0.9749279121818236,-0.22252093395631434,1.0,13.71816259057457,1833,89.7198287076999,158.579611569671
2025-01-22T11:00:00,2025-01-22,2,0,11.0,0.258819045102521,-0.9659258262890682,0.9749279121818236,-0.22252093395631434,1.0,14.456563316001747,1833,87.48794464972889,154.7689923338344
2025-01-22T11:15:00,2025-01-22,2,0,11.25,0.19509032201612816,-0.9807852804032304,0.9749279121818236,-0.22252093395631434,1.0,15.322794141347453,1833,79.18778709514913,144.62074321515055
2025-01-22T11:30:00,2025-01-22,2,0,11.5,0.130526192220052,-0.9914448613738104,0.9749279121818236,-0.22252093395631434,1.0,14.855598110776434,1833,72.92202622558392,151.62074321515053
2025-01-22T11:45:00,2025-01-22,2,0,11.75,0.06540312923014312,-0.9978589232386035,0.9749279121818236,-0.22252093395631434,1.0,16.245382436938186,1833,77.3014051075715,151.36215223286393
2025-01-22T12:00:00,2025-01-22,2,0,12.0,1.2246467991473532e-16,-1.0,0.9749279121818236,-0.22252093395631434,1.0,16.008383920780723,1833,74.9112155869472,148.55345658069
2025-01-22T12:15:00,2025-01-22,2,0,12.25,-0.06540312923014287,-0.9978589232386035,0.9749279121818236,-0.22252093395631434,1.0,15.906712597000643,1833,59.656258925742904,155.09441112765174
2025-01-22T12:30:00,2025-01-22,2,0,12.5,-0.13052619222005177,-0.9914448613738104,0.9749279121818236,-0.22252093395631434,1.0,16.967316311649018,1833,69.41290079197556,172.04706813248256
2025-01-22T12:45:00,2025-01-22,2,0,12.75,-0.19509032201612794,-0.9807852804032305,0.9749279121818236,-0.22252093395631434,1.0,16.229576084564236,1833,67.76889552188334,180.85270995442872
2025-01-22T13:00:00,2025-01-22,2,0,13.0,-0.2588190451025208,-0.9659258262890683,0.9749279121818236,-0.22252093395631434,1.0,17.195558467152203,1833,117.34272256440602,207.36338882551954
2025-01-22T13:15:00,2025-01-22,2,0,13.25,-0.32143946530316153,-0.9469301294951057,0.9749279121818236,-0.22252093395631434,1.0,17.57057577585447,1833,135.6701936977691,197.8817507051858
2025-01-22T13:30:00,2025-01-22,2,0,13.5,-0.38268343236508967,-0.9238795325112867,0.9749279121818236,-0.22252093395631434,1.0,17.29252285142002,1833,180.23298384100715,200.31089967570932
2025-01-22T13:45:00,2025-01-22,2,0,13.75,-0.4422886902190015,-0.8968727415326883,0.9749279121818236,-0.22252093395631434,1.0,18.68484183716105,1833,238.38718520549946,262.54685178820444
2025-01-22T14:00:00,2025-01-22,2,0,14.0,-0.4999999999999998,-0.8660254037844388,0.9749279121818236,-0.22252093395631434,1.0,18.475744192871687,1833,251.8142885369506,290.8059013331995
2025-01-22T14:15:00,2025-01-22,2,0,14.25,-0.555570233019602,-0.8314696123025455,0.9749279121818236,-0.22252093395631434,1.0,19.465828722214546,1833,259.9170971676493,296.74824247032325
2025-01-22T14:30:00,2025-01-22,2,0,14.5,-0.6087614290087207,-0.7933533402912352,0.9749279121818236,-0.22252093395631434,1.0,19.161473463527024,1833,262.992657840431,354.5893983757595
2025-01-22T14:45:00,2025-01-22,2,0,14.75,-0.6593458151000688,-0.7518398074789774,0.9749279121818236,-0.22252093395631434,1.0,19.138726520922656,1833,363.4798843432648,409.48505168296253
2025-01-22T15:00:00,2025-01-22,2,0,15.0,-0.7071067811865471,-0.7071067811865479,0.9749279121818236,-0.22252093395631434,1.0,19.91576503025924,1833,463.3706686046408,537.7829060809806
2025-01-22T15:15:00,2025-01-22,2,0,15.25,-0.7518398074789773,-0.6593458151000691,0.9749279121818236,-0.22252093395631434,1.0,19.756152972502765,1833,645.5723071747016,752.9629838522075
2025-01-22T15:30:00,2025-01-22,2,0,15.5,-0.7933533402912349,-0.6087614290087209,0.9749279121818236,-0.22252093395631434,1.0,20.627581003381852,1833,770.270623456141,888.7898069886563
2025-01-22T15:45:00,2025-01-22,2,0,15.75,-0.8314696123025452,-0.5555702330196022,0.9749279121818236,-0.22252093395631434,1.0,21.67057529794427,1833,814.2474701823652,1089.9113612903334
2025-01-22T16:00:00,2025-01-22,2,0,16.0,-0.8660254037844384,-0.5000000000000004,0.9749279121818236,-0.22252093395631434,1.0,20.874293074190355,1833,868.1279137837695,1063.8731953222966
2025-01-22T16:15:00,2025-01-22,2,0,16.25,-0.8968727415326883,-0.44228869021900136,0.9749279121818236,-0.22252093395631434,1.0,23.147112064616735,1833,960.2268867604148,1120.622383456028
2025-01-22T16:30:00,2025-01-22,2,0,16.5,-0.9238795325112868,-0.3826834323650895,0.9749279121818236,-0.22252093395631434,1.0,21.643849282529025,1833,1012.2203445148394,1115.9471660647234
2025-01-22T16:45:00,2025-01-22,2,0,16.75,-0.9469301294951056,-0.3214394653031618,0.9749279121818236,-0.22252093395631434,1.0,23.503249381232948,1833,1009.041915039101,1141.704850006587
2025-01-22T17:00:00,2025-01-22,2,0,17.0,-0.9659258262890683,-0.25881904510252063,0.9749279121818236,-0.22252093395631434,1.0,23.307963663665298,1833,1077.3795464640718,1126.0046279934954
2025-01-22T17:15:00,2025-01-22,2,0,17.25,-0.9807852804032303,-0.19509032201612866,0.9749279121818236,-0.22252093395631434,1.0,23.63973627082134,1833,1135.2519822580387,1110.8119793447977
2025-01-22T17:30:00,2025-01-22,2,0,17.5,-0.9914448613738104,-0.13052619222005163,0.9749279121818236,-0.22252093395631434,1.0,24.305637227926873,1833,1141.8957698241952,1088.5079312945952
2025-01-22T17:45:00,2025-01-22,2,0,17.75,-0.9978589232386035,-0.06540312923014273,0.9749279121818236,-0.22252093395631434,1.0,24.497357638179718,1833,1132.7443767521377,1058.570596219521
2025-01-22T18:00:00,2025-01-22,2,0,18.0,-1.0,-1.8369701987210297e-16,0.9749279121818236,-0.22252093395631434,1.7,24.29199253376881,1833,1094.0323609352417,499.954337146138
2025-01-22T18:15:00,2025-01-22,2,0,18.25,-0.9978589232386036,0.06540312923014237,0.9749279121818236,-0.22252093395631434,1.7,24.564872914925715,1833,1112.4021387378882,484.328376407916
2025-01-22T18:30:00,2025-01-22,2,0,18.5,-0.9914448613738105,0.13052619222005124,0.9749279121818236,-0.22252093395631434,1.7,24.884983460117976,1833,1154.43172497291,453.34014235935587
2025-01-22T18:45:00,2025-01-22,2,0,18.75,-0.9807852804032304,0.19509032201612828,0.9749279121818236,-0.22252093395631434,1.7,25.05366910191659,1833,1161.368249227186,482.33542063074344
2025-01-22T19:00:00,2025-01-22,2,0,19.0,-0.9659258262890684,0.2588190451025203,0.9749279121818236,-0.22252093395631434,1.7,24.761543984878067,1833,1109.6681454761485,525.8571780073537
2025-01-22T19:15:00,2025-01-22,2,0,19.25,-0.9469301294951057,0.3214394653031615,0.9749279121818236,-0.22252093395631434,1.7,25.15170716744141,1833,1115.5709415978563,539.8110851236293
2025-01-22T19:30:00,2025-01-22,2,0,19.5,-0.923879532511287,0.38268343236508917,0.9749279121818236,-0.22252093395631434,1.7,25.7852650232918,1833,1059.7429712984563,552.5184245315215
2025-01-22T19:45:00,2025-01-22,2,0,19.75,-0.8968727415326885,0.4422886902190011,0.9749279121818236,-0.22252093395631434,1.7,24.27464738395522,1833,1042.6344030980433,577.9861163473784
2025-01-22T20:00:00,2025-01-22,2,0,20.0,-0.8660254037844386,0.5,0.9749279121818236,-0.22252093395631434,1.7,25.60412631675796,1833,1095.2222242442886,562.0670152247159
2025-01-22T20:15:00,2025-01-22,2,0,20.25,-0.8314696123025456,0.5555702330196018,0.9749279121818236,-0.22252093395631434,1.7,25.814188141738168,1833,1097.0728899545297,607.0888472215768
2025-01-22T20:30:00,2025-01-22,2,0,20.5,-0.7933533402912357,0.6087614290087199,0.9749279121818236,-0.22252093395631434,1.7,26.110527288099547,1833,1119.7610187492037,594.0623504489547
2025-01-22T20:45:00,2025-01-22,2,0,20.75,-0.7518398074789773,0.6593458151000691,0.9749279121818236,-0.22252093395631434,1.7,26.08953613145848,1833,1154.8307786868083,622.0042380561353
2025-01-22T21:00:00,2025-01-22,2,0,21.0,-0.7071067811865477,0.7071067811865475,0.9749279121818236,-0.22252093395631434,1.7,24.028599790672114,1833,1222.8233570971613,669.1069557150367
2025-01-22T21:15:00,2025-01-22,2,0,21.25,-0.6593458151000687,0.7518398074789775,0.9749279121818236,-0.22252093395631434,1.0,26.543683705490334,1833,1292.9915220435764,1417.3836421998885
2025-01-22T21:30:00,2025-01-22,2,0,21.5,-0.6087614290087209,0.7933533402912349,0.9749279121818236,-0.22252093395631434,1.0,26.769100533877815,1833,1289.3151204146332,1405.3474235630943
2025-01-22T21:45:00,2025-01-22,2,0,21.75,-0.555570233019603,0.8314696123025447,0.9749279121818236,-0.22252093395631434,1.0,26.43281951806161,1833,1335.045829543572,1424.5323640438323
2025-01-22T22:00:00,2025-01-22,2,0,22.0,-0.5000000000000004,0.8660254037844384,0.9749279121818236,-0.22252093395631434,1.0,26.053433505290368,1833,1355.559412436595,1440.3056826519078
2025-01-22T22:15:00,2025-01-22,2,0,22.25,-0.4422886902190014,0.8968727415326883,0.9749279121818236,-0.22252093395631434,1.0,25.60766167219312,1833,1396.8714828299694,1430.6702462454618
2025-01-22T22:30:00,2025-01-22,2,0,22.5,-0.38268343236508956,0.9238795325112868,0.9749279121818236,-0.22252093395631434,1.0,25.607356212758223,1833,1389.7914323875311,1439.5986104255649
2025-01-22T22:45:00,2025-01-22,2,0,22.75,-0.32143946530316186,0.9469301294951056,0.9749279121818236,-0.22252093395631434,1.0,25.247333118397414,1833,1348.4087093082298,1437.8674384081899
2025-01-22T23:00:00,2025-01-22,2,0,23.0,-0.2588190451025215,0.9659258262890681,0.9749279121818236,-0.22252093395631434,1.0,25.570525280563395,1833,1349.4013288524168,1441.3709222610598
2025-01-22T23:15:00,2025-01-22,2,0,23.25,-0.19509032201612872,0.9807852804032303,0.9749279121818236,-0.22252093395631434,1.0,24.067917383714434,1833,1330.9456887557985,1460.8170834375858
2025-01-22T23:30:00,2025-01-22,2,0,23.5,-0.13052619222005168,0.9914448613738104,0.9749279121818236,-0.22252093395631434,1.0,25.611446963572103,1833,1404.9457150082005,1487.7371753233574
2025-01-22T23:45:00,2025-01-22,2,0,23.75,-0.0654031292301428,0.9978589232386035,0.9749279121818236,-0.22252093395631434,1.0,24.18130344867947,1833,1567.7697937195758,1540.0580840482876
2025-01-23T00:00:00,2025-01-23,3,0,0.0,0.0,1.0,0.43388373911755823,-0.900968867902419,1.0,24.254884398969022,1842,50.300882167611846,170.62703252042428
2025-01-23T00:15:00,2025-01-23,3,0,0.25,0.06540312923014306,0.9978589232386035,0.43388373911755823,-0.900968867902419,1.0,23.448874351217334,1842,151.6770174333123,236.63747777565226
2025-01-23T00:30:00,2025-01-23,3,0,0.5,0.13052619222005157,0.9914448613738104,0.43388373911755823,-0.900968867902419,1.0,21.659050613899087,1842,186.77342614283316,292.0562696402245
2025-01-23T00:45:00,2025-01-23,3,0,0.75,0.19509032201612825,0.9807852804032304,0.43388373911755823,-0.900968867902419,1.0,22.976305822973167,1842,316.75893775238734,330.50883175202586
2025-01-23T01:00:00,2025-01-23,3,0,1.0,0.25881904510252074,0.9659258262890683,0.43388373911755823,-0.900968867902419,1.0,22.67845595228895,1842,348.9008740573442,390.7745322351176
2025-01-23T01:15:00,2025-01-23,3,0,1.25,0.3214394653031616,0.9469301294951057,0.43388373911755823,-0.900968867902419,1.0,21.292537801782323,1842,413.3375778621474,457.2135836368227
2025-01-23T01:30:00,2025-01-23,3,0,1.5,0.3826834323650898,0.9238795325112867,0.43388373911755823,-0.900968867902419,1.0,21.433691097506124,1842,430.633630610124,564.4431542793087
2025-01-23T01:45:00,2025-01-23,3,0,1.75,0.44228869021900125,0.8968727415326884,0.43388373911755823,-0.900968867902419,1.0,20.603642087601642,1842,477.62487276646215,594.1657441532031
2025-01-23T02:00:00,2025-01-23,3,0,2.0,0.49999999999999994,0.8660254037844387,0.43388373911755823,-0.900968867902419,1.0,21.153833924032263,1842,518.8857907908867,668.543180231618
2025-01-23T02:15:00,2025-01-23,3,0,2.25,0.5555702330196022,0.8314696123025452,0.43388373911755823,-0.900968867902419,1.0,20.88249071341437,1842,628.8365862578149,691.4385020214186
2025-01-23T02:30:00,2025-01-23,3,0,2.5,0.6087614290087207,0.7933533402912352,0.43388373911755823,-0.900968867902419,1.0,18.56163764242401,1842,650.5845983664791,789.8026421992296
2025-01-23T02:45:00,2025-01-23,3,0,2.75,0.6593458151000688,0.7518398074789774,0.43388373911755823,-0.900968867902419,1.0,19.069969558128058,1842,649.8703359492104,764.5504770455423
2025-01-23T03:00:00,2025-01-23,3,0,3.0,0.7071067811865475,0.7071067811865476,0.43388373911755823,-0.900968867902419,1.0,18.848044687727278,1842,571.0694482680511,739.0914256621427
2025-01-23T03:15:00,2025-01-23,3,0,3.25,0.7518398074789774,0.659345815100069,0.43388373911755823,-0.900968867902419,1.0,18.196796575204164,1842,516.4924434371333,709.418169860305
2025-01-23T03:30:00,2025-01-23,3,0,3.5,0.793353340291235,0.6087614290087208,0.43388373911755823,-0.900968867902419,1.0,18.298188474161385,1842,559.2398277004673,633.6948095853141
2025-01-23T03:45:00,2025-01-23,3,0,3.75,0.8314696123025451,0.5555702330196024,0.43388373911755823,-0.900968867902419,1.0,18.57848911546759,1842,500.5295832210923,629.1561580476408
2025-01-23T04:00:00,2025-01-23,3,0,4.0,0.8660254037844386,0.5000000000000001,0.43388373911755823,-0.900968867902419,1.0,17.887652984102196,1842,526.41943271942,578.719906370379
2025-01-23T04:15:00,2025-01-23,3,0,4.25,0.8968727415326884,0.44228869021900125,0.43388373911755823,-0.900968867902419,1.0,16.993721260770446,1842,495.1517822082226,536.7773033212543
2025-01-23T04:30:00,2025-01-23,3,0,4.5,0.9238795325112867,0.38268343236508984,0.43388373911755823,-0.900968867902419,1.0,16.396572394426677,1842,472.61035664706867,533.4915030345844
2025-01-23T04:45:00,2025-01-23,3,0,4.75,0.9469301294951056,0.3214394653031617,0.43388373911755823,-0.900968867902419,1.0,15.162147976375573,1842,496.7168445070347,529.7892585166401
2025-01-23T05:00:00,2025-01-23,3,0,5.0,0.9659258262890683,0.25881904510252074,0.43388373911755823,-0.900968867902419,1.0,15.974958644361928,1842,469.77335345844136,504.2073744586685
2025-01-23T05:15:00,2025-01-23,3,0,5.25,0.9807852804032304,0.1950903220161283,0.43388373911755823,-0.900968867902419,1.0,15.346364617338708,1842,422.0393020427499,458.658547054189
2025-01-23T05:30:00,2025-01-23,3,0,5.5,0.9914448613738104,0.1305261922200517,0.43388373911755823,-0.900968867902419,1.0,14.488171174250661,1842,376.17899115195,437.7745762497362
2025-01-23T05:45:00,2025-01-23,3,0,5.75,0.9978589232386035,0.06540312923014327,0.43388373911755823,-0.900968867902419,1.0,15.489453864868429,1842,353.36653548537333,419.3899381626172
2025-01-23T06:00:00,2025-01-23,3,0,6.0,1.0,6.123233995736766e-17,0.43388373911755823,-0.900968867902419,1.0,14.599785383611415,1842,335.8989289690826,389.53527403749126
2025-01-23T06:15:00,2025-01-23,3,0,6.25,0.9978589232386035,-0.06540312923014316,0.43388373911755823,-0.900968867902419,1.0,14.106220440623364,1842,326.18912220579756,404.3987640492421
2025-01-23T06:30:00,2025-01-23,3,0,6.5,0.9914448613738104,-0.1305261922200516,0.43388373911755823,-0.900968867902419,1.0,13.275859516498219,1842,290.7891286365649,386.48112186193254
2025-01-23T06:45:00,2025-01-23,3,0,6.75,0.9807852804032304,-0.1950903220161282,0.43388373911755823,-0.900968867902419,1.0,12.533167214494224,1842,276.65587732820177,385.7327203523328
2025-01-23T07:00:00,2025-01-23,3,0,7.0,0.9659258262890683,-0.25881904510252063,0.43388373911755823,-0.900968867902419,1.2,13.882708364785822,1842,241.81364811386166,357.4855024062821
2025-01-23T07:15:00,2025-01-23,3,0,7.25,0.9469301294951057,-0.3214394653031616,0.43388373911755823,-0.900968867902419,1.2,14.42867513337933,1842,223.61638724429645,324.14311110193415
2025-01-23T07:30:00,2025-01-23,3,0,7.5,0.9238795325112868,-0.3826834323650895,0.43388373911755823,-0.900968867902419,1.2,13.911928673673668,1842,201.10350531945795,305.0001582033834
2025-01-23T07:45:00,2025-01-23,3,0,7.75,0.8968727415326884,-0.44228869021900113,0.43388373911755823,-0.900968867902419,1.2,12.10027793105981,1842,177.32054275503222,282.08183243494904
2025-01-23T08:00:00,2025-01-23,3,0,8.0,0.8660254037844388,-0.4999999999999998,0.43388373911755823,-0.900968867902419,1.2,14.221340386063561,1842,184.17809508997584,273.3457581913691
2025-01-23T08:15:00,2025-01-23,3,0,8.25,0.8314696123025451,-0.5555702330196023,0.43388373911755823,-0.900968867902419,1.2,13.258571560130243,1842,186.44247252686273,273.7736877979941
2025-01-23T08:30:00,2025-01-23,3,0,8.5,0.7933533402912352,-0.6087614290087207,0.43388373911755823,-0.900968867902419,1.2,12.9426666951304,1842,186.10120137284346,265.12180670182903
2025-01-23T08:45:00,2025-01-23,3,0,8.75,0.7518398074789774,-0.6593458151000688,0.43388373911755823,-0.900968867902419,1.2,13.206917651098133,1842,157.37490139564676,249.70238362490613
2025-01-23T09:00:00,2025-01-23,3,0,9.0,0.7071067811865476,-0.7071067811865475,0.43388373911755823,-0.900968867902419,1.2,13.78996299635016,1842,139.2968008825062,228.75545470841195
2025-01-23T09:15:00,2025-01-23,3,0,9.25,0.659345815100069,-0.7518398074789773,0.43388373911755823,-0.900968867902419,1.2,13.387265392926407,1842,123.8281045335653,215.35852343919797
2025-01-23T09:30:00,2025-01-23,3,0,9.5,0.6087614290087209,-0.7933533402912349,0.43388373911755823,-0.900968867902419,1.2,13.000614922447557,1842,127.5286974189408,207.1788415170011
2025-01-23T09:45:00,2025-01-23,3,0,9.75,0.5555702330196025,-0.831469612302545,0.43388373911755823,-0.900968867902419,1.2,13.030173918430988,1842,116.91850134050942,203.02014586482719
2025-01-23T10:00:00,2025-01-23,3,0,10.0,0.49999999999999994,-0.8660254037844387,0.43388373911755823,-0.900968867902419,1.0,14.212964699379254,1842,105.3548857798687,191.6185106723224
2025-01-23T10:15:00,2025-01-23,3,0,10.25,0.4422886902190017,-0.8968727415326881,0.43388373911755823,-0.900968867902419,1.0,13.272206831586296,1842,97.86378329539664,183.4065718864706
2025-01-23T10:30:00,2025-01-23,3,0,10.5,0.38268343236508984,-0.9238795325112867,0.43388373911755823,-0.900968867902419,1.0,12.075620836621326,1842,87.12001517945463,175.53420876247705
2025-01-23T10:45:00,2025-01-23,3,0,10.75,0.32143946530316175,-0.9469301294951056,0.43388373911755823,-0.900968867902419,1.0,12.643603776664222,1842,75.23638443662765,171.0037739798683
2025-01-23T11:00:00,2025-01-23,3,0,11.0,0.258819045102521,-0.9659258262890682,0.43388373911755823,-0.900968867902419,1.0,14.562661471310655,1842,64.84105241251366,159.42461094341613
2025-01-23T11:15:00,2025-01-23,3,0,11.25,0.19509032201612816,-0.9807852804032304,0.43388373911755823,-0.900968867902419,1.0,13.52598848975983,1842,61.138239113280925,148.4656521412438
2025-01-23T11:30:00,2025-01-23,3,0,11.5,0.130526192220052,-0.9914448613738104,0.43388373911755823,-0.900968867902419,1.0,13.699526117911828,1842,62.2655683058275,149.49111483219565
2025-01-23T11:45:00,2025-01-23,3,0,11.75,0.06540312923014312,-0.9978589232386035,0.43388373911755823,-0.900968867902419,1.0,15.082369726323616,1842,67.6104958420594,148.09943922787258
2025-01-23T12:00:00,2025-01-23,3,0,12.0,1.2246467991473532e-16,-1.0,0.43388373911755823,-0.900968867902419,1.0,15.436546089329335,1842,57.610495842059386,139.09943922787258
2025-01-23T12:15:00,2025-01-23,3,0,12.25,-0.06540312923014287,-0.9978589232386035,0.43388373911755823,-0.900968867902419,1.0,15.590208233973616,1842,73.40006105945069,135.8025914017856
2025-01-23T12:30:00,2025-01-23,3,0,12.5,-0.13052619222005177,-0.9914448613738104,0.43388373911755823,-0.900968867902419,1.0,15.01442483487932,1842,58.019714183592164,141.32680747556694
2025-01-23T12:45:00,2025-01-23,3,0,12.75,-0.19509032201612794,-0.9807852804032305,0.43388373911755823,-0.900968867902419,1.0,15.166923373939225,1842,81.415028193254,159.85914443208864
2025-01-23T13:00:00,2025-01-23,3,0,13.0,-0.2588190451025208,-0.9659258262890683,0.43388373911755823,-0.900968867902419,1.0,16.571451712943308,1842,91.7258683812681,164.76222135516556
2025-01-23T13:15:00,2025-01-23,3,0,13.25,-0.32143946530316153,-0.9469301294951057,0.43388373911755823,-0.900968867902419,1.0,16.36423167509292,1842,111.83584716529032,192.1464584948376
2025-01-23T13:30:00,2025-01-23,3,0,13.5,-0.38268343236508967,-0.9238795325112867,0.43388373911755823,-0.900968867902419,1.0,17.837284540468737,1842,180.12072847962816,230.70572068192604
2025-01-23T13:45:00,2025-01-23,3,0,13.75,-0.4422886902190015,-0.8968727415326883,0.43388373911755823,-0.900968867902419,1.0,17.890016098946735,1842,222.47193373170293,259.68180763844776
2025-01-23T14:00:00,2025-01-23,3,0,14.0,-0.4999999999999998,-0.8660254037844388,0.43388373911755823,-0.900968867902419,1.0,17.242758259856256,1842,195.55004967373193,277.5972514790275
2025-01-23T14:15:00,2025-01-23,3,0,14.25,-0.555570233019602,-0.8314696123025455,0.43388373911755823,-0.900968867902419,1.0,17.356411713361567,1842,239.87412576068846,247.67261379786805
2025-01-23T14:30:00,2025-01-23,3,0,14.5,-0.6087614290087207,-0.7933533402912352,0.43388373911755823,-0.900968867902419,1.0,18.149418418619323,1842,242.02539508534528,368.94111802946134
2025-01-23T14:45:00,2025-01-23,3,0,14.75,-0.6593458151000688,-0.7518398074789774,0.43388373911755823,-0.900968867902419,1.0,19.425839043039396,1842,343.32486027102783,513.505825388427
2025-01-23T15:00:00,2025-01-23,3,0,15.0,-0.7071067811865471,-0.7071067811865479,0.43388373911755823,-0.900968867902419,1.0,18.811574439156534,1842,501.9256925064253,580.7840694938101
2025-01-23T15:15:00,2025-01-23,3,0,15.25,-0.7518398074789773,-0.6593458151000691,0.43388373911755823,-0.900968867902419,1.0,20.07717890022128,1842,733.2420531349978,768.8962400485367
2025-01-23T15:30:00,2025-01-23,3,0,15.5,-0.7933533402912349,-0.6087614290087209,0.43388373911755823,-0.900968867902419,1.0,19.87795942331369,1842,920.1910922672212,953.7749278740062
2025-01-23T15:45:00,2025-01-23,3,0,15.75,-0.8314696123025452,-0.5555702330196022,0.43388373911755823,-0.900968867902419,1.0,20.827455147164216,1842,908.3497087935962,1039.6869360523076
2025-01-23T16:00:00,2025-01-23,3,0,16.0,-0.8660254037844384,-0.5000000000000004,0.43388373911755823,-0.900968867902419,1.0,21.174962821104746,1842,831.7414885287285,992.3538574823262
2025-01-23T16:15:00,2025-01-23,3,0,16.25,-0.8968727415326883,-0.44228869021900136,0.43388373911755823,-0.900968867902419,1.0,20.97751880655428,1842,876.0832815637543,1040.3867826974945
2025-01-23T16:30:00,2025-01-23,3,0,16.5,-0.9238795325112868,-0.3826834323650895,0.43388373911755823,-0.900968867902419,1.0,21.11081861520862,1842,883.0028163549799,1019.5947025757338
2025-01-23T16:45:00,2025-01-23,3,0,16.75,-0.9469301294951056,-0.3214394653031618,0.43388373911755823,-0.900968867902419,1.0,21.5929834043549,1842,911.7811988520431,1053.394475515812
2025-01-23T17:00:00,2025-01-23,3,0,17.0,-0.9659258262890683,-0.25881904510252063,0.43388373911755823,-0.900968867902419,1.0,23.219591325835378,1842,965.0015512146566,1033.1913739255192
2025-01-23T17:15:00,2025-01-23,3,0,17.25,-0.9807852804032303,-0.19509032201612866,0.43388373911755823,-0.900968867902419,1.0,23.599893081224316,1842,1020.7573740755456,1095.284706108634
2025-01-23T17:30:00,2025-01-23,3,0,17.5,-0.9914448613738104,-0.13052619222005163,0.43388373911755823,-0.900968867902419,1.0,23.10467350816205,1842,1037.0463781842009,1135.0994880741537
2025-01-23T17:45:00,2025-01-23,3,0,17.75,-0.9978589232386035,-0.06540312923014273,0.43388373911755823,-0.900968867902419,1.0,23.952872782202245,1842,1080.1061586283943,1156.6177839835589
2025-01-23T18:00:00,2025-01-23,3,0,18.0,-1.0,-1.8369701987210297e-16,0.43388373911755823,-0.900968867902419,1.7,22.857322427605528,1842,1068.2373785400468,529.13411052599
2025-01-23T18:15:00,2025-01-23,3,0,18.25,-0.9978589232386036,0.06540312923014237,0.43388373911755823,-0.900968867902419,1.7,23.23954266658235,1842,1023.7883662731706,528.4349319525154
2025-01-23T18:30:00,2025-01-23,3,0,18.5,-0.9914448613738105,0.13052619222005124,0.43388373911755823,-0.900968867902419,1.7,23.946390374387473,1842,960.7005395588225,484.8863614650318
2025-01-23T18:45:00,2025-01-23,3,0,18.75,-0.9807852804032304,0.19509032201612828,0.43388373911755823,-0.900968867902419,1.7,24.03021502914871,1842,896.6406924749599,523.281349779857
2025-01-23T19:00:00,2025-01-23,3,0,19.0,-0.9659258262890684,0.2588190451025203,0.43388373911755823,-0.900968867902419,1.7,23.60061061592505,1842,919.3965406447152,531.6789311718951
2025-01-23T19:15:00,2025-01-23,3,0,19.25,-0.9469301294951057,0.3214394653031615,0.43388373911755823,-0.900968867902419,1.7,24.0068921184025,1842,888.5106674018253,565.3248340169376
2025-01-23T19:30:00,2025-01-23,3,0,19.5,-0.923879532511287,0.38268343236508917,0.43388373911755823,-0.900968867902419,1.7,24.717476387972905,1842,883.929361302057,583.0759964565511
2025-01-23T19:45:00,2025-01-23,3,0,19.75,-0.8968727415326885,0.4422886902190011,0.43388373911755823,-0.900968867902419,1.7,24.979777419742604,1842,863.9634522526667,574.9285766647772
2025-01-23T20:00:00,2025-01-23,3,0,20.0,-0.8660254037844386,0.5,0.43388373911755823,-0.900968867902419,1.7,25.17436278570219,1842,851.3331688585247,562.4041245949302
2025-01-23T20:15:00,2025-01-23,3,0,20.25,-0.8314696123025456,0.5555702330196018,0.43388373911755823,-0.900968867902419,1.7,25.567535180865676,1842,1004.437177580077,595.7257117034736
2025-01-23T20:30:00,2025-01-23,3,0,20.5,-0.7933533402912357,0.6087614290087199,0.43388373911755823,-0.900968867902419,1.7,24.87291442333494,1842,1073.518800616863,620.0275849542776
2025-01-23T20:45:00,2025-01-23,3,0,20.75,-0.7518398074789773,0.6593458151000691,0.43388373911755823,-0.900968867902419,1.7,24.657408827404524,1842,1127.6459432809627,630.4874265335563
2025-01-23T21:00:00,2025-01-23,3,0,21.0,-0.7071067811865477,0.7071067811865475,0.43388373911755823,-0.900968867902419,1.7,25.314857078801353,1842,1238.0409626673736,676.1320317471831
2025-01-23T21:15:00,2025-01-23,3,0,21.25,-0.6593458151000687,0.7518398074789775,0.43388373911755823,-0.900968867902419,1.0,25.21756913987292,1842,1260.8719263413805,1452.533397745698
2025-01-23T21:30:00,2025-01-23,3,0,21.5,-0.6087614290087209,0.7933533402912349,0.43388373911755823,-0.900968867902419,1.0,25.345049804445363,1842,1222.0155657124062,1479.8506579251318
2025-01-23T21:45:00,2025-01-23,3,0,21.75,-0.555570233019603,0.8314696123025447,0.43388373911755823,-0.900968867902419,1.0,25.513823087573115,1842,1286.0962222780634,1508.3410615549203
2025-01-23T22:00:00,2025-01-23,3,0,22.0,-0.5000000000000004,0.8660254037844384,0.43388373911755823,-0.900968867902419,1.0,24.930495313851143,1842,1271.2038195865516,1541.585877376176
2025-01-23T22:15:00,2025-01-23,3,0,22.25,-0.4422886902190014,0.8968727415326883,0.43388373911755823,-0.900968867902419,1.0,25.546267247780627,1842,1263.8367232068797,1482.163649457417
2025-01-23T22:30:00,2025-01-23,3,0,22.5,-0.38268343236508956,0.9238795325112868,0.43388373911755823,-0.900968867902419,1.0,24.98141067857464,1842,1310.5566370337506,1469.531242625119
2025-01-23T22:45:00,2025-01-23,3,0,22.75,-0.32143946530316186,0.9469301294951056,0.43388373911755823,-0.900968867902419,1.0,24.582642713323853,1842,1359.2776599962951,1505.550534877489
2025-01-23T23:00:00,2025-01-23,3,0,23.0,-0.2588190451025215,0.9659258262890681,0.43388373911755823,-0.900968867902419,1.0,24.943577734471567,1842,1416.3381189585257,1562.4543164549223
2025-01-23T23:15:00,2025-01-23,3,0,23.25,-0.19509032201612872,0.9807852804032303,0.43388373911755823,-0.900968867902419,1.0,23.500645415893615,1842,1442.9120868236191,1582.379995401763
2025-01-23T23:30:00,2025-01-23,3,0,23.5,-0.13052619222005168,0.9914448613738104,0.43388373911755823,-0.900968867902419,1.0,24.507912979745633,1842,1526.9211570915156,1589.5708514422586
2025-01-23T23:45:00,2025-01-23,3,0,23.75,-0.0654031292301428,0.9978589232386035,0.43388373911755823,-0.900968867902419,1.0,24.70005479060665,1842,1547.3651526287774,1659.5305714686092
2025-01-24T00:00:00,2025-01-24,4,0,0.0,0.0,1.0,-0.433883739117558,-0.9009688679024191,1.0,22.664370057073278,1573,79.7037734208105,120.89242552859209
2025-01-24T00:15:00,2025-01-24,4,0,0.25,0.06540312923014306,0.9978589232386035,-0.433883739117558,-0.9009688679024191,1.0,22.08666002999088,1573,203.89709966428217,155.9987929900228
2025-01-24T00:30:00,2025-01-24,4,0,0.5,0.13052619222005157,0.9914448613738104,-0.433883739117558,-0.9009688679024191,1.0,22.134067004563477,1573,244.74110493437442,206.9890182237263
2025-01-24T00:45:00,2025-01-24,4,0,0.75,0.19509032201612825,0.9807852804032304,-0.433883739117558,-0.9009688679024191,1.0,21.890324212398415,1573,271.5863010128058,264.3674084928777
2025-01-24T01:00:00,2025-01-24,4,0,1.0,0.25881904510252074,0.9659258262890683,-0.433883739117558,-0.9009688679024191,1.0,20.568746903974887,1573,272.806805760432,313.84450516432184
2025-01-24T01:15:00,2025-01-24,4,0,1.25,0.3214394653031616,0.9469301294951057,-0.433883739117558,-0.9009688679024191,1.0,21.324094220223134,1573,356.81205174879943,355.2065539126749
2025-01-24T01:30:00,2025-01-24,4,0,1.5,0.3826834323650898,0.9238795325112867,-0.433883739117558,-0.9009688679024191,1.0,21.186314326821996,1573,384.11256185089127,408.98837293905893
2025-01-24T01:45:00,2025-01-24,4,0,1.75,0.44228869021900125,0.8968727415326884,-0.433883739117558,-0.9009688679024191,1.0,20.548536782295432,1573,439.3527533622785,463.6156045906129
2025-01-24T02:00:00,2025-01-24,4,0,2.0,0.49999999999999994,0.8660254037844387,-0.433883739117558,-0.9009688679024191,1.0,20.220200063027484,1573,437.03244740414647,483.414660300853
2025-01-24T02:15:00,2025-01-24,4,0,2.25,0.5555702330196022,0.8314696123025452,-0.433883739117558,-0.9009688679024191,1.0,19.704031122601116,1573,519.1131841191221,470.97220276975105
2025-01-24T02:30:00,2025-01-24,4,0,2.5,0.6087614290087207,0.7933533402912352,-0.433883739117558,-0.9009688679024191,1.0,19.465879441012785,1573,538.4407818836764,515.8257502166484
2025-01-24T02:45:00,2025-01-24,4,0,2.75,0.6593458151000688,0.7518398074789774,-0.433883739117558,-0.9009688679024191,1.0,19.54549174133144,1573,563.3509628855966,549.554855618493
2025-01-24T03:00:00,2025-01-24,4,0,3.0,0.7071067811865475,0.7071067811865476,-0.433883739117558,-0.9009688679024191,1.0,19.459654749978352,1573,560.0010688147748,541.0479991657667
2025-01-24T03:15:00,2025-01-24,4,0,3.25,0.7518398074789774,0.659345815100069,-0.433883739117558,-0.9009688679024191,1.0,17.764652695909763,1573,466.88085978467456,519.6119030197983
2025-01-24T03:30:00,2025-01-24,4,0,3.5,0.793353340291235,0.6087614290087208,-0.433883739117558,-0.9009688679024191,1.0,17.944521434769097,1573,422.66862827799594,535.6180638469478
2025-01-24T03:45:00,2025-01-24,4,0,3.75,0.8314696123025451,0.5555702330196024,-0.433883739117558,-0.9009688679024191,1.0,17.931113270358836,1573,413.7396748284535,534.1272256715656
2025-01-24T04:00:00,2025-01-24,4,0,4.0,0.8660254037844386,0.5000000000000001,-0.433883739117558,-0.9009688679024191,1.0,16.941849046336024,1573,390.30300816178675,509.25878458366793
2025-01-24T04:15:00,2025-01-24,4,0,4.25,0.8968727415326884,0.44228869021900125,-0.433883739117558,-0.9009688679024191,1.0,17.238864649221636,1573,402.2771247953663,528.5386340819958
2025-01-24T04:30:00,2025-01-24,4,0,4.5,0.9238795325112867,0.38268343236508984,-0.433883739117558,-0.9009688679024191,1.0,16.758247607685252,1573,423.84541725170226,528.9260072628122
2025-01-24T04:45:00,2025-01-24,4,0,4.75,0.9469301294951056,0.3214394653031617,-0.433883739117558,-0.9009688679024191,1.0,15.839476930456833,1573,409.44533443596725,505.31079174109396
2025-01-24T05:00:00,2025-01-24,4,0,5.0,0.9659258262890683,0.25881904510252074,-0.433883739117558,-0.9009688679024191,1.0,15.001964787409252,1573,363.2794137198547,461.0415010076729
2025-01-24T05:15:00,2025-01-24,4,0,5.25,0.9807852804032304,0.1950903220161283,-0.433883739117558,-0.9009688679024191,1.0,14.39188820475699,1573,323.9305270268376,400.04946566569464
2025-01-24T05:30:00,2025-01-24,4,0,5.5,0.9914448613738104,0.1305261922200517,-0.433883739117558,-0.9009688679024191,1.0,14.902552711179732,1573,282.8658649881091,356.4249171707113
2025-01-24T05:45:00,2025-01-24,4,0,5.75,0.9978589232386035,0.06540312923014327,-0.433883739117558,-0.9009688679024191,1.0,14.463083805239554,1573,283.67842909067315,336.3899792825127
2025-01-24T06:00:00,2025-01-24,4,0,6.0,1.0,6.123233995736766e-17,-0.433883739117558,-0.9009688679024191,1.0,14.028723579859802,1573,303.4331894340204,363.586798386966
2025-01-24T06:15:00,2025-01-24,4,0,6.25,0.9978589232386035,-0.06540312923014316,-0.433883739117558,-0.9009688679024191,1.0,14.518778713566896,1573,294.1267546514117,331.6872331695749
2025-01-24T06:30:00,2025-01-24,4,0,6.5,0.9914448613738104,-0.1305261922200516,-0.433883739117558,-0.9009688679024191,1.0,14.163723779563318,1573,261.4960569288444,313.1402066198245
2025-01-24T06:45:00,2025-01-24,4,0,6.75,0.9807852804032304,-0.1950903220161282,-0.433883739117558,-0.9009688679024191,1.0,14.762226470779941,1573,217.71388301580092,306.5104831120639
2025-01-24T07:00:00,2025-01-24,4,0,7.0,0.9659258262890683,-0.25881904510252063,-0.433883739117558,-0.9009688679024191,1.2,12.27981135775121,1573,193.47127486911668,290.51048311206404
2025-01-24T07:15:00,2025-01-24,4,0,7.25,0.9469301294951057,-0.3214394653031616,-0.433883739117558,-0.9009688679024191,1.2,12.484070945195436,1573,187.73794153578336,276.09483093815123
2025-01-24T07:30:00,2025-01-24,4,0,7.5,0.9238795325112868,-0.3826834323650895,-0.433883739117558,-0.9009688679024191,1.2,12.57676408108575,1573,173.58908471419414,256.01501727355486
2025-01-24T07:45:00,2025-01-24,4,0,7.75,0.8968727415326884,-0.44228869021900113,-0.433883739117558,-0.9009688679024191,1.2,11.591831643200669,1573,204.1625100207716,239.96226126996766
2025-01-24T08:00:00,2025-01-24,4,0,8.0,0.8660254037844388,-0.4999999999999998,-0.433883739117558,-0.9009688679024191,1.2,12.29918425434006,1573,192.01899882182568,229.34953017217342
2025-01-24T08:15:00,2025-01-24,4,0,8.25,0.8314696123025451,-0.5555702330196023,-0.433883739117558,-0.9009688679024191,1.2,11.638716878562738,1573,167.727165728632,220.1540746856309
2025-01-24T08:30:00,2025-01-24,4,0,8.5,0.7933533402912352,-0.6087614290087207,-0.433883739117558,-0.9009688679024191,1.2,13.550511042097854,1573,152.65470909980357,212.54064757565646
2025-01-24T08:45:00,2025-01-24,4,0,8.75,0.7518398074789774,-0.6593458151000688,-0.433883739117558,-0.9009688679024191,1.2,12.091621244116473,1573,139.35250702623716,194.91038670609123
2025-01-24T09:00:00,2025-01-24,4,0,9.0,0.7071067811865476,-0.7071067811865475,-0.433883739117558,-0.9009688679024191,1.2,12.899752242387189,1573,119.74915298897007,180.20073453217816
2025-01-24T09:15:00,2025-01-24,4,0,9.25,0.659345815100069,-0.7518398074789773,-0.433883739117558,-0.9009688679024191,1.2,12.43840723240112,1573,102.5790206638283,168.2714648812892
2025-01-24T09:30:00,2025-01-24,4,0,9.5,0.6087614290087209,-0.7933533402912349,-0.433883739117558,-0.9009688679024191,1.2,11.794801788041026,1573,105.32829602614714,165.05516053346318
2025-01-24T09:45:00,2025-01-24,4,0,9.75,0.5555702330196025,-0.831469612302545,-0.433883739117558,-0.9009688679024191,1.2,12.59447702798599,1573,100.37310278943217,161.92385618563708
2025-01-24T10:00:00,2025-01-24,4,0,10.0,0.49999999999999994,-0.8660254037844387,-0.433883739117558,-0.9009688679024191,1.0,12.763882867567846,1573,106.2838444774117,137.87925419152114
2025-01-24T10:15:00,2025-01-24,4,0,10.25,0.4422886902190017,-0.8968727415326881,-0.433883739117558,-0.9009688679024191,1.0,12.939532184797033,1573,91.23441919005538,127.32863307350881
2025-01-24T10:30:00,2025-01-24,4,0,10.5,0.38268343236508984,-0.9238795325112867,-0.433883739117558,-0.9009688679024191,1.0,14.054104807748105,1573,82.23441919005538,123.41840794891694
2025-01-24T10:45:00,2025-01-24,4,0,10.75,0.32143946530316175,-0.9469301294951056,-0.433883739117558,-0.9009688679024191,1.0,11.02027968400442,1573,71.5819460339209,113.23699928350182
2025-01-24T11:00:00,2025-01-24,4,0,11.0,0.258819045102521,-0.9659258262890682,-0.433883739117558,-0.9009688679024191,1.0,13.186987798376736,1573,63.38950532245846,112.23699928350183
2025-01-24T11:15:00,2025-01-24,4,0,11.25,0.19509032201612816,-0.9807852804032304,-0.433883739117558,-0.9009688679024191,1.0,14.120720377965792,1573,59.83869786904231,111.23699928350183
2025-01-24T11:30:00,2025-01-24,4,0,11.5,0.130526192220052,-0.9914448613738104,-0.433883739117558,-0.9009688679024191,1.0,13.802984017361059,1573,58.22972171195956,103.59616138133852
2025-01-24T11:45:00,2025-01-24,4,0,11.75,0.06540312923014312,-0.9978589232386035,-0.433883739117558,-0.9009688679024191,1.0,14.309160532795854,1573,54.98515649456826,111.92250409233598
2025-01-24T12:00:00,2025-01-24,4,0,12.0,1.2246467991473532e-16,-1.0,-0.433883739117558,-0.9009688679024191,1.0,15.043877004352456,1573,48.25591769054685,111.92250409233598
2025-01-24T12:15:00,2025-01-24,4,0,12.25,-0.06540312923014287,-0.9978589232386035,-0.433883739117558,-0.9009688679024191,1.0,14.637486932269239,1573,42.17874377750338,117.6192782858843
2025-01-24T12:30:00,2025-01-24,4,0,12.5,-0.13052619222005177,-0.9914448613738104,-0.433883739117558,-0.9009688679024191,1.0,14.15302123609812,1573,49.17874377750337,126.98387455917621
2025-01-24T12:45:00,2025-01-24,4,0,12.75,-0.19509032201612794,-0.9807852804032305,-0.433883739117558,-0.9009688679024191,1.0,14.882060694390976,1573,47.7207757293637,132.23121380529585
2025-01-24T13:00:00,2025-01-24,4,0,13.0,-0.2588190451025208,-0.9659258262890683,-0.433883739117558,-0.9009688679024191,1.0,15.67226770062241,1573,68.8830945699434,145.08657469978743
2025-01-24T13:15:00,2025-01-24,4,0,13.25,-0.32143946530316153,-0.9469301294951057,-0.433883739117558,-0.9009688679024191,1.0,16.018790958473186,1573,88.3885293525521,150.58087326945684
2025-01-24T13:30:00,2025-01-24,4,0,13.5,-0.38268343236508967,-0.9238795325112867,-0.433883739117558,-0.9009688679024191,1.0,16.165434866293122,1573,141.50838442501586,211.27704986460094
2025-01-24T13:45:00,2025-01-24,4,0,13.75,-0.4422886902190015,-0.8968727415326883,-0.433883739117558,-0.9009688679024191,1.0,15.493531709723374,1573,187.18069291362872,238.2766875457604
2025-01-24T14:00:00,2025-01-24,4,0,14.0,-0.4999999999999998,-0.8660254037844388,-0.433883739117558,-0.9009688679024191,1.0,17.156981518474616,1573,184.2626804912685,241.40486145880388
2025-01-24T14:15:00,2025-01-24,4,0,14.25,-0.555570233019602,-0.8314696123025455,-0.433883739117558,-0.9009688679024191,1.0,16.46583581779551,1573,196.15027649534517,271.9994240882037
2025-01-24T14:30:00,2025-01-24,4,0,14.5,-0.6087614290087207,-0.7933533402912352,-0.433883739117558,-0.9009688679024191,1.0,16.67804887647785,1573,229.526913988287,336.10101532474874
2025-01-24T14:45:00,2025-01-24,4,0,14.75,-0.6593458151000688,-0.7518398074789774,-0.433883739117558,-0.9009688679024191,1.0,18.970994557311414,1573,309.6878684927197,467.75378809376946
2025-01-24T15:00:00,2025-01-24,4,0,15.0,-0.7071067811865471,-0.7071067811865479,-0.433883739117558,-0.9009688679024191,1.0,19.206005503107793,1573,423.41535269933433,547.2274318557197
2025-01-24T15:15:00,2025-01-24,4,0,15.25,-0.7518398074789773,-0.6593458151000691,-0.433883739117558,-0.9009688679024191,1.0,19.3587214104235,1573,543.3128707427986,731.9187180876045
2025-01-24T15:30:00,2025-01-24,4,0,15.5,-0.7933533402912349,-0.6087614290087209,-0.433883739117558,-0.9009688679024191,1.0,18.404164088409484,1573,692.9789587780513,793.4323003755925
2025-01-24T15:45:00,2025-01-24,4,0,15.75,-0.8314696123025452,-0.5555702330196022,-0.433883739117558,-0.9009688679024191,1.0,19.813441594263075,1573,794.2271737059965,829.2537223460367
2025-01-24T16:00:00,2025-01-24,4,0,16.0,-0.8660254037844384,-0.5000000000000004,-0.433883739117558,-0.9009688679024191,1.0,20.23113982662789,1573,728.5218504162061,745.9406513880094
2025-01-24T16:15:00,2025-01-24,4,0,16.25,-0.8968727415326883,-0.44228869021900136,-0.433883739117558,-0.9009688679024191,1.0,21.188999244882005,1573,834.2457041286387,870.2935619269801
2025-01-24T16:30:00,2025-01-24,4,0,16.5,-0.9238795325112868,-0.3826834323650895,-0.433883739117558,-0.9009688679024191,1.0,22.042483220667805,1573,822.614094295929,836.7909033536691
2025-01-24T16:45:00,2025-01-24,4,0,16.75,-0.9469301294951056,-0.3214394653031618,-0.433883739117558,-0.9009688679024191,1.0,20.963766945876678,1573,841.5512393788496,845.8389306138484
2025-01-24T17:00:00,2025-01-24,4,0,17.0,-0.9659258262890683,-0.25881904510252063,-0.433883739117558,-0.9009688679024191,1.0,21.041608989507097,1573,878.6989354635939,924.1231918851003
2025-01-24T17:15:00,2025-01-24,4,0,17.25,-0.9807852804032303,-0.19509032201612866,-0.433883739117558,-0.9009688679024191,1.0,22.029677399259576,1573,941.5135629891449,1003.5449925522272
2025-01-24T17:30:00,2025-01-24,4,0,17.5,-0.9914448613738104,-0.13052619222005163,-0.433883739117558,-0.9009688679024191,1.0,23.92489295030666,1573,941.729871134857,958.080551697189
2025-01-24T17:45:00,2025-01-24,4,0,17.75,-0.9978589232386035,-0.06540312923014273,-0.433883739117558,-0.9009688679024191,1.0,22.338153555664487,1573,893.6701231418291,998.2576536675551
2025-01-24T18:00:00,2025-01-24,4,0,18.0,-1.0,-1.8369701987210297e-16,-0.433883739117558,-0.9009688679024191,1.7,22.637247461084048,1573,877.7918530906244,455.1750919669656
2025-01-24T18:15:00,2025-01-24,4,0,18.25,-0.9978589232386036,0.06540312923014237,-0.433883739117558,-0.9009688679024191,1.7,22.8180334556523,1573,827.749950694554,434.3722423067802
2025-01-24T18:30:00,2025-01-24,4,0,18.5,-0.9914448613738105,0.13052619222005124,-0.433883739117558,-0.9009688679024191,1.7,23.388781180178906,1573,757.3299364575832,424.73394327489416
2025-01-24T18:45:00,2025-01-24,4,0,18.75,-0.9807852804032304,0.19509032201612828,-0.433883739117558,-0.9009688679024191,1.7,24.191343630762365,1573,770.6415789696603,447.4977450347286
2025-01-24T19:00:00,2025-01-24,4,0,19.0,-0.9659258262890684,0.2588190451025203,-0.433883739117558,-0.9009688679024191,1.7,23.912810742116147,1573,856.6051648612666,467.1293979651315
2025-01-24T19:15:00,2025-01-24,4,0,19.25,-0.9469301294951057,0.3214394653031615,-0.433883739117558,-0.9009688679024191,1.7,23.48848383512475,1573,879.3499620898452,448.51881816830746
2025-01-24T19:30:00,2025-01-24,4,0,19.5,-0.923879532511287,0.38268343236508917,-0.433883739117558,-0.9009688679024191,1.7,24.083441355420923,1573,877.9588594726557,437.758617828938
2025-01-24T19:45:00,2025-01-24,4,0,19.75,-0.8968727415326885,0.4422886902190011,-0.433883739117558,-0.9009688679024191,1.7,24.00302372867318,1573,836.2528598712341,409.82972240514914
2025-01-24T20:00:00,2025-01-24,4,0,20.0,-0.8660254037844386,0.5,-0.433883739117558,-0.9009688679024191,1.7,23.221818897106306,1573,908.6980289533595,453.68476796400745
2025-01-24T20:15:00,2025-01-24,4,0,20.25,-0.8314696123025456,0.5555702330196018,-0.433883739117558,-0.9009688679024191,1.7,23.520801196776986,1573,855.3170225913008,486.21838004757603
2025-01-24T20:30:00,2025-01-24,4,0,20.5,-0.7933533402912357,0.6087614290087199,-0.433883739117558,-0.9009688679024191,1.7,24.762368961711946,1573,869.9944472627503,495.81355693590507
2025-01-24T20:45:00,2025-01-24,4,0,20.75,-0.7518398074789773,0.6593458151000691,-0.433883739117558,-0.9009688679024191,1.7,24.76661672576065,1573,973.651715043279,581.7044474946216
2025-01-24T21:00:00,2025-01-24,4,0,21.0,-0.7071067811865477,0.7071067811865475,-0.433883739117558,-0.9009688679024191,1.7,24.190331888109306,1573,1177.4561937913,643.1799749623232
2025-01-24T21:15:00,2025-01-24,4,0,21.25,-0.6593458151000687,0.7518398074789775,-0.433883739117558,-0.9009688679024191,1.0,23.674503354041615,1573,1203.5537143227011,1389.5240725883991
2025-01-24T21:30:00,2025-01-24,4,0,21.5,-0.6087614290087209,0.7933533402912349,-0.433883739117558,-0.9009688679024191,1.0,23.87440838109785,1573,1255.5696201198027,1333.0486364062233
2025-01-24T21:45:00,2025-01-24,4,0,21.75,-0.555570233019603,0.8314696123025447,-0.433883739117558,-0.9009688679024191,1.0,24.788806793137972,1573,1237.1456889056112,1355.8174787229161
2025-01-24T22:00:00,2025-01-24,4,0,22.0,-0.5000000000000004,0.8660254037844384,-0.433883739117558,-0.9009688679024191,1.0,24.593775227464047,1573,1257.3011375891865,1404.9673341826326
2025-01-24T22:15:00,2025-01-24,4,0,22.25,-0.4422886902190014,0.8968727415326883,-0.433883739117558,-0.9009688679024191,1.0,24.313437792635057,1573,1153.4559923263635,1347.5163652198798
2025-01-24T22:30:00,2025-01-24,4,0,22.5,-0.38268343236508956,0.9238795325112868,-0.433883739117558,-0.9009688679024191,1.0,23.83556656410337,1573,1215.0223428775835,1330.640188582635
2025-01-24T22:45:00,2025-01-24,4,0,22.75,-0.32143946530316186,0.9469301294951056,-0.433883739117558,-0.9009688679024191,1.0,24.677788239152743,1573,1146.282313679728,1302.0002817503369
2025-01-24T23:00:00,2025-01-24,4,0,23.0,-0.2588190451025215,0.9659258262890681,-0.433883739117558,-0.9009688679024191,1.0,22.982278671191754,1573,1217.423843268626,1296.1523715113171
2025-01-24T23:15:00,2025-01-24,4,0,23.25,-0.19509032201612872,0.9807852804032303,-0.433883739117558,-0.9009688679024191,1.0,23.270264371039044,1573,1240.290593326137,1335.742778139713
2025-01-24T23:30:00,2025-01-24,4,0,23.5,-0.13052619222005168,0.9914448613738104,-0.433883739117558,-0.9009688679024191,1.0,23.554240625048877,1573,1279.2935327201558,1381.9281094026535
2025-01-24T23:45:00,2025-01-24,4,0,23.75,-0.0654031292301428,0.9978589232386035,-0.433883739117558,-0.9009688679024191,1.0,23.13552429629868,1573,1345.5694588817241,1389.0179460837735
2025-01-25T00:00:00,2025-01-25,5,1,0.0,0.0,1.0,-0.9749279121818235,-0.2225209339563146,1.0,21.80801536248516,1451,44.32187354622945,120.31363732766856
2025-01-25T00:15:00,2025-01-25,5,1,0.25,0.06540312923014306,0.9978589232386035,-0.9749279121818235,-0.2225209339563146,1.0,22.101351768774673,1451,107.89826605341713,178.26310937735806
2025-01-25T00:30:00,2025-01-25,5,1,0.5,0.13052619222005157,0.9914448613738104,-0.9749279121818235,-0.2225209339563146,1.0,21.698637639942365,1451,161.11070498195002,227.99437419949246
2025-01-25T00:45:00,2025-01-25,5,1,0.75,0.19509032201612825,0.9807852804032304,-0.9749279121818235,-0.2225209339563146,1.0,20.35125965313403,1451,192.34989423135073,304.93555922901044
2025-01-25T01:00:00,2025-01-25,5,1,1.0,0.25881904510252074,0.9659258262890683,-0.9749279121818235,-0.2225209339563146,1.0,20.35686484153941,1451,203.77389861571316,296.6235906299766
2025-01-25T01:15:00,2025-01-25,5,1,1.25,0.3214394653031616,0.9469301294951057,-0.9749279121818235,-0.2225209339563146,1.0,20.606108032471564,1451,287.11017262674073,367.063830105477
2025-01-25T01:30:00,2025-01-25,5,1,1.5,0.3826834323650898,0.9238795325112867,-0.9749279121818235,-0.2225209339563146,1.0,19.98996878410894,1451,302.2358024813911,434.8592164186337
2025-01-25T01:45:00,2025-01-25,5,1,1.75,0.44228869021900125,0.8968727415326884,-0.9749279121818235,-0.2225209339563146,1.0,19.76914010097675,1451,376.3348167958618,446.26972498331037
2025-01-25T02:00:00,2025-01-25,5,1,2.0,0.49999999999999994,0.8660254037844387,-0.9749279121818235,-0.2225209339563146,1.0,19.7650053349366,1451,370.28868153016134,443.08882436219216
2025-01-25T02:15:00,2025-01-25,5,1,2.25,0.5555702330196022,0.8314696123025452,-0.9749279121818235,-0.2225209339563146,1.0,19.406973581826986,1451,437.7281328354401,487.26918366410814
2025-01-25T02:30:00,2025-01-25,5,1,2.5,0.6087614290087207,0.7933533402912352,-0.9749279121818235,-0.2225209339563146,1.0,18.32651942100258,1451,492.2348388617241,502.29475403718504
2025-01-25T02:45:00,2025-01-25,5,1,2.75,0.6593458151000688,0.7518398074789774,-0.9749279121818235,-0.2225209339563146,1.0,17.746252132240475,1451,471.4260007915817,506.97721945220474
2025-01-25T03:00:00,2025-01-25,5,1,3.0,0.7071067811865475,0.7071067811865476,-0.9749279121818235,-0.2225209339563146,1.0,18.529965835664218,1451,499.69636964850656,532.1481199475902
2025-01-25T03:15:00,2025-01-25,5,1,3.25,0.7518398074789774,0.659345815100069,-0.9749279121818235,-0.2225209339563146,1.0,17.6636280648403,1451,532.850179840185,444.5480095886951
2025-01-25T03:30:00,2025-01-25,5,1,3.5,0.793353340291235,0.6087614290087208,-0.9749279121818235,-0.2225209339563146,1.0,17.791632879563863,1451,514.370640600371,490.2751939005469
2025-01-25T03:45:00,2025-01-25,5,1,3.75,0.8314696123025451,0.5555702330196024,-0.9749279121818235,-0.2225209339563146,1.0,16.211813500426818,1451,436.6273184153096,518.5640304885775
2025-01-25T04:00:00,2025-01-25,5,1,4.0,0.8660254037844386,0.5000000000000001,-0.9749279121818235,-0.2225209339563146,1.0,16.660189368931732,1451,444.8765250782119,533.006962883814
2025-01-25T04:15:00,2025-01-25,5,1,4.25,0.8968727415326884,0.44228869021900125,-0.9749279121818235,-0.2225209339563146,1.0,15.720298595656276,1451,418.73657338739065,505.5835739432575
2025-01-25T04:30:00,2025-01-25,5,1,4.5,0.9238795325112867,0.38268343236508984,-0.9749279121818235,-0.2225209339563146,1.0,16.480187490284035,1451,439.8631330672226,483.00462879236636
2025-01-25T04:45:00,2025-01-25,5,1,4.75,0.9469301294951056,0.3214394653031617,-0.9749279121818235,-0.2225209339563146,1.0,14.709031469996809,1451,465.8089715765393,506.124325768096
2025-01-25T05:00:00,2025-01-25,5,1,5.0,0.9659258262890683,0.25881904510252074,-0.9749279121818235,-0.2225209339563146,1.0,15.507795713212753,1451,422.48115565993623,427.8288226625058
2025-01-25T05:15:00,2025-01-25,5,1,5.25,0.9807852804032304,0.1950903220161283,-0.9749279121818235,-0.2225209339563146,1.0,14.00356371536942,1451,383.42214845231007,397.4986156231684
2025-01-25T05:30:00,2025-01-25,5,1,5.5,0.9914448613738104,0.1305261922200517,-0.9749279121818235,-0.2225209339563146,1.0,14.900433357330696,1451,382.36323705573557,385.45368808693644
2025-01-25T05:45:00,2025-01-25,5,1,5.75,0.9978589232386035,0.06540312923014327,-0.9749279121818235,-0.2225209339563146,1.0,13.773669940748565,1451,362.8215928183305,359.75208170525326
2025-01-25T06:00:00,2025-01-25,5,1,6.0,1.0,6.123233995736766e-17,-0.9749279121818235,-0.2225209339563146,1.0,15.207042479316696,1451,329.02137542702616,350.31394587120957
2025-01-25T06:15:00,2025-01-25,5,1,6.25,0.9978589232386035,-0.06540312923014316,-0.9749279121818235,-0.2225209339563146,1.0,12.712293597755188,1451,316.68590631947467,320.29778411991725
2025-01-25T06:30:00,2025-01-25,5,1,6.5,0.9914448613738104,-0.1305261922200516,-0.9749279121818235,-0.2225209339563146,1.0,13.193672304125242,1451,292.66270156846673,304.994682670642
2025-01-25T06:45:00,2025-01-25,5,1,6.75,0.9807852804032304,-0.1950903220161282,-0.9749279121818235,-0.2225209339563146,1.0,14.13641580549207,1451,269.35500634619365,323.4671411105398
2025-01-25T07:00:00,2025-01-25,5,1,7.0,0.9659258262890683,-0.25881904510252063,-0.9749279121818235,-0.2225209339563146,1.2,12.887606511717902,1451,243.2547227923184,306.7155883155087
2025-01-25T07:15:00,2025-01-25,5,1,7.25,0.9469301294951057,-0.3214394653031616,-0.9749279121818235,-0.2225209339563146,1.2,12.599796060488078,1451,232.35245436131655,279.40857958384964
2025-01-25T07:30:00,2025-01-25,5,1,7.5,0.9238795325112868,-0.3826834323650895,-0.9749279121818235,-0.2225209339563146,1.2,13.184089380457628,1451,207.39599338373083,269.5043771503069
2025-01-25T07:45:00,2025-01-25,5,1,7.75,0.8968727415326884,-0.44228869021900113,-0.9749279121818235,-0.2225209339563146,1.2,13.191593911344933,1451,224.32440581797846,251.2935782540896
2025-01-25T08:00:00,2025-01-25,5,1,8.0,0.8660254037844388,-0.4999999999999998,-0.9749279121818235,-0.2225209339563146,1.2,11.696002611223149,1451,188.28973915131184,242.31160361640846
2025-01-25T08:15:00,2025-01-25,5,1,8.25,0.8314696123025451,-0.5555702330196023,-0.9749279121818235,-0.2225209339563146,1.2,13.316873051941796,1451,162.78010763276023,231.48865380052385
2025-01-25T08:30:00,2025-01-25,5,1,8.5,0.7933533402912352,-0.6087614290087207,-0.9749279121818235,-0.2225209339563146,1.2,13.610724182473804,1451,147.07369436880393,227.46251435185542
2025-01-25T08:45:00,2025-01-25,5,1,8.75,0.7518398074789774,-0.6593458151000688,-0.9749279121818235,-0.2225209339563146,1.2,12.641938857467848,1451,110.95634304446612,218.46251435185542
2025-01-25T09:00:00,2025-01-25,5,1,9.0,0.7071067811865476,-0.7071067811865475,-0.9749279121818235,-0.2225209339563146,1.2,12.11046563145015,1451,87.55634649512173,214.98822998782626
2025-01-25T09:15:00,2025-01-25,5,1,9.25,0.659345815100069,-0.7518398074789773,-0.9749279121818235,-0.2225209339563146,1.2,11.24785961784893,1451,76.80720707437106,210.6790350637572
2025-01-25T09:30:00,2025-01-25,5,1,9.5,0.6087614290087209,-0.7933533402912349,-0.9749279121818235,-0.2225209339563146,1.2,12.003713799463485,1451,74.91430089588135,205.10011493129375
2025-01-25T09:45:00,2025-01-25,5,1,9.75,0.5555702330196025,-0.831469612302545,-0.9749279121818235,-0.2225209339563146,1.2,11.387029754512675,1451,65.79754807633248,189.3905497139024
2025-01-25T10:00:00,2025-01-25,5,1,10.0,0.49999999999999994,-0.8660254037844387,-0.9749279121818235,-0.2225209339563146,1.0,11.916372528035634,1451,57.7516566482325,171.42634686672622
2025-01-25T10:15:00,2025-01-25,5,1,10.25,0.4422886902190017,-0.8968727415326881,-0.9749279121818235,-0.2225209339563146,1.0,11.55390924594573,1451,50.85337659708159,160.82740540608393
2025-01-25T10:30:00,2025-01-25,5,1,10.5,0.38268343236508984,-0.9238795325112867,-0.9749279121818235,-0.2225209339563146,1.0,13.604138394293438,1451,47.31149944042183,156.59757448820952
2025-01-25T10:45:00,2025-01-25,5,1,10.75,0.32143946530316175,-0.9469301294951056,-0.9749279121818235,-0.2225209339563146,1.0,12.180691018695809,1451,43.31149944042183,148.333787048596
2025-01-25T11:00:00,2025-01-25,5,1,11.0,0.258819045102521,-0.9659258262890682,-0.9749279121818235,-0.2225209339563146,1.0,13.075982905144432,1451,32.553931737255326,145.68654850570533
2025-01-25T11:15:00,2025-01-25,5,1,11.25,0.19509032201612816,-0.9807852804032304,-0.9749279121818235,-0.2225209339563146,1.0,13.154291492989964,1451,28.923980046434064,141.80428763614012
2025-01-25T11:30:00,2025-01-25,5,1,11.5,0.130526192220052,-0.9914448613738104,-0.9749279121818235,-0.2225209339563146,1.0,13.521939547563841,1451,31.473980046434065,136.61270278340518
2025-01-25T11:45:00,2025-01-25,5,1,11.75,0.06540312923014312,-0.9978589232386035,-0.9749279121818235,-0.2225209339563146,1.0,13.914980609606568,1451,47.10990017702811,127.08901462748302
2025-01-25T12:00:00,2025-01-25,5,1,12.0,1.2246467991473532e-16,-1.0,-0.9749279121818235,-0.2225209339563146,1.0,13.543528943557641,1451,41.361494379926654,118.82648265817357
2025-01-25T12:15:00,2025-01-25,5,1,12.25,-0.06540312923014287,-0.9978589232386035,-0.9749279121818235,-0.2225209339563146,1.0,13.735832446171038,1451,40.361494379926654,117.82648265817359
2025-01-25T12:30:00,2025-01-25,5,1,12.5,-0.13052619222005177,-0.9914448613738104,-0.9749279121818235,-0.2225209339563146,1.0,15.93108982892086,1451,50.567457112845915,117.14229293485344
2025-01-25T12:45:00,2025-01-25,5,1,12.75,-0.19509032201612794,-0.9807852804032305,-0.9749279121818235,-0.2225209339563146,1.0,15.215795558841513,1451,46.56745711284591,114.83394510876646
2025-01-25T13:00:00,2025-01-25,5,1,13.0,-0.2588190451025208,-0.9659258262890683,-0.9749279121818235,-0.2225209339563146,1.0,14.971709868364549,1451,45.01745711284591,116.57742336963601
2025-01-25T13:15:00,2025-01-25,5,1,13.25,-0.32143946530316153,-0.9469301294951057,-0.9749279121818235,-0.2225209339563146,1.0,14.554265371617134,1451,58.199291229571344,174.76571717727768
2025-01-25T13:30:00,2025-01-25,5,1,13.5,-0.38268343236508967,-0.9238795325112867,-0.9749279121818235,-0.2225209339563146,1.0,15.669310202313822,1451,123.70731351959591,189.76571717727774
2025-01-25T13:45:00,2025-01-25,5,1,13.75,-0.4422886902190015,-0.8968727415326883,-0.9749279121818235,-0.2225209339563146,1.0,16.48347238928245,1451,162.40862821938887,242.79967003601334
2025-01-25T14:00:00,2025-01-25,5,1,14.0,-0.4999999999999998,-0.8660254037844388,-0.9749279121818235,-0.2225209339563146,1.0,15.582886203581715,1451,172.66034446652844,268.66355202359097
2025-01-25T14:15:00,2025-01-25,5,1,14.25,-0.555570233019602,-0.8314696123025455,-0.9749279121818235,-0.2225209339563146,1.0,16.220562813156018,1451,218.84095602887916,306.2046154532412
2025-01-25T14:30:00,2025-01-25,5,1,14.5,-0.6087614290087207,-0.7933533402912352,-0.9749279121818235,-0.2225209339563146,1.0,17.208637795415715,1451,203.0082567535168,329.45987708809133
2025-01-25T14:45:00,2025-01-25,5,1,14.75,-0.6593458151000688,-0.7518398074789774,-0.9749279121818235,-0.2225209339563146,1.0,17.626975058797026,1451,257.79486073350955,373.2880536438774
2025-01-25T15:00:00,2025-01-25,5,1,15.0,-0.7071067811865471,-0.7071067811865479,-0.9749279121818235,-0.2225209339563146,1.0,19.157858677508298,1451,377.196044159147,456.1167986404268
2025-01-25T15:15:00,2025-01-25,5,1,15.25,-0.7518398074789773,-0.6593458151000691,-0.9749279121818235,-0.2225209339563146,1.0,17.923679115114002,1451,580.2727284515269,624.8772913639938
2025-01-25T15:30:00,2025-01-25,5,1,15.5,-0.7933533402912349,-0.6087614290087209,-0.9749279121818235,-0.2225209339563146,1.0,18.9316259050899,1451,718.1411613385258,671.4103095993158
2025-01-25T15:45:00,2025-01-25,5,1,15.75,-0.8314696123025452,-0.5555702330196022,-0.9749279121818235,-0.2225209339563146,1.0,19.09982583117802,1451,785.9141555889497,811.0685027378305
2025-01-25T16:00:00,2025-01-25,5,1,16.0,-0.8660254037844384,-0.5000000000000004,-0.9749279121818235,-0.2225209339563146,1.0,19.92769882761378,1451,753.6342604026141,736.3285890962675
2025-01-25T16:15:00,2025-01-25,5,1,16.25,-0.8968727415326883,-0.44228869021900136,-0.9749279121818235,-0.2225209339563146,1.0,20.536868173424143,1451,857.7380316547374,864.3202222856705
2025-01-25T16:30:00,2025-01-25,5,1,16.5,-0.9238795325112868,-0.3826834323650895,-0.9749279121818235,-0.2225209339563146,1.0,20.254512808072548,1451,883.6226727865524,880.800551159471
2025-01-25T16:45:00,2025-01-25,5,1,16.75,-0.9469301294951056,-0.3214394653031618,-0.9749279121818235,-0.2225209339563146,1.0,20.869942236766573,1451,906.4499809882058,871.2673606144745
2025-01-25T17:00:00,2025-01-25,5,1,17.0,-0.9659258262890683,-0.25881904510252063,-0.9749279121818235,-0.2225209339563146,1.0,21.788216142388446,1451,886.6317571468297,858.7028096702496
2025-01-25T17:15:00,2025-01-25,5,1,17.25,-0.9807852804032303,-0.19509032201612866,-0.9749279121818235,-0.2225209339563146,1.0,21.061745325753805,1451,906.1308503129931,911.2668860887883
2025-01-25T17:30:00,2025-01-25,5,1,17.5,-0.9914448613738104,-0.13052619222005163,-0.9749279121818235,-0.2225209339563146,1.0,21.57843851041181,1451,942.328220460961,907.0708103820284
2025-01-25T17:45:00,2025-01-25,5,1,17.75,-0.9978589232386035,-0.06540312923014273,-0.9749279121818235,-0.2225209339563146,1.0,22.503553166256086,1451,961.1289801227971,956.3848305840487
2025-01-25T18:00:00,2025-01-25,5,1,18.0,-1.0,-1.8369701987210297e-16,-0.9749279121818235,-0.2225209339563146,1.7,22.822692988789377,1451,948.4899157330804,433.6540928565874
2025-01-25T18:15:00,2025-01-25,5,1,18.25,-0.9978589232386036,0.06540312923014237,-0.9749279121818235,-0.2225209339563146,1.7,21.505291289204887,1451,873.0527074728411,423.6558657434359
2025-01-25T18:30:00,2025-01-25,5,1,18.5,-0.9914448613738105,0.13052619222005124,-0.9749279121818235,-0.2225209339563146,1.7,22.87704733408521,1451,771.8776655944297,422.573131497006
2025-01-25T18:45:00,2025-01-25,5,1,18.75,-0.9807852804032304,0.19509032201612828,-0.9749279121818235,-0.2225209339563146,1.7,23.02412531590532,1451,839.4107715826443,423.6438036621171
2025-01-25T19:00:00,2025-01-25,5,1,19.0,-0.9659258262890684,0.2588190451025203,-0.9749279121818235,-0.2225209339563146,1.7,24.064887096619035,1451,822.1659750283177,419.8060868964303
2025-01-25T19:15:00,2025-01-25,5,1,19.25,-0.9469301294951057,0.3214394653031615,-0.9749279121818235,-0.2225209339563146,1.7,24.187449803558795,1451,796.5771157836976,417.78445826299037
2025-01-25T19:30:00,2025-01-25,5,1,19.5,-0.923879532511287,0.38268343236508917,-0.9749279121818235,-0.2225209339563146,1.7,23.687650145695844,1451,776.9445677513095,415.7588865276071
2025-01-25T19:45:00,2025-01-25,5,1,19.75,-0.8968727415326885,0.4422886902190011,-0.9749279121818235,-0.2225209339563146,1.7,23.25910513424591,1451,781.0385859382943,379.7735489907478
2025-01-25T20:00:00,2025-01-25,5,1,20.0,-0.8660254037844386,0.5,-0.9749279121818235,-0.2225209339563146,1.7,23.247653840150377,1451,809.6196341951257,405.9164132309762
2025-01-25T20:15:00,2025-01-25,5,1,20.25,-0.8314696123025456,0.5555702330196018,-0.9749279121818235,-0.2225209339563146,1.7,24.95441653331375,1451,830.5258886652932,417.3247723792622
2025-01-25T20:30:00,2025-01-25,5,1,20.5,-0.7933533402912357,0.6087614290087199,-0.9749279121818235,-0.2225209339563146,1.7,23.798339425121966,1451,863.397904909918,431.79360626277
2025-01-25T20:45:00,2025-01-25,5,1,20.75,-0.7518398074789773,0.6593458151000691,-0.9749279121818235,-0.2225209339563146,1.7,24.32604777054928,1451,914.7123732298777,437.46970663689154
2025-01-25T21:00:00,2025-01-25,5,1,21.0,-0.7071067811865477,0.7071067811865475,-0.9749279121818235,-0.2225209339563146,1.7,23.561877992655255,1451,1058.3458924758072,500.0602310457396
2025-01-25T21:15:00,2025-01-25,5,1,21.25,-0.6593458151000687,0.7518398074789775,-0.9749279121818235,-0.2225209339563146,1.0,23.728598224145472,1451,1083.3963173769932,1122.5144908355533
2025-01-25T21:30:00,2025-01-25,5,1,21.5,-0.6087614290087209,0.7933533402912349,-0.9749279121818235,-0.2225209339563146,1.0,23.38325252422336,1451,1069.414369866774,1101.9922278055778
2025-01-25T21:45:00,2025-01-25,5,1,21.75,-0.555570233019603,0.8314696123025447,-0.9749279121818235,-0.2225209339563146,1.0,23.61004152317243,1451,1084.6962590223045,1117.9169797387196
2025-01-25T22:00:00,2025-01-25,5,1,22.0,-0.5000000000000004,0.8660254037844384,-0.9749279121818235,-0.2225209339563146,1.0,23.513880353241298,1451,1095.6157797753037,1079.4086540750618
2025-01-25T22:15:00,2025-01-25,5,1,22.25,-0.4422886902190014,0.8968727415326883,-0.9749279121818235,-0.2225209339563146,1.0,24.838070196003475,1451,1095.4151379533573,1099.6106797426307
2025-01-25T22:30:00,2025-01-25,5,1,22.5,-0.38268343236508956,0.9238795325112868,-0.9749279121818235,-0.2225209339563146,1.0,22.782910763041734,1451,1072.7215828221392,1143.5590024239402
2025-01-25T22:45:00,2025-01-25,5,1,22.75,-0.32143946530316186,0.9469301294951056,-0.9749279121818235,-0.2225209339563146,1.0,23.584830024301034,1451,1122.2330199103715,1170.8207219906055
2025-01-25T23:00:00,2025-01-25,5,1,23.0,-0.2588190451025215,0.9659258262890681,-0.9749279121818235,-0.2225209339563146,1.0,22.778865491238072,1451,1156.7535950061188,1191.8488682965597
2025-01-25T23:15:00,2025-01-25,5,1,23.25,-0.19509032201612872,0.9807852804032303,-0.9749279121818235,-0.2225209339563146,1.0,24.089054255876416,1451,1142.5702407592153,1201.7418595098434
2025-01-25T23:30:00,2025-01-25,5,1,23.5,-0.13052619222005168,0.9914448613738104,-0.9749279121818235,-0.2225209339563146,1.0,23.017722466733197,1451,1191.1634789521822,1230.1954961727552
2025-01-25T23:45:00,2025-01-25,5,1,23.75,-0.0654031292301428,0.9978589232386035,-0.9749279121818235,-0.2225209339563146,1.0,22.137554784125857,1451,1245.6472681891762,1182.8142901429267
2025-01-26T00:00:00,2025-01-26,6,1,0.0,0.0,1.0,-0.7818314824680299,0.6234898018587334,1.0,22.63555895854474,1357,31.290217391304346,123.05088838162986
2025-01-26T00:15:00,2025-01-26,6,1,0.25,0.06540312923014306,0.9978589232386035,-0.7818314824680299,0.6234898018587334,1.0,22.54122095362646,1357,82.43991612252483,168.30248258452832
2025-01-26T00:30:00,2025-01-26,6,1,0.5,0.13052619222005157,0.9914448613738104,-0.7818314824680299,0.6234898018587334,1.0,22.192269692516057,1357,137.8836977756543,200.85638809930353
2025-01-26T00:45:00,2025-01-26,6,1,0.75,0.19509032201612825,0.9807852804032304,-0.7818314824680299,0.6234898018587334,1.0,20.834369210060515,1357,187.86400514943992,239.2991948625887
2025-01-26T01:00:00,2025-01-26,6,1,1.0,0.25881904510252074,0.9659258262890683,-0.7818314824680299,0.6234898018587334,1.0,22.05017557246408,1357,217.54625152625158,278.8884447423389
2025-01-26T01:15:00,2025-01-26,6,1,1.25,0.3214394653031616,0.9469301294951057,-0.7818314824680299,0.6234898018587334,1.0,20.09597051543609,1357,277.82347179070143,352.7038185575065
2025-01-26T01:30:00,2025-01-26,6,1,1.5,0.3826834323650898,0.9238795325112867,-0.7818314824680299,0.6234898018587334,1.0,21.409976360991834,1357,305.6739441059286,394.2111960592319
2025-01-26T01:45:00,2025-01-26,6,1,1.75,0.44228869021900125,0.8968727415326884,-0.7818314824680299,0.6234898018587334,1.0,18.87542893485209,1357,322.78549728401686,420.9126815018937
2025-01-26T02:00:00,2025-01-26,6,1,2.0,0.49999999999999994,0.8660254037844387,-0.7818314824680299,0.6234898018587334,1.0,19.3988808014931,1357,327.7783728876009,501.9620642511047
2025-01-26T02:15:00,2025-01-26,6,1,2.25,0.5555702330196022,0.8314696123025452,-0.7818314824680299,0.6234898018587334,1.0,19.977135689825392,1357,369.38121809198276,537.9506523095783
2025-01-26T02:30:00,2025-01-26,6,1,2.5,0.6087614290087207,0.7933533402912352,-0.7818314824680299,0.6234898018587334,1.0,18.739249486426964,1357,383.87502472871313,568.4464590468765
2025-01-26T02:45:00,2025-01-26,6,1,2.75,0.6593458151000688,0.7518398074789774,-0.7818314824680299,0.6234898018587334,1.0,18.017492283213706,1357,384.24075236816464,572.4902426907688
2025-01-26T03:00:00,2025-01-26,6,1,3.0,0.7071067811865475,0.7071067811865476,-0.7818314824680299,0.6234898018587334,1.0,18.21631137655351,1357,398.16616664687757,588.0345347608077
2025-01-26T03:15:00,2025-01-26,6,1,3.25,0.7518398074789774,0.659345815100069,-0.7818314824680299,0.6234898018587334,1.0,18.149402082146047,1357,372.9809879548622,553.5946549092015
2025-01-26T03:30:00,2025-01-26,6,1,3.5,0.793353340291235,0.6087614290087208,-0.7818314824680299,0.6234898018587334,1.0,17.416048647815106,1357,417.69602780993466,541.6802165034043
2025-01-26T03:45:00,2025-01-26,6,1,3.75,0.8314696123025451,0.5555702330196024,-0.7818314824680299,0.6234898018587334,1.0,16.077006296666003,1357,452.77817170084063,543.9355488672564
2025-01-26T04:00:00,2025-01-26,6,1,4.0,0.8660254037844386,0.5000000000000001,-0.7818314824680299,0.6234898018587334,1.0,16.253329590792664,1357,421.4823881365788,533.9306574172928
2025-01-26T04:15:00,2025-01-26,6,1,4.25,0.8968727415326884,0.44228869021900125,-0.7818314824680299,0.6234898018587334,1.0,15.62328041883554,1357,391.0156487025673,516.0957755962155
2025-01-26T04:30:00,2025-01-26,6,1,4.5,0.9238795325112867,0.38268343236508984,-0.7818314824680299,0.6234898018587334,1.0,16.482914320464612,1357,326.7955608676969,487.887369799114
2025-01-26T04:45:00,2025-01-26,6,1,4.75,0.9469301294951056,0.3214394653031617,-0.7818314824680299,0.6234898018587334,1.0,15.205974852024276,1357,355.3170346590865,454.4237004974012
2025-01-26T05:00:00,2025-01-26,6,1,5.0,0.9659258262890683,0.25881904510252074,-0.7818314824680299,0.6234898018587334,1.0,14.034109189561637,1357,325.2219902065228,449.894714990155
2025-01-26T05:15:00,2025-01-26,6,1,5.25,0.9807852804032304,0.1950903220161283,-0.7818314824680299,0.6234898018587334,1.0,14.543528830831956,1357,308.44475418167815,429.0034106423286
2025-01-26T05:30:00,2025-01-26,6,1,5.5,0.9914448613738104,0.1305261922200517,-0.7818314824680299,0.6234898018587334,1.0,14.600401187771304,1357,257.570932479084,376.6698288617904
2025-01-26T05:45:00,2025-01-26,6,1,5.75,0.9978589232386035,0.06540312923014327,-0.7818314824680299,0.6234898018587334,1.0,14.522983952584758,1357,240.91101184416337,328.82707210164216
2025-01-26T06:00:00,2025-01-26,6,1,6.0,1.0,6.123233995736766e-17,-0.7818314824680299,0.6234898018587334,1.0,14.85842896211869,1357,257.52421318991907,295.17711383000386
2025-01-26T06:15:00,2025-01-26,6,1,6.25,0.9978589232386035,-0.06540312923014316,-0.7818314824680299,0.6234898018587334,1.0,13.699941376448502,1357,234.71681762299662,287.17711383000386
2025-01-26T06:30:00,2025-01-26,6,1,6.5,0.9914448613738104,-0.1305261922200516,-0.7818314824680299,0.6234898018587334,1.0,13.553974336999524,1357,225.41375438188993,267.57334199797117
2025-01-26T06:45:00,2025-01-26,6,1,6.75,0.9807852804032304,-0.1950903220161282,-0.7818314824680299,0.6234898018587334,1.0,12.777071422813137,1357,208.47622093707386,270.1572959184469
2025-01-26T07:00:00,2025-01-26,6,1,7.0,0.9659258262890683,-0.25881904510252063,-0.7818314824680299,0.6234898018587334,1.2,12.185820248288158,1357,189.70665253446194,266.6047974786716
2025-01-26T07:15:00,2025-01-26,6,1,7.25,0.9469301294951057,-0.3214394653031616,-0.7818314824680299,0.6234898018587334,1.2,12.188468260322095,1357,180.34056557794023,253.01251682473998
2025-01-26T07:30:00,2025-01-26,6,1,7.5,0.9238795325112868,-0.3826834323650895,-0.7818314824680299,0.6234898018587334,1.2,12.664286297838247,1357,169.04403973474055,238.41541537546462
2025-01-26T07:45:00,2025-01-26,6,1,7.75,0.8968727415326884,-0.44228869021900113,-0.7818314824680299,0.6234898018587334,1.2,12.240903458897503,1357,147.01968508235657,236.36488354651007
2025-01-26T08:00:00,2025-01-26,6,1,8.0,0.8660254037844388,-0.4999999999999998,-0.7818314824680299,0.6234898018587334,1.2,12.648702809943023,1357,140.24997493742902,231.45644554328948
2025-01-26T08:15:00,2025-01-26,6,1,8.25,0.8314696123025451,-0.5555702330196023,-0.7818314824680299,0.6234898018587334,1.2,10.105792569520363,1357,164.04740419898877,213.36184409401406
2025-01-26T08:30:00,2025-01-26,6,1,8.5,0.7933533402912352,-0.6087614290087207,-0.7818314824680299,0.6234898018587334,1.2,12.037740834564733,1357,161.03109985116268,194.12977558281509
2025-01-26T08:45:00,2025-01-26,6,1,8.75,0.7518398074789774,-0.6593458151000688,-0.7818314824680299,0.6234898018587334,1.2,11.899297720806027,1357,150.2011140288564,186.30732804505564
2025-01-26T09:00:00,2025-01-26,6,1,9.0,0.7071067811865476,-0.7071067811865475,-0.7818314824680299,0.6234898018587334,1.2,12.56708620017381,1357,141.0820448895909,179.03459712940747
2025-01-26T09:15:00,2025-01-26,6,1,9.25,0.659345815100069,-0.7518398074789773,-0.7818314824680299,0.6234898018587334,1.2,12.715335183927166,1357,125.72659589840023,173.2861269200677
2025-01-26T09:30:00,2025-01-26,6,1,9.5,0.6087614290087209,-0.7933533402912349,-0.7818314824680299,0.6234898018587334,1.2,12.621880530914472,1357,128.97936951159363,172.27047474615466
2025-01-26T09:45:00,2025-01-26,6,1,9.75,0.5555702330196025,-0.831469612302545,-0.7818314824680299,0.6234898018587334,1.2,11.993508261202198,1357,117.39534314283355,163.99297002025676
2025-01-26T10:00:00,2025-01-26,6,1,10.0,0.49999999999999994,-0.8660254037844387,-0.7818314824680299,0.6234898018587334,1.0,12.371874226872613,1357,100.96215059624971,157.31271175195505
2025-01-26T10:15:00,2025-01-26,6,1,10.25,0.4422886902190017,-0.8968727415326881,-0.7818314824680299,0.6234898018587334,1.0,12.253284569115802,1357,92.96215059624971,149.21590015775206
2025-01-26T10:30:00,2025-01-26,6,1,10.5,0.38268343236508984,-0.9238795325112867,-0.7818314824680299,0.6234898018587334,1.0,13.189761348549988,1357,92.96215059624971,139.44571382234832
2025-01-26T10:45:00,2025-01-26,6,1,10.75,0.32143946530316175,-0.9469301294951056,-0.7818314824680299,0.6234898018587334,1.0,13.112085051113706,1357,89.7791278219226,126.8034564928485
2025-01-26T11:00:00,2025-01-26,6,1,11.0,0.258819045102521,-0.9659258262890682,-0.7818314824680299,0.6234898018587334,1.0,12.855110246208982,1357,87.77912782192259,122.85852895661664
2025-01-26T11:15:00,2025-01-26,6,1,11.25,0.19509032201612816,-0.9807852804032304,-0.7818314824680299,0.6234898018587334,1.0,13.704581331224718,1357,66.459461264224,117.07253861845236
2025-01-26T11:30:00,2025-01-26,6,1,11.5,0.130526192220052,-0.9914448613738104,-0.7818314824680299,0.6234898018587334,1.0,13.855312825990463,1357,69.7272061357496,104.85035983497781
2025-01-26T11:45:00,2025-01-26,6,1,11.75,0.06540312923014312,-0.9978589232386035,-0.7818314824680299,0.6234898018587334,1.0,13.732681333782073,1357,68.17275257705597,100.31964962447222
2025-01-26T12:00:00,2025-01-26,6,1,12.0,1.2246467991473532e-16,-1.0,-0.7818314824680299,0.6234898018587334,1.0,12.90327668312474,1357,60.017633362469724,89.31964962447222
2025-01-26T12:15:00,2025-01-26,6,1,12.25,-0.06540312923014287,-0.9978589232386035,-0.7818314824680299,0.6234898018587334,1.0,13.875907207918484,1357,58.50545387529023,88.31964962447222
2025-01-26T12:30:00,2025-01-26,6,1,12.5,-0.13052619222005177,-0.9914448613738104,-0.7818314824680299,0.6234898018587334,1.0,14.23970937214476,1357,58.970320635458535,77.99228389557197
2025-01-26T12:45:00,2025-01-26,6,1,12.75,-0.19509032201612794,-0.9807852804032305,-0.7818314824680299,0.6234898018587334,1.0,14.395393705808267,1357,70.97032063545853,87.95357763894413
2025-01-26T13:00:00,2025-01-26,6,1,13.0,-0.2588190451025208,-0.9659258262890683,-0.7818314824680299,0.6234898018587334,1.0,15.662646480567986,1357,81.73553802676288,98.69403984027589
2025-01-26T13:15:00,2025-01-26,6,1,13.25,-0.32143946530316153,-0.9469301294951057,-0.7818314824680299,0.6234898018587334,1.0,15.360088933091646,1357,121.6732991013343,104.45701085476864
2025-01-26T13:30:00,2025-01-26,6,1,13.5,-0.38268343236508967,-0.9238795325112867,-0.7818314824680299,0.6234898018587334,1.0,16.845238256717646,1357,181.66929040997385,127.10285626539667
2025-01-26T13:45:00,2025-01-26,6,1,13.75,-0.4422886902190015,-0.8968727415326883,-0.7818314824680299,0.6234898018587334,1.0,15.71882499772194,1357,193.24347967431348,171.41707031221932
2025-01-26T14:00:00,2025-01-26,6,1,14.0,-0.4999999999999998,-0.8660254037844388,-0.7818314824680299,0.6234898018587334,1.0,16.89817178961019,1357,191.81965721054536,167.353405715946
2025-01-26T14:15:00,2025-01-26,6,1,14.25,-0.555570233019602,-0.8314696123025455,-0.7818314824680299,0.6234898018587334,1.0,16.137159641041684,1357,206.78381179991734,207.48593079955833
2025-01-26T14:30:00,2025-01-26,6,1,14.5,-0.6087614290087207,-0.7933533402912352,-0.7818314824680299,0.6234898018587334,1.0,16.875004973831494,1357,236.85531781132264,223.69825669829717
2025-01-26T14:45:00,2025-01-26,6,1,14.75,-0.6593458151000688,-0.7518398074789774,-0.7818314824680299,0.6234898018587334,1.0,17.96257591162101,1357,291.74153970037815,293.88993745584776
2025-01-26T15:00:00,2025-01-26,6,1,15.0,-0.7071067811865471,-0.7071067811865479,-0.7818314824680299,0.6234898018587334,1.0,18.02174223257725,1357,372.95085417012746,376.66987284654414
2025-01-26T15:15:00,2025-01-26,6,1,15.25,-0.7518398074789773,-0.6593458151000691,-0.7818314824680299,0.6234898018587334,1.0,19.450131691609606,1357,487.03760695895664,500.2153320847382
2025-01-26T15:30:00,2025-01-26,6,1,15.5,-0.7933533402912349,-0.6087614290087209,-0.7818314824680299,0.6234898018587334,1.0,18.838960802559896,1357,626.4944608661808,610.4585160233794
2025-01-26T15:45:00,2025-01-26,6,1,15.75,-0.8314696123025452,-0.5555702330196022,-0.7818314824680299,0.6234898018587334,1.0,19.104399341817594,1357,654.8295893916115,691.2073372593793
2025-01-26T16:00:00,2025-01-26,6,1,16.0,-0.8660254037844384,-0.5000000000000004,-0.7818314824680299,0.6234898018587334,1.0,19.879413237763416,1357,643.576112079672,704.3770525802905
2025-01-26T16:15:00,2025-01-26,6,1,16.25,-0.8968727415326883,-0.44228869021900136,-0.7818314824680299,0.6234898018587334,1.0,20.464409745323117,1357,653.5198752374606,765.3818263390033
2025-01-26T16:30:00,2025-01-26,6,1,16.5,-0.9238795325112868,-0.3826834323650895,-0.7818314824680299,0.6234898018587334,1.0,20.019044203844274,1357,666.333706845466,782.0883946619844
2025-01-26T16:45:00,2025-01-26,6,1,16.75,-0.9469301294951056,-0.3214394653031618,-0.7818314824680299,0.6234898018587334,1.0,20.829157225918635,1357,680.3706465013278,713.6843443621812
2025-01-26T17:00:00,2025-01-26,6,1,17.0,-0.9659258262890683,-0.25881904510252063,-0.7818314824680299,0.6234898018587334,1.0,20.224270768388575,1357,744.1312290162839,746.8456479137022
2025-01-26T17:15:00,2025-01-26,6,1,17.25,-0.9807852804032303,-0.19509032201612866,-0.7818314824680299,0.6234898018587334,1.0,22.05396514696108,1357,720.5781293546208,829.2551254458741
2025-01-26T17:30:00,2025-01-26,6,1,17.5,-0.9914448613738104,-0.13052619222005163,-0.7818314824680299,0.6234898018587334,1.0,22.51187775904954,1357,755.8705010128716,791.4863456025287
2025-01-26T17:45:00,2025-01-26,6,1,17.75,-0.9978589232386035,-0.06540312923014273,-0.7818314824680299,0.6234898018587334,1.0,22.11423788475813,1357,836.4591352433752,831.6710969984758
2025-01-26T18:00:00,2025-01-26,6,1,18.0,-1.0,-1.8369701987210297e-16,-0.7818314824680299,0.6234898018587334,1.7,22.18070810309965,1357,808.065873119026,389.5439670817061
2025-01-26T18:15:00,2025-01-26,6,1,18.25,-0.9978589232386036,0.06540312923014237,-0.7818314824680299,0.6234898018587334,1.7,22.412777354325893,1357,791.527539896409,349.1719859437515
2025-01-26T18:30:00,2025-01-26,6,1,18.5,-0.9914448613738105,0.13052619222005124,-0.7818314824680299,0.6234898018587334,1.7,23.522969359933835,1357,796.4047928608359,323.92781366759493
2025-01-26T18:45:00,2025-01-26,6,1,18.75,-0.9807852804032304,0.19509032201612828,-0.7818314824680299,0.6234898018587334,1.7,23.255033490344385,1357,806.0305829765175,346.28708130148055
2025-01-26T19:00:00,2025-01-26,6,1,19.0,-0.9659258262890684,0.2588190451025203,-0.7818314824680299,0.6234898018587334,1.7,23.972569400873823,1357,792.8702594527983,341.7479551136588
2025-01-26T19:15:00,2025-01-26,6,1,19.25,-0.9469301294951057,0.3214394653031615,-0.7818314824680299,0.6234898018587334,1.7,23.029906189079178,1357,750.1289595821388,321.51793604424626
2025-01-26T19:30:00,2025-01-26,6,1,19.5,-0.923879532511287,0.38268343236508917,-0.7818314824680299,0.6234898018587334,1.7,23.429860391906253,1357,715.5868511543347,324.8900763797562
2025-01-26T19:45:00,2025-01-26,6,1,19.75,-0.8968727415326885,0.4422886902190011,-0.7818314824680299,0.6234898018587334,1.7,23.558472011413656,1357,714.0605679533073,316.50902722359837
2025-01-26T20:00:00,2025-01-26,6,1,20.0,-0.8660254037844386,0.5,-0.7818314824680299,0.6234898018587334,1.7,23.83372497967471,1357,806.4193753586046,333.82606149399356
2025-01-26T20:15:00,2025-01-26,6,1,20.25,-0.8314696123025456,0.5555702330196018,-0.7818314824680299,0.6234898018587334,1.7,23.798339316347523,1357,806.3973590860393,347.32967159622916
2025-01-26T20:30:00,2025-01-26,6,1,20.5,-0.7933533402912357,0.6087614290087199,-0.7818314824680299,0.6234898018587334,1.7,23.02504068697807,1357,786.4283667572068,394.89180782885126
2025-01-26T20:45:00,2025-01-26,6,1,20.75,-0.7518398074789773,0.6593458151000691,-0.7818314824680299,0.6234898018587334,1.7,24.730150937083902,1357,828.6673023882921,413.19755516122893
2025-01-26T21:00:00,2025-01-26,6,1,21.0,-0.7071067811865477,0.7071067811865475,-0.7818314824680299,0.6234898018587334,1.7,23.57039404739605,1357,884.6754493954481,458.72262719873953
2025-01-26T21:15:00,2025-01-26,6,1,21.25,-0.6593458151000687,0.7518398074789775,-0.7818314824680299,0.6234898018587334,1.0,25.393153168690894,1357,952.4961257424034,1050.0643232178618
2025-01-26T21:30:00,2025-01-26,6,1,21.5,-0.6087614290087209,0.7933533402912349,-0.7818314824680299,0.6234898018587334,1.0,23.864019869725325,1357,969.4580801501044,1050.3409906115896
2025-01-26T21:45:00,2025-01-26,6,1,21.75,-0.555570233019603,0.8314696123025447,-0.7818314824680299,0.6234898018587334,1.0,24.831385147713696,1357,970.8747756706491,1065.9392640676022
2025-01-26T22:00:00,2025-01-26,6,1,22.0,-0.5000000000000004,0.8660254037844384,-0.7818314824680299,0.6234898018587334,1.0,24.887249952392054,1357,979.1917188629363,1054.4503466234903
2025-01-26T22:15:00,2025-01-26,6,1,22.25,-0.4422886902190014,0.8968727415326883,-0.7818314824680299,0.6234898018587334,1.0,22.848249096865565,1357,1030.1122315934563,1001.9423250568926
2025-01-26T22:30:00,2025-01-26,6,1,22.5,-0.38268343236508956,0.9238795325112868,-0.7818314824680299,0.6234898018587334,1.0,23.15481880354527,1357,1007.4412857813484,1025.2026458314765
2025-01-26T22:45:00,2025-01-26,6,1,22.75,-0.32143946530316186,0.9469301294951056,-0.7818314824680299,0.6234898018587334,1.0,22.87903789840365,1357,1029.910415101304,1061.4102033946858
2025-01-26T23:00:00,2025-01-26,6,1,23.0,-0.2588190451025215,0.9659258262890681,-0.7818314824680299,0.6234898018587334,1.0,22.83556699333747,1357,1086.026300000776,1146.6917433466353
2025-01-26T23:15:00,2025-01-26,6,1,23.25,-0.19509032201612872,0.9807852804032303,-0.7818314824680299,0.6234898018587334,1.0,22.51952891510649,1357,1160.6559797413252,1152.7242400528278
2025-01-26T23:30:00,2025-01-26,6,1,23.5,-0.13052619222005168,0.9914448613738104,-0.7818314824680299,0.6234898018587334,1.0,22.769972209683164,1357,1171.3095055833624,1131.5017870900776
2025-01-26T23:45:00,2025-01-26,6,1,23.75,-0.0654031292301428,0.9978589232386035,-0.7818314824680299,0.6234898018587334,1.0,23.63688690344808,1357,1205.9623106406236,1148.19967449253
2025-01-27T00:00:00,2025-01-27,0,0,0.0,0.0,1.0,0.0,1.0,1.0,21.918411576036814,1938,63.15383022774327,156.5855367473036
2025-01-27T00:15:00,2025-01-27,0,0,0.25,0.06540312923014306,0.9978589232386035,0.0,1.0,1.0,22.317628992532146,1938,174.09004281949933,253.96560346634385
2025-01-27T00:30:00,2025-01-27,0,0,0.5,0.13052619222005157,0.9914448613738104,0.0,1.0,1.0,23.15803405319972,1938,280.75904951498194,289.5916904228654
2025-01-27T00:45:00,2025-01-27,0,0,0.75,0.19509032201612825,0.9807852804032304,0.0,1.0,1.0,22.033131013216142,1938,341.8407237296685,299.1033674414988
2025-01-27T01:00:00,2025-01-27,0,0,1.0,0.25881904510252074,0.9659258262890683,0.0,1.0,1.0,21.0325846096676,1938,358.2305011623808,319.28680604314366
2025-01-27T01:15:00,2025-01-27,0,0,1.25,0.3214394653031616,0.9469301294951057,0.0,1.0,1.0,21.06139954676946,1938,395.3275476785295,424.7692252251569
2025-01-27T01:30:00,2025-01-27,0,0,1.5,0.3826834323650898,0.9238795325112867,0.0,1.0,1.0,21.381330121356388,1938,516.5535339155803,523.3167252251571
2025-01-27T01:45:00,2025-01-27,0,0,1.75,0.44228869021900125,0.8968727415326884,0.0,1.0,1.0,21.68137223738406,1938,595.7838602296991,601.220832752896
2025-01-27T02:00:00,2025-01-27,0,0,2.0,0.49999999999999994,0.8660254037844387,0.0,1.0,1.0,20.027642253944812,1938,626.9569793207529,605.8399087214475
2025-01-27T02:15:00,2025-01-27,0,0,2.25,0.5555702330196022,0.8314696123025452,0.0,1.0,1.0,19.793251807835123,1938,694.5222854900265,666.1890848361678
2025-01-27T02:30:00,2025-01-27,0,0,2.5,0.6087614290087207,0.7933533402912352,0.0,1.0,1.0,20.013090240174126,1938,732.2084239901869,662.6363659225153
2025-01-27T02:45:00,2025-01-27,0,0,2.75,0.6593458151000688,0.7518398074789774,0.0,1.0,1.0,18.820667906112575,1938,727.1142069903993,617.1655594886107
2025-01-27T03:00:00,2025-01-27,0,0,3.0,0.7071067811865475,0.7071067811865476,0.0,1.0,1.0,18.061400100557524,1938,760.4220204971358,656.6343227253373
2025-01-27T03:15:00,2025-01-27,0,0,3.25,0.7518398074789774,0.659345815100069,0.0,1.0,1.0,18.017350896751296,1938,685.6757686802812,620.4450835949021
2025-01-27T03:30:00,2025-01-27,0,0,3.5,0.793353340291235,0.6087614290087208,0.0,1.0,1.0,17.955568774953864,1938,688.7829511717026,585.413125878705
2025-01-27T03:45:00,2025-01-27,0,0,3.75,0.8314696123025451,0.5555702330196024,0.0,1.0,1.0,17.186587499796435,1938,702.6658810713859,698.0767394327082
2025-01-27T04:00:00,2025-01-27,0,0,4.0,0.8660254037844386,0.5000000000000001,0.0,1.0,1.0,17.15240855864997,1938,652.1900215798566,710.2391479903343
2025-01-27T04:15:00,2025-01-27,0,0,4.25,0.8968727415326884,0.44228869021900125,0.0,1.0,1.0,17.247072107303737,1938,620.2749767261472,640.4311918948521
2025-01-27T04:30:00,2025-01-27,0,0,4.5,0.9238795325112867,0.38268343236508984,0.0,1.0,1.0,17.150087367609085,1938,576.0300138930478,607.8243078368808
2025-01-27T04:45:00,2025-01-27,0,0,4.75,0.9469301294951056,0.3214394653031617,0.0,1.0,1.0,15.32556043206708,1938,537.173838892525,568.5756082031814
2025-01-27T05:00:00,2025-01-27,0,0,5.0,0.9659258262890683,0.25881904510252074,0.0,1.0,1.0,16.31521982872539,1938,474.8503079307331,531.1143057375307
2025-01-27T05:15:00,2025-01-27,0,0,5.25,0.9807852804032304,0.1950903220161283,0.0,1.0,1.0,15.308577038117077,1938,442.6077160241652,490.308581099849
2025-01-27T05:30:00,2025-01-27,0,0,5.5,0.9914448613738104,0.1305261922200517,0.0,1.0,1.0,15.080012160631963,1938,386.6517600598398,460.15485439177434
2025-01-27T05:45:00,2025-01-27,0,0,5.75,0.9978589232386035,0.06540312923014327,0.0,1.0,1.0,14.453017828146299,1938,367.09585276003344,431.07878614899204
2025-01-27T06:00:00,2025-01-27,0,0,6.0,1.0,6.123233995736766e-17,0.0,1.0,1.0,14.199865078606958,1938,341.6415816602892,417.19581639121577
2025-01-27T06:15:00,2025-01-27,0,0,6.25,0.9978589232386035,-0.06540312923014316,0.0,1.0,1.0,13.41839137506112,1938,350.3983174969164,397.2181011311986
2025-01-27T06:30:00,2025-01-27,0,0,6.5,0.9914448613738104,-0.1305261922200516,0.0,1.0,1.0,14.875224956427415,1938,342.6894244646586,363.972238906467
2025-01-27T06:45:00,2025-01-27,0,0,6.75,0.9807852804032304,-0.1950903220161282,0.0,1.0,1.0,13.502189445038555,1938,336.68942446465866,364.63022438326647
2025-01-27T07:00:00,2025-01-27,0,0,7.0,0.9659258262890683,-0.25881904510252063,0.0,1.0,1.2,12.768447469264732,1938,325.6334203238718,369.39978960065764
2025-01-27T07:15:00,2025-01-27,0,0,7.25,0.9469301294951057,-0.3214394653031616,0.0,1.0,1.2,14.14473399848289,1938,308.4678935237798,354.008828694556
2025-01-27T07:30:00,2025-01-27,0,0,7.5,0.9238795325112868,-0.3826834323650895,0.0,1.0,1.2,13.004954707243641,1938,284.19461712626435,332.48421171733037
2025-01-27T07:45:00,2025-01-27,0,0,7.75,0.8968727415326884,-0.44228869021900113,0.0,1.0,1.2,13.24622287431505,1938,273.46103620838994,322.3293877007673
2025-01-27T08:00:00,2025-01-27,0,0,8.0,0.8660254037844388,-0.4999999999999998,0.0,1.0,1.2,12.053317587477759,1938,252.44149466337302,320.9829094398978
2025-01-27T08:15:00,2025-01-27,0,0,8.25,0.8314696123025451,-0.5555702330196023,0.0,1.0,1.2,12.015840107657041,1938,247.71030272728976,330.4051730458572
2025-01-27T08:30:00,2025-01-27,0,0,8.5,0.7933533402912352,-0.6087614290087207,0.0,1.0,1.2,11.600685908329229,1938,225.46618197390126,331.5328751998413
2025-01-27T08:45:00,2025-01-27,0,0,8.75,0.7518398074789774,-0.6593458151000688,0.0,1.0,1.2,12.566048946664194,1938,194.71069778417788,295.919802331381
2025-01-27T09:00:00,2025-01-27,0,0,9.0,0.7071067811865476,-0.7071067811865475,0.0,1.0,1.2,13.073350660273606,1938,166.67005036798696,259.84258097182266
2025-01-27T09:15:00,2025-01-27,0,0,9.25,0.659345815100069,-0.7518398074789773,0.0,1.0,1.2,12.36639844323141,1938,143.54683275769867,241.81383563020782
2025-01-27T09:30:00,2025-01-27,0,0,9.5,0.6087614290087209,-0.7933533402912349,0.0,1.0,1.2,14.116242735099352,1938,134.55787313036947,225.11500253310223
2025-01-27T09:45:00,2025-01-27,0,0,9.75,0.5555702330196025,-0.831469612302545,0.0,1.0,1.2,12.155966352270966,1938,125.47169582940953,217.20553956046194
2025-01-27T10:00:00,2025-01-27,0,0,10.0,0.49999999999999994,-0.8660254037844387,0.0,1.0,1.0,12.509050830846352,1938,114.5564085778096,205.82579392924228
2025-01-27T10:15:00,2025-01-27,0,0,10.25,0.4422886902190017,-0.8968727415326881,0.0,1.0,1.0,11.819818218875756,1938,112.25698828795453,188.2487952463739
2025-01-27T10:30:00,2025-01-27,0,0,10.5,0.38268343236508984,-0.9238795325112867,0.0,1.0,1.0,12.048514869966347,1938,108.08290289821696,185.24879524637393
2025-01-27T10:45:00,2025-01-27,0,0,10.75,0.32143946530316175,-0.9469301294951056,0.0,1.0,1.0,13.35071829750237,1938,89.98408329793645,177.0860623271193
2025-01-27T11:00:00,2025-01-27,0,0,11.0,0.258819045102521,-0.9659258262890682,0.0,1.0,1.0,13.898222030603833,1938,80.29182454926203,171.78143096597776
2025-01-27T11:15:00,2025-01-27,0,0,11.25,0.19509032201612816,-0.9807852804032304,0.0,1.0,1.0,12.550950462808503,1938,79.29182454926203,166.31377700158464
2025-01-27T11:30:00,2025-01-27,0,0,11.5,0.130526192220052,-0.9914448613738104,0.0,1.0,1.0,13.077404569713043,1938,70.2958733185282,160.44915694674722
2025-01-27T11:45:00,2025-01-27,0,0,11.75,0.06540312923014312,-0.9978589232386035,0.0,1.0,1.0,14.10662942611653,1938,74.0428529208514,171.98104100471832
2025-01-27T12:00:00,2025-01-27,0,0,12.0,1.2246467991473532e-16,-1.0,0.0,1.0,1.0,13.23368831926696,1938,59.65092442516894,156.9238224985867
2025-01-27T12:15:00,2025-01-27,0,0,12.25,-0.06540312923014287,-0.9978589232386035,0.0,1.0,1.0,14.518497766589093,1938,74.53703943218156,167.01565824737906
2025-01-27T12:30:00,2025-01-27,0,0,12.5,-0.13052619222005177,-0.9914448613738104,0.0,1.0,1.0,13.823375966382743,1938,80.277412102989,179.8721730188396
2025-01-27T12:45:00,2025-01-27,0,0,12.75,-0.19509032201612794,-0.9807852804032305,0.0,1.0,1.0,14.609450617633257,1938,81.40685751959958,202.4913034536222
2025-01-27T13:00:00,2025-01-27,0,0,13.0,-0.2588190451025208,-0.9659258262890683,0.0,1.0,1.0,14.999775318246318,1938,101.4068575195996,213.88128876050794
2025-01-27T13:15:00,2025-01-27,0,0,13.25,-0.32143946530316153,-0.9469301294951057,0.0,1.0,1.0,16.370232036345246,1938,147.75464501615141,230.7294968177835
2025-01-27T13:30:00,2025-01-27,0,0,13.5,-0.38268343236508967,-0.9238795325112867,0.0,1.0,1.0,16.749924130586578,1938,187.55920656026416,306.6644385879696
2025-01-27T13:45:00,2025-01-27,0,0,13.75,-0.4422886902190015,-0.8968727415326883,0.0,1.0,1.0,15.832073755907865,1938,197.02757777238537,327.8014402819277
2025-01-27T14:00:00,2025-01-27,0,0,14.0,-0.4999999999999998,-0.8660254037844388,0.0,1.0,1.0,17.417211705602153,1938,200.1111441514637,341.7140696815136
2025-01-27T14:15:00,2025-01-27,0,0,14.25,-0.555570233019602,-0.8314696123025455,0.0,1.0,1.0,17.854017472739795,1938,174.35950336471416,319.5393343468001
2025-01-27T14:30:00,2025-01-27,0,0,14.5,-0.6087614290087207,-0.7933533402912352,0.0,1.0,1.0,16.706809936166177,1938,236.86398079310564,366.8585201851162
2025-01-27T14:45:00,2025-01-27,0,0,14.75,-0.6593458151000688,-0.7518398074789774,0.0,1.0,1.0,18.49078089682358,1938,383.1397332584233,450.99240741624095
2025-01-27T15:00:00,2025-01-27,0,0,15.0,-0.7071067811865471,-0.7071067811865479,0.0,1.0,1.0,18.517320587973035,1938,523.7261193342212,584.9031418035916
2025-01-27T15:15:00,2025-01-27,0,0,15.25,-0.7518398074789773,-0.6593458151000691,0.0,1.0,1.0,18.374482316256863,1938,677.6549038915224,852.1025076304381
2025-01-27T15:30:00,2025-01-27,0,0,15.5,-0.7933533402912349,-0.6087614290087209,0.0,1.0,1.0,19.22123919713751,1938,811.614366532119,1103.5141954135497
2025-01-27T15:45:00,2025-01-27,0,0,15.75,-0.8314696123025452,-0.5555702330196022,0.0,1.0,1.0,19.98312954254714,1938,931.3585059828998,1235.1910665323217
2025-01-27T16:00:00,2025-01-27,0,0,16.0,-0.8660254037844384,-0.5000000000000004,0.0,1.0,1.0,19.133702565677122,1938,954.1970068121702,1225.0261267105661
2025-01-27T16:15:00,2025-01-27,0,0,16.25,-0.8968727415326883,-0.44228869021900136,0.0,1.0,1.0,21.46592652840377,1938,1035.0615244035534,1233.4963632371491
2025-01-27T16:30:00,2025-01-27,0,0,16.5,-0.9238795325112868,-0.3826834323650895,0.0,1.0,1.0,21.6153857043929,1938,1093.1705078771845,1227.1616586367595
2025-01-27T16:45:00,2025-01-27,0,0,16.75,-0.9469301294951056,-0.3214394653031618,0.0,1.0,1.0,20.42479016839162,1938,1104.7739364712802,1198.0803782985447
2025-01-27T17:00:00,2025-01-27,0,0,17.0,-0.9659258262890683,-0.25881904510252063,0.0,1.0,1.0,21.261204606193733,1938,1109.260384464581,1264.3096365226088
2025-01-27T17:15:00,2025-01-27,0,0,17.25,-0.9807852804032303,-0.19509032201612866,0.0,1.0,1.0,21.690500738169753,1938,1087.2938694095878,1237.5503130518173
2025-01-27T17:30:00,2025-01-27,0,0,17.5,-0.9914448613738104,-0.13052619222005163,0.0,1.0,1.0,21.841389699876068,1938,1137.0050984616826,1250.1073362822103
2025-01-27T17:45:00,2025-01-27,0,0,17.75,-0.9978589232386035,-0.06540312923014273,0.0,1.0,1.0,22.607401417684542,1938,1057.0030314405394,1306.8249340322864
2025-01-27T18:00:00,2025-01-27,0,0,18.0,-1.0,-1.8369701987210297e-16,0.0,1.0,1.7,22.969586350497277,1938,1065.8321222932586,573.3827825626895
2025-01-27T18:15:00,2025-01-27,0,0,18.25,-0.9978589232386036,0.06540312923014237,0.0,1.0,1.7,23.44762998269497,1938,1081.8137126833901,504.07020633416874
2025-01-27T18:30:00,2025-01-27,0,0,18.5,-0.9914448613738105,0.13052619222005124,0.0,1.0,1.7,23.579588650834857,1938,1036.9064048221692,508.13534138028217
2025-01-27T18:45:00,2025-01-27,0,0,18.75,-0.9807852804032304,0.19509032201612828,0.0,1.0,1.7,23.425464696013393,1938,1143.497134635834,529.9359573223111
2025-01-27T19:00:00,2025-01-27,0,0,19.0,-0.9659258262890684,0.2588190451025203,0.0,1.0,1.7,24.228689245653104,1938,1057.9116356662043,570.8879520780525
2025-01-27T19:15:00,2025-01-27,0,0,19.25,-0.9469301294951057,0.3214394653031615,0.0,1.0,1.7,23.716227827509048,1938,1087.7088675110263,588.5169990828193
2025-01-27T19:30:00,2025-01-27,0,0,19.5,-0.923879532511287,0.38268343236508917,0.0,1.0,1.7,24.01334675729456,1938,1048.1970600466798,563.9938688166364
2025-01-27T19:45:00,2025-01-27,0,0,19.75,-0.8968727415326885,0.4422886902190011,0.0,1.0,1.7,23.38440063622484,1938,1071.7465350857076,590.4527263619083
2025-01-27T20:00:00,2025-01-27,0,0,20.0,-0.8660254037844386,0.5,0.0,1.0,1.7,25.007946416429807,1938,1064.4426414250206,615.3318317492742
2025-01-27T20:15:00,2025-01-27,0,0,20.25,-0.8314696123025456,0.5555702330196018,0.0,1.0,1.7,23.080894934978524,1938,1108.4332431783396,613.3313773718423
2025-01-27T20:30:00,2025-01-27,0,0,20.5,-0.7933533402912357,0.6087614290087199,0.0,1.0,1.7,24.73818620495483,1938,1109.0516617875567,622.8164586661519
2025-01-27T20:45:00,2025-01-27,0,0,20.75,-0.7518398074789773,0.6593458151000691,0.0,1.0,1.7,25.021217676700072,1938,1191.4140486036388,672.4357766505652
2025-01-27T21:00:00,2025-01-27,0,0,21.0,-0.7071067811865477,0.7071067811865475,0.0,1.0,1.7,24.687979555319323,1938,1302.9689571151332,749.8331577991372
2025-01-27T21:15:00,2025-01-27,0,0,21.25,-0.6593458151000687,0.7518398074789775,0.0,1.0,1.0,24.250093393571184,1938,1366.8146032081697,1664.555280198818
2025-01-27T21:30:00,2025-01-27,0,0,21.5,-0.6087614290087209,0.7933533402912349,0.0,1.0,1.0,23.730799828717966,1938,1349.9114553080542,1661.2055418143339
2025-01-27T21:45:00,2025-01-27,0,0,21.75,-0.555570233019603,0.8314696123025447,0.0,1.0,1.0,23.439140015307284,1938,1364.2247630009583,1674.231201673798
2025-01-27T22:00:00,2025-01-27,0,0,22.0,-0.5000000000000004,0.8660254037844384,0.0,1.0,1.0,24.163541320536588,1938,1372.467821138603,1669.1303513176852
2025-01-27T22:15:00,2025-01-27,0,0,22.25,-0.4422886902190014,0.8968727415326883,0.0,1.0,1.0,24.316587993423475,1938,1370.7326162235677,1604.2826188985257
2025-01-27T22:30:00,2025-01-27,0,0,22.5,-0.38268343236508956,0.9238795325112868,0.0,1.0,1.0,24.636804410524064,1938,1344.0541941040528,1575.510667039791
2025-01-27T22:45:00,2025-01-27,0,0,22.75,-0.32143946530316186,0.9469301294951056,0.0,1.0,1.0,23.01725020087337,1938,1323.1272743665331,1540.9220572462036
2025-01-27T23:00:00,2025-01-27,0,0,23.0,-0.2588190451025215,0.9659258262890681,0.0,1.0,1.0,24.858128089788906,1938,1467.920317844794,1574.1433963190732
2025-01-27T23:15:00,2025-01-27,0,0,23.25,-0.19509032201612872,0.9807852804032303,0.0,1.0,1.0,23.150660680552296,1938,1501.7867367920614,1585.7119154404058
2025-01-27T23:30:00,2025-01-27,0,0,23.5,-0.13052619222005168,0.9914448613738104,0.0,1.0,1.0,23.09668125406986,1938,1587.8768066598964,1569.7066492407664
2025-01-27T23:45:00,2025-01-27,0,0,23.75,-0.0654031292301428,0.9978589232386035,0.0,1.0,1.0,22.727699346024693,1938,1565.3601122786636,1624.3961362579048
2025-01-28T00:00:00,2025-01-28,1,0,0.0,0.0,1.0,0.7818314824680297,0.6234898018587336,1.0,23.879348922298032,1892,125.81821582942864,218.36434530313468
2025-01-28T00:15:00,2025-01-28,1,0,0.25,0.06540312923014306,0.9978589232386035,0.7818314824680297,0.6234898018587336,1.0,22.804128796093497,1892,212.12887687199506,313.17243025003364
2025-01-28T00:30:00,2025-01-28,1,0,0.5,0.13052619222005157,0.9914448613738104,0.7818314824680297,0.6234898018587336,1.0,23.132006878042123,1892,244.89492855010334,393.2927697945471
2025-01-28T00:45:00,2025-01-28,1,0,0.75,0.19509032201612825,0.9807852804032304,0.7818314824680297,0.6234898018587336,1.0,22.059782915891898,1892,258.683993521491,455.37447142624865
2025-01-28T01:00:00,2025-01-28,1,0,1.0,0.25881904510252074,0.9659258262890683,0.7818314824680297,0.6234898018587336,1.0,21.933163380474646,1892,296.7565418306697,406.7239048913342
2025-01-28T01:15:00,2025-01-28,1,0,1.25,0.3214394653031616,0.9469301294951057,0.7818314824680297,0.6234898018587336,1.0,21.56508607775467,1892,420.4190750161249,443.97121337994713
2025-01-28T01:30:00,2025-01-28,1,0,1.5,0.3826834323650898,0.9238795325112867,0.7818314824680297,0.6234898018587336,1.0,21.837991968127405,1892,517.2238954576516,512.7258795126743
2025-01-28T01:45:00,2025-01-28,1,0,1.75,0.44228869021900125,0.8968727415326884,0.7818314824680297,0.6234898018587336,1.0,20.42943974092266,1892,573.3499309580765,600.441901238888
2025-01-28T02:00:00,2025-01-28,1,0,2.0,0.49999999999999994,0.8660254037844387,0.7818314824680297,0.6234898018587336,1.0,20.6324126896285,1892,523.4470403704033,597.632662108453
2025-01-28T02:15:00,2025-01-28,1,0,2.25,0.5555702330196022,0.8314696123025452,0.7818314824680297,0.6234898018587336,1.0,20.525047322481793,1892,557.2128880496093,656.2244768485059
2025-01-28T02:30:00,2025-01-28,1,0,2.5,0.6087614290087207,0.7933533402912352,0.7818314824680297,0.6234898018587336,1.0,19.82408402746916,1892,541.2189765538515,673.6740335407483
2025-01-28T02:45:00,2025-01-28,1,0,2.75,0.6593458151000688,0.7518398074789774,0.7818314824680297,0.6234898018587336,1.0,19.123651744903523,1892,594.6381537975278,662.177222688721
2025-01-28T03:00:00,2025-01-28,1,0,3.0,0.7071067811865475,0.7071067811865476,0.7818314824680297,0.6234898018587336,1.0,19.495714595170035,1892,577.2747743693403,732.93179584959
2025-01-28T03:15:00,2025-01-28,1,0,3.25,0.7518398074789774,0.659345815100069,0.7818314824680297,0.6234898018587336,1.0,19.015371482479367,1892,548.2259529734558,661.4713809054056
2025-01-28T03:30:00,2025-01-28,1,0,3.5,0.793353340291235,0.6087614290087208,0.7818314824680297,0.6234898018587336,1.0,18.461239293495385,1892,578.8542602857087,702.7605348022743
2025-01-28T03:45:00,2025-01-28,1,0,3.75,0.8314696123025451,0.5555702330196024,0.7818314824680297,0.6234898018587336,1.0,18.005548289464098,1892,620.170704398846,699.5601966380232
2025-01-28T04:00:00,2025-01-28,1,0,4.0,0.8660254037844386,0.5000000000000001,0.7818314824680297,0.6234898018587336,1.0,18.8897818596741,1892,586.8942650694912,725.2061922248565
2025-01-28T04:15:00,2025-01-28,1,0,4.25,0.8968727415326884,0.44228869021900125,0.7818314824680297,0.6234898018587336,1.0,17.690983308941604,1892,580.116852916427,675.5031379343138
2025-01-28T04:30:00,2025-01-28,1,0,4.5,0.9238795325112867,0.38268343236508984,0.7818314824680297,0.6234898018587336,1.0,16.584944947629378,1892,520.1063813047051,647.6748770647487
2025-01-28T04:45:00,2025-01-28,1,0,4.75,0.9469301294951056,0.3214394653031617,0.7818314824680297,0.6234898018587336,1.0,17.696892377280392,1892,460.9250322799694,643.7305116525348
2025-01-28T05:00:00,2025-01-28,1,0,5.0,0.9659258262890683,0.25881904510252074,0.7818314824680297,0.6234898018587336,1.0,15.848466336539488,1892,441.76936462232214,558.0455267299471
2025-01-28T05:15:00,2025-01-28,1,0,5.25,0.9807852804032304,0.1950903220161283,0.7818314824680297,0.6234898018587336,1.0,16.301372665721757,1892,398.89199847969286,514.9561972550745
2025-01-28T05:30:00,2025-01-28,1,0,5.5,0.9914448613738104,0.1305261922200517,0.7818314824680297,0.6234898018587336,1.0,15.623937571351423,1892,385.63945638518675,462.3615288317103
2025-01-28T05:45:00,2025-01-28,1,0,5.75,0.9978589232386035,0.06540312923014327,0.7818314824680297,0.6234898018587336,1.0,15.732039175380688,1892,367.87231760609137,455.02069828544506
2025-01-28T06:00:00,2025-01-28,1,0,6.0,1.0,6.123233995736766e-17,0.7818314824680297,0.6234898018587336,1.0,15.635712045962961,1892,353.0340169590443,461.2750591355923
2025-01-28T06:15:00,2025-01-28,1,0,6.25,0.9978589232386035,-0.06540312923014316,0.7818314824680297,0.6234898018587336,1.0,15.014685531983433,1892,327.89349685113297,436.73702663669025
2025-01-28T06:30:00,2025-01-28,1,0,6.5,0.9914448613738104,-0.1305261922200516,0.7818314824680297,0.6234898018587336,1.0,15.057424281985117,1892,325.80403044797094,430.1978844165915
2025-01-28T06:45:00,2025-01-28,1,0,6.75,0.9807852804032304,-0.1950903220161282,0.7818314824680297,0.6234898018587336,1.0,14.295478409070244,1892,318.5937349765342,422.8325926816143
2025-01-28T07:00:00,2025-01-28,1,0,7.0,0.9659258262890683,-0.25881904510252063,0.7818314824680297,0.6234898018587336,1.2,14.93511187556242,1892,311.0391895219887,389.00115811694167
2025-01-28T07:15:00,2025-01-28,1,0,7.25,0.9469301294951057,-0.3214394653031616,0.7818314824680297,0.6234898018587336,1.2,13.935390464578074,1892,280.8544069132931,364.77994041057735
2025-01-28T07:30:00,2025-01-28,1,0,7.5,0.9238795325112868,-0.3826834323650895,0.7818314824680297,0.6234898018587336,1.2,12.238178194912164,1892,266.23892453739955,326.4832330624975
2025-01-28T07:45:00,2025-01-28,1,0,7.75,0.8968727415326884,-0.44228869021900113,0.7818314824680297,0.6234898018587336,1.2,13.368012267049906,1892,268.21608252434015,305.3782347785989
2025-01-28T08:00:00,2025-01-28,1,0,8.0,0.8660254037844388,-0.4999999999999998,0.7818314824680297,0.6234898018587336,1.2,12.157591500885447,1892,250.79444879574984,291.2802868207595
2025-01-28T08:15:00,2025-01-28,1,0,8.25,0.8314696123025451,-0.5555702330196023,0.7818314824680297,0.6234898018587336,1.2,12.443519960188334,1892,236.2489659772043,276.73511773863385
2025-01-28T08:30:00,2025-01-28,1,0,8.5,0.7933533402912352,-0.6087614290087207,0.7818314824680297,0.6234898018587336,1.2,11.816891541287088,1892,221.8647494035689,271.12967950536967
2025-01-28T08:45:00,2025-01-28,1,0,8.75,0.7518398074789774,-0.6593458151000688,0.7818314824680297,0.6234898018587336,1.2,13.875484320704974,1892,196.32248818123895,250.3532033547087
2025-01-28T09:00:00,2025-01-28,1,0,9.0,0.7071067811865476,-0.7071067811865475,0.7818314824680297,0.6234898018587336,1.2,13.622016916207164,1892,168.16379252906506,238.17826729332768
2025-01-28T09:15:00,2025-01-28,1,0,9.25,0.659345815100069,-0.7518398074789773,0.7818314824680297,0.6234898018587336,1.2,12.570617731464825,1892,158.75933250101463,233.1363700601261
2025-01-28T09:30:00,2025-01-28,1,0,9.5,0.6087614290087209,-0.7933533402912349,0.7818314824680297,0.6234898018587336,1.2,13.312383266286606,1892,159.21864927120095,210.0052654210579
2025-01-28T09:45:00,2025-01-28,1,0,9.75,0.5555702330196025,-0.831469612302545,0.7818314824680297,0.6234898018587336,1.2,12.985813088829927,1892,150.45369999583863,207.0052654210579
2025-01-28T10:00:00,2025-01-28,1,0,10.0,0.49999999999999994,-0.8660254037844387,0.7818314824680297,0.6234898018587336,1.0,13.351452016838689,1892,150.39596468766854,199.72773146076543
2025-01-28T10:15:00,2025-01-28,1,0,10.25,0.4422886902190017,-0.8968727415326881,0.7818314824680297,0.6234898018587336,1.0,13.26429227077166,1892,127.57783453705756,191.74235361397447
2025-01-28T10:30:00,2025-01-28,1,0,10.5,0.38268343236508984,-0.9238795325112867,0.7818314824680297,0.6234898018587336,1.0,15.084602979982234,1892,111.37995395849764,180.73884697568508
2025-01-28T10:45:00,2025-01-28,1,0,10.75,0.32143946530316175,-0.9469301294951056,0.7818314824680297,0.6234898018587336,1.0,14.173805401211386,1892,100.09843396109864,180.73884697568508
2025-01-28T11:00:00,2025-01-28,1,0,11.0,0.258819045102521,-0.9659258262890682,0.7818314824680297,0.6234898018587336,1.0,14.39640071678317,1892,87.84131408650082,173.2277910750639
2025-01-28T11:15:00,2025-01-28,1,0,11.25,0.19509032201612816,-0.9807852804032304,0.7818314824680297,0.6234898018587336,1.0,14.899276519591744,1892,86.84131408650082,156.92581195709587
2025-01-28T11:30:00,2025-01-28,1,0,11.5,0.130526192220052,-0.9914448613738104,0.7818314824680297,0.6234898018587336,1.0,14.471885130536116,1892,82.80908902256219,154.9258119570959
2025-01-28T11:45:00,2025-01-28,1,0,11.75,0.06540312923014312,-0.9978589232386035,0.7818314824680297,0.6234898018587336,1.0,14.2756957485253,1892,89.47543211743128,173.8175536755226
2025-01-28T12:00:00,2025-01-28,1,0,12.0,1.2246467991473532e-16,-1.0,0.7818314824680297,0.6234898018587336,1.0,15.042925830434722,1892,89.47543211743128,158.3621611634451
2025-01-28T12:15:00,2025-01-28,1,0,12.25,-0.06540312923014287,-0.9978589232386035,0.7818314824680297,0.6234898018587336,1.0,15.204246427166531,1892,94.83344453979151,147.01281566020674
2025-01-28T12:30:00,2025-01-28,1,0,12.5,-0.13052619222005177,-0.9914448613738104,0.7818314824680297,0.6234898018587336,1.0,14.945798245293783,1892,88.13155951884684,178.81500784142727
2025-01-28T12:45:00,2025-01-28,1,0,12.75,-0.19509032201612794,-0.9807852804032305,0.7818314824680297,0.6234898018587336,1.0,16.19830849519124,1892,95.60530289344835,172.2226165370794
2025-01-28T13:00:00,2025-01-28,1,0,13.0,-0.2588190451025208,-0.9659258262890683,0.7818314824680297,0.6234898018587336,1.0,15.661226976686613,1892,110.04501993968714,208.41457305881863
2025-01-28T13:15:00,2025-01-28,1,0,13.25,-0.32143946530316153,-0.9469301294951057,0.7818314824680297,0.6234898018587336,1.0,15.835255724442401,1892,155.80702443172945,235.29901786073054
2025-01-28T13:30:00,2025-01-28,1,0,13.5,-0.38268343236508967,-0.9238795325112867,0.7818314824680297,0.6234898018587336,1.0,16.72181445628086,1892,192.61653443863074,260.28098933887185
2025-01-28T13:45:00,2025-01-28,1,0,13.75,-0.4422886902190015,-0.8968727415326883,0.7818314824680297,0.6234898018587336,1.0,17.993797241554212,1892,272.24328428356466,302.05751841064557
2025-01-28T14:00:00,2025-01-28,1,0,14.0,-0.4999999999999998,-0.8660254037844388,0.7818314824680297,0.6234898018587336,1.0,17.79133569504195,1892,255.691815528693,303.9050423320825
2025-01-28T14:15:00,2025-01-28,1,0,14.25,-0.555570233019602,-0.8314696123025455,0.7818314824680297,0.6234898018587336,1.0,18.512106078882656,1892,262.81384490144933,309.95224707149293
2025-01-28T14:30:00,2025-01-28,1,0,14.5,-0.6087614290087207,-0.7933533402912352,0.7818314824680297,0.6234898018587336,1.0,18.188295105520357,1892,300.3636530855926,337.6519374495182
2025-01-28T14:45:00,2025-01-28,1,0,14.75,-0.6593458151000688,-0.7518398074789774,0.7818314824680297,0.6234898018587336,1.0,18.684984184634267,1892,387.1961326097133,459.6328762725541
2025-01-28T15:00:00,2025-01-28,1,0,15.0,-0.7071067811865471,-0.7071067811865479,0.7818314824680297,0.6234898018587336,1.0,18.639849635326573,1892,489.9120539692089,606.7962510597278
2025-01-28T15:15:00,2025-01-28,1,0,15.25,-0.7518398074789773,-0.6593458151000691,0.7818314824680297,0.6234898018587336,1.0,19.47978372973165,1892,746.409593171725,821.0145934526661
2025-01-28T15:30:00,2025-01-28,1,0,15.5,-0.7933533402912349,-0.6087614290087209,0.7818314824680297,0.6234898018587336,1.0,20.33305688984921,1892,919.0874872280436,987.8784940890667
2025-01-28T15:45:00,2025-01-28,1,0,15.75,-0.8314696123025452,-0.5555702330196022,0.7818314824680297,0.6234898018587336,1.0,19.772457885885935,1892,963.0988567204183,1026.7326199783963
2025-01-28T16:00:00,2025-01-28,1,0,16.0,-0.8660254037844384,-0.5000000000000004,0.7818314824680297,0.6234898018587336,1.0,20.65597376539969,1892,934.8750871556432,1000.734070148715
2025-01-28T16:15:00,2025-01-28,1,0,16.25,-0.8968727415326883,-0.44228869021900136,0.7818314824680297,0.6234898018587336,1.0,20.40455464753878,1892,985.030610953762,1000.7649620603775
2025-01-28T16:30:00,2025-01-28,1,0,16.5,-0.9238795325112868,-0.3826834323650895,0.7818314824680297,0.6234898018587336,1.0,20.890929923635632,1892,949.194548771178,1097.7613658104426
2025-01-28T16:45:00,2025-01-28,1,0,16.75,-0.9469301294951056,-0.3214394653031618,0.7818314824680297,0.6234898018587336,1.0,22.235869009995064,1892,1010.004098460619,1146.1786159490111
2025-01-28T17:00:00,2025-01-28,1,0,17.0,-0.9659258262890683,-0.25881904510252063,0.7818314824680297,0.6234898018587336,1.0,21.483484568736493,1892,967.3759548051278,1254.591600324626
2025-01-28T17:15:00,2025-01-28,1,0,17.25,-0.9807852804032303,-0.19509032201612866,0.7818314824680297,0.6234898018587336,1.0,22.641279091653853,1892,1010.3508267587401,1284.8107009692985
2025-01-28T17:30:00,2025-01-28,1,0,17.5,-0.9914448613738104,-0.13052619222005163,0.7818314824680297,0.6234898018587336,1.0,22.200346222765496,1892,1009.2545490750714,1245.8746667759842
2025-01-28T17:45:00,2025-01-28,1,0,17.75,-0.9978589232386035,-0.06540312923014273,0.7818314824680297,0.6234898018587336,1.0,22.79471966250173,1892,1067.289125918518,1234.8426640136647
2025-01-28T18:00:00,2025-01-28,1,0,18.0,-1.0,-1.8369701987210297e-16,0.7818314824680297,0.6234898018587336,1.7,23.83153535944839,1892,1055.555431870495,587.3901331373936
2025-01-28T18:15:00,2025-01-28,1,0,18.25,-0.9978589232386036,0.06540312923014237,0.7818314824680297,0.6234898018587336,1.7,24.866836867820655,1892,1020.6297453400541,595.1294802091304
2025-01-28T18:30:00,2025-01-28,1,0,18.5,-0.9914448613738105,0.13052619222005124,0.7818314824680297,0.6234898018587336,1.7,23.29766949038557,1892,998.6579628064718,591.0117844628477
2025-01-28T18:45:00,2025-01-28,1,0,18.75,-0.9807852804032304,0.19509032201612828,0.7818314824680297,0.6234898018587336,1.7,23.9173540557575,1892,1073.4663503694628,595.6227935205329
2025-01-28T19:00:00,2025-01-28,1,0,19.0,-0.9659258262890684,0.2588190451025203,0.7818314824680297,0.6234898018587336,1.7,23.927767235595446,1892,1102.803607159617,604.5684966815736
2025-01-28T19:15:00,2025-01-28,1,0,19.25,-0.9469301294951057,0.3214394653031615,0.7818314824680297,0.6234898018587336,1.7,24.458509141053792,1892,1125.9601736004226,619.9649079316188
2025-01-28T19:30:00,2025-01-28,1,0,19.5,-0.923879532511287,0.38268343236508917,0.7818314824680297,0.6234898018587336,1.7,23.943473772374777,1892,1071.844949146746,616.2313631207653
2025-01-28T19:45:00,2025-01-28,1,0,19.75,-0.8968727415326885,0.4422886902190011,0.7818314824680297,0.6234898018587336,1.7,24.938456756622344,1892,1058.026288454751,618.9124439137291
2025-01-28T20:00:00,2025-01-28,1,0,20.0,-0.8660254037844386,0.5,0.7818314824680297,0.6234898018587336,1.7,25.36653292247072,1892,1097.9702812088499,624.193523818124
2025-01-28T20:15:00,2025-01-28,1,0,20.25,-0.8314696123025456,0.5555702330196018,0.7818314824680297,0.6234898018587336,1.7,24.21112147758932,1892,1109.4055208966984,614.1137292064767
2025-01-28T20:30:00,2025-01-28,1,0,20.5,-0.7933533402912357,0.6087614290087199,0.7818314824680297,0.6234898018587336,1.7,26.124646501227886,1892,1107.770342410619,631.7078104694166
2025-01-28T20:45:00,2025-01-28,1,0,20.75,-0.7518398074789773,0.6593458151000691,0.7818314824680297,0.6234898018587336,1.7,24.95851166651173,1892,1164.6577009216735,649.7616211152928
2025-01-28T21:00:00,2025-01-28,1,0,21.0,-0.7071067811865477,0.7071067811865475,0.7818314824680297,0.6234898018587336,1.7,25.552911462718242,1892,1322.4774285950334,623.9165317052651
2025-01-28T21:15:00,2025-01-28,1,0,21.25,-0.6593458151000687,0.7518398074789775,0.7818314824680297,0.6234898018587336,1.0,25.408923878134186,1892,1318.4611286798677,1325.9697696896912
2025-01-28T21:30:00,2025-01-28,1,0,21.5,-0.6087614290087209,0.7933533402912349,0.7818314824680297,0.6234898018587336,1.0,25.07544777466496,1892,1271.8398701229619,1293.590563733741
2025-01-28T21:45:00,2025-01-28,1,0,21.75,-0.555570233019603,0.8314696123025447,0.7818314824680297,0.6234898018587336,1.0,24.4190409278746,1892,1270.777946925386,1321.3627354756068
2025-01-28T22:00:00,2025-01-28,1,0,22.0,-0.5000000000000004,0.8660254037844384,0.7818314824680297,0.6234898018587336,1.0,25.194844382022794,1892,1260.322884290037,1386.12717309831
2025-01-28T22:15:00,2025-01-28,1,0,22.25,-0.4422886902190014,0.8968727415326883,0.7818314824680297,0.6234898018587336,1.0,24.980614601092345,1892,1258.204475280256,1303.3407759027878
2025-01-28T22:30:00,2025-01-28,1,0,22.5,-0.38268343236508956,0.9238795325112868,0.7818314824680297,0.6234898018587336,1.0,25.43618967502107,1892,1271.5154621677648,1360.3481801839791
2025-01-28T22:45:00,2025-01-28,1,0,22.75,-0.32143946530316186,0.9469301294951056,0.7818314824680297,0.6234898018587336,1.0,24.883776640899182,1892,1233.536504590825,1395.882905917183
2025-01-28T23:00:00,2025-01-28,1,0,23.0,-0.2588190451025215,0.9659258262890681,0.7818314824680297,0.6234898018587336,1.0,25.426967419215263,1892,1191.430892418501,1401.2551383668279
2025-01-28T23:15:00,2025-01-28,1,0,23.25,-0.19509032201612872,0.9807852804032303,0.7818314824680297,0.6234898018587336,1.0,23.582936399604492,1892,1243.1330266932437,1394.4831338975168
2025-01-28T23:30:00,2025-01-28,1,0,23.5,-0.13052619222005168,0.9914448613738104,0.7818314824680297,0.6234898018587336,1.0,24.58613466685406,1892,1347.768485229371,1449.3840822493512
2025-01-28T23:45:00,2025-01-28,1,0,23.75,-0.0654031292301428,0.9978589232386035,0.7818314824680297,0.6234898018587336,1.0,23.125242233481703,1892,1364.8165056032417,1478.935998903101
2025-01-29T00:00:00,2025-01-29,2,0,0.0,0.0,1.0,0.9749279121818236,-0.22252093395631434,1.0,24.72104978230015,1977,56.17437888198758,173.37195389704408
2025-01-29T00:15:00,2025-01-29,2,0,0.25,0.06540312923014306,0.9978589232386035,0.9749279121818236,-0.22252093395631434,1.0,23.351802370529217,1977,97.80678928392948,246.44703546411827
2025-01-29T00:30:00,2025-01-29,2,0,0.5,0.13052619222005157,0.9914448613738104,0.9749279121818236,-0.22252093395631434,1.0,23.498759062539175,1977,173.8289981086669,332.05364899068843
2025-01-29T00:45:00,2025-01-29,2,0,0.75,0.19509032201612825,0.9807852804032304,0.9749279121818236,-0.22252093395631434,1.0,24.134782587564104,1977,256.9452080025275,366.13083651016325
2025-01-29T01:00:00,2025-01-29,2,0,1.0,0.25881904510252074,0.9659258262890683,0.9749279121818236,-0.22252093395631434,1.0,22.524266177298063,1977,292.10124674902727,382.175608766892
2025-01-29T01:15:00,2025-01-29,2,0,1.25,0.3214394653031616,0.9469301294951057,0.9749279121818236,-0.22252093395631434,1.0,23.012519321588595,1977,340.9827243560884,434.77672980335973
2025-01-29T01:30:00,2025-01-29,2,0,1.5,0.3826834323650898,0.9238795325112867,0.9749279121818236,-0.22252093395631434,1.0,22.598300029198924,1977,409.4286037358429,562.4430269048089
2025-01-29T01:45:00,2025-01-29,2,0,1.75,0.44228869021900125,0.8968727415326884,0.9749279121818236,-0.22252093395631434,1.0,21.923478666761216,1977,440.07199553324415,588.4367324873456
2025-01-29T02:00:00,2025-01-29,2,0,2.0,0.49999999999999994,0.8660254037844387,0.9749279121818236,-0.22252093395631434,1.0,23.066643456560673,1977,538.9467436353834,611.9962127115828
2025-01-29T02:15:00,2025-01-29,2,0,2.25,0.5555702330196022,0.8314696123025452,0.9749279121818236,-0.22252093395631434,1.0,19.536749246125652,1977,588.1311906822455,701.0659125352312
2025-01-29T02:30:00,2025-01-29,2,0,2.5,0.6087614290087207,0.7933533402912352,0.9749279121818236,-0.22252093395631434,1.0,20.781758561026813,1977,657.7263238299571,691.8024637648465
2025-01-29T02:45:00,2025-01-29,2,0,2.75,0.6593458151000688,0.7518398074789774,0.9749279121818236,-0.22252093395631434,1.0,20.410627763234128,1977,641.3278833612518,698.0392415339705
2025-01-29T03:00:00,2025-01-29,2,0,3.0,0.7071067811865475,0.7071067811865476,0.9749279121818236,-0.22252093395631434,1.0,20.05286594145368,1977,636.944744197243,726.8273568486077
2025-01-29T03:15:00,2025-01-29,2,0,3.25,0.7518398074789774,0.659345815100069,0.9749279121818236,-0.22252093395631434,1.0,18.431282425432233,1977,578.0486208129892,691.7094385350372
2025-01-29T03:30:00,2025-01-29,2,0,3.5,0.793353340291235,0.6087614290087208,0.9749279121818236,-0.22252093395631434,1.0,18.819642469216046,1977,578.9911466929065,680.3930192754258
2025-01-29T03:45:00,2025-01-29,2,0,3.75,0.8314696123025451,0.5555702330196024,0.9749279121818236,-0.22252093395631434,1.0,19.310753932909947,1977,577.1550919708416,679.4437329099205
2025-01-29T04:00:00,2025-01-29,2,0,4.0,0.8660254037844386,0.5000000000000001,0.9749279121818236,-0.22252093395631434,1.0,17.99528450051903,1977,538.7019868166518,660.3187205229515
2025-01-29T04:15:00,2025-01-29,2,0,4.25,0.8968727415326884,0.44228869021900125,0.9749279121818236,-0.22252093395631434,1.0,17.641482851677843,1977,523.7610863614308,594.4323980591829
2025-01-29T04:30:00,2025-01-29,2,0,4.5,0.9238795325112867,0.38268343236508984,0.9749279121818236,-0.22252093395631434,1.0,16.54327593012106,1977,548.3420111371381,576.2890713467553
2025-01-29T04:45:00,2025-01-29,2,0,4.75,0.9469301294951056,0.3214394653031617,0.9749279121818236,-0.22252093395631434,1.0,17.317862146044064,1977,505.5919422661935,568.0807380134223
2025-01-29T05:00:00,2025-01-29,2,0,5.0,0.9659258262890683,0.25881904510252074,0.9749279121818236,-0.22252093395631434,1.0,16.4809522805419,1977,494.6846656297865,535.6504445756116
2025-01-29T05:15:00,2025-01-29,2,0,5.25,0.9807852804032304,0.1950903220161283,0.9749279121818236,-0.22252093395631434,1.0,16.574971357505564,1977,455.8161291391032,509.165330205753
2025-01-29T05:30:00,2025-01-29,2,0,5.5,0.9914448613738104,0.1305261922200517,0.9749279121818236,-0.22252093395631434,1.0,15.949121223828197,1977,438.06374328657506,461.169192458164
2025-01-29T05:45:00,2025-01-29,2,0,5.75,0.9978589232386035,0.06540312923014327,0.9749279121818236,-0.22252093395631434,1.0,16.84414640304631,1977,372.0709764881562,450.76222518468694
2025-01-29T06:00:00,2025-01-29,2,0,6.0,1.0,6.123233995736766e-17,0.9749279121818236,-0.22252093395631434,1.0,15.163828171038135,1977,348.0170685577952,444.5845831417897
2025-01-29T06:15:00,2025-01-29,2,0,6.25,0.9978589232386035,-0.06540312923014316,0.9749279121818236,-0.22252093395631434,1.0,15.397116477860212,1977,324.9491337751865,412.8140000409606
2025-01-29T06:30:00,2025-01-29,2,0,6.5,0.9914448613738104,-0.1305261922200516,0.9749279121818236,-0.22252093395631434,1.0,15.373036379116654,1977,318.85059394735606,402.59559735983566
2025-01-29T06:45:00,2025-01-29,2,0,6.75,0.9807852804032304,-0.1950903220161282,0.9749279121818236,-0.22252093395631434,1.0,14.317661167327708,1977,304.14683352903035,397.82635179494326
2025-01-29T07:00:00,2025-01-29,2,0,7.0,0.9659258262890683,-0.25881904510252063,0.9749279121818236,-0.22252093395631434,1.2,15.439634443769384,1977,277.098746652139,365.15182002236793
2025-01-29T07:15:00,2025-01-29,2,0,7.25,0.9469301294951057,-0.3214394653031616,0.9749279121818236,-0.22252093395631434,1.2,15.656059866520852,1977,266.94008250595124,345.785394901595
2025-01-29T07:30:00,2025-01-29,2,0,7.5,0.9238795325112868,-0.3826834323650895,0.9749279121818236,-0.22252093395631434,1.2,14.142419122815031,1977,247.79870266955353,324.1471819593175
2025-01-29T07:45:00,2025-01-29,2,0,7.75,0.8968727415326884,-0.44228869021900113,0.9749279121818236,-0.22252093395631434,1.2,13.790619886418694,1977,253.56617448919926,313.1001190656897
2025-01-29T08:00:00,2025-01-29,2,0,8.0,0.8660254037844388,-0.4999999999999998,0.9749279121818236,-0.22252093395631434,1.2,14.070795355730278,1977,236.46966421986147,309.1191666847373
2025-01-29T08:15:00,2025-01-29,2,0,8.25,0.8314696123025451,-0.5555702330196023,0.9749279121818236,-0.22252093395631434,1.2,13.595234545110134,1977,208.4814021009209,289.8346272110531
2025-01-29T08:30:00,2025-01-29,2,0,8.5,0.7933533402912352,-0.6087614290087207,0.9749279121818236,-0.22252093395631434,1.2,14.83452428447027,1977,190.44986925484145,277.6922071512415
2025-01-29T08:45:00,2025-01-29,2,0,8.75,0.7518398074789774,-0.6593458151000688,0.9749279121818236,-0.22252093395631434,1.2,14.68532774833951,1977,172.29792957979754,272.184790271446
2025-01-29T09:00:00,2025-01-29,2,0,9.0,0.7071067811865476,-0.7071067811865475,0.9749279121818236,-0.22252093395631434,1.2,13.489819767603109,1977,162.65865299960024,253.84866391066325
2025-01-29T09:15:00,2025-01-29,2,0,9.25,0.659345815100069,-0.7518398074789773,0.9749279121818236,-0.22252093395631434,1.2,14.52496646844367,1977,145.12180627144917,250.8486639106632
2025-01-29T09:30:00,2025-01-29,2,0,9.5,0.6087614290087209,-0.7933533402912349,0.9749279121818236,-0.22252093395631434,1.2,14.717843486057289,1977,155.8104977828363,234.3416533535799
2025-01-29T09:45:00,2025-01-29,2,0,9.75,0.5555702330196025,-0.831469612302545,0.9749279121818236,-0.22252093395631434,1.2,14.217386955654439,1977,140.1545157738408,222.57862576023368
2025-01-29T10:00:00,2025-01-29,2,0,10.0,0.49999999999999994,-0.8660254037844387,0.9749279121818236,-0.22252093395631434,1.0,13.967381500266187,1977,124.782902393727,218.97608131816898
2025-01-29T10:15:00,2025-01-29,2,0,10.25,0.4422886902190017,-0.8968727415326881,0.9749279121818236,-0.22252093395631434,1.0,14.09883781819964,1977,121.08251364692393,212.81030291704687
2025-01-29T10:30:00,2025-01-29,2,0,10.5,0.38268343236508984,-0.9238795325112867,0.9749279121818236,-0.22252093395631434,1.0,14.240504139695213,1977,111.64145084499157,198.93181049561974
2025-01-29T10:45:00,2025-01-29,2,0,10.75,0.32143946530316175,-0.9469301294951056,0.9749279121818236,-0.22252093395631434,1.0,14.548907392313751,1977,108.02155117943971,191.62380037369655
2025-01-29T11:00:00,2025-01-29,2,0,11.0,0.258819045102521,-0.9659258262890682,0.9749279121818236,-0.22252093395631434,1.0,14.819037122689233,1977,96.48565412796546,177.27283732708136
2025-01-29T11:15:00,2025-01-29,2,0,11.25,0.19509032201612816,-0.9807852804032304,0.9749279121818236,-0.22252093395631434,1.0,14.94934460969967,1977,85.18942427086606,169.32018032225054
2025-01-29T11:30:00,2025-01-29,2,0,11.5,0.130526192220052,-0.9914448613738104,0.9749279121818236,-0.22252093395631434,1.0,14.405113092435503,1977,83.18942427086606,159.53737493922773
2025-01-29T11:45:00,2025-01-29,2,0,11.75,0.06540312923014312,-0.9978589232386035,0.9749279121818236,-0.22252093395631434,1.0,15.652482580207591,1977,71.60988018874045,164.53737493922776
2025-01-29T12:00:00,2025-01-29,2,0,12.0,1.2246467991473532e-16,-1.0,0.9749279121818236,-0.22252093395631434,1.0,15.43293312089418,1977,67.87093420718577,144.99713398247016
2025-01-29T12:15:00,2025-01-29,2,0,12.25,-0.06540312923014287,-0.9978589232386035,0.9749279121818236,-0.22252093395631434,1.0,17.00450307969407,1977,66.42798253268518,152.99713398247036
2025-01-29T12:30:00,2025-01-29,2,0,12.5,-0.13052619222005177,-0.9914448613738104,0.9749279121818236,-0.22252093395631434,1.0,16.49303029626438,1977,82.01573531652492,158.3612619185024
2025-01-29T12:45:00,2025-01-29,2,0,12.75,-0.19509032201612794,-0.9807852804032305,0.9749279121818236,-0.22252093395631434,1.0,15.62291444518021,1977,113.99799926452405,171.9034169279542
2025-01-29T13:00:00,2025-01-29,2,0,13.0,-0.2588190451025208,-0.9659258262890683,0.9749279121818236,-0.22252093395631434,1.0,17.770625021463182,1977,135.22783018239843,159.98398283547638
2025-01-29T13:15:00,2025-01-29,2,0,13.25,-0.32143946530316153,-0.9469301294951057,0.9749279121818236,-0.22252093395631434,1.0,17.521541585748814,1977,201.74522138057225,197.52989297521884
2025-01-29T13:30:00,2025-01-29,2,0,13.5,-0.38268343236508967,-0.9238795325112867,0.9749279121818236,-0.22252093395631434,1.0,17.94575207318737,1977,244.9569288543961,282.24218949675475
2025-01-29T13:45:00,2025-01-29,2,0,13.75,-0.4422886902190015,-0.8968727415326883,0.9749279121818236,-0.22252093395631434,1.0,17.53173091357099,1977,291.3101078430193,283.23016349010277
2025-01-29T14:00:00,2025-01-29,2,0,14.0,-0.4999999999999998,-0.8660254037844388,0.9749279121818236,-0.22252093395631434,1.0,18.17355222706713,1977,232.38028900243958,299.8225075354716
2025-01-29T14:15:00,2025-01-29,2,0,14.25,-0.555570233019602,-0.8314696123025455,0.9749279121818236,-0.22252093395631434,1.0,19.86861632582196,1977,232.29915341891555,393.809684333375
2025-01-29T14:30:00,2025-01-29,2,0,14.5,-0.6087614290087207,-0.7933533402912352,0.9749279121818236,-0.22252093395631434,1.0,18.568897745958445,1977,264.3742478986957,414.73776707728996
2025-01-29T14:45:00,2025-01-29,2,0,14.75,-0.6593458151000688,-0.7518398074789774,0.9749279121818236,-0.22252093395631434,1.0,19.134606663584297,1977,401.44379717778855,544.9248416720152
2025-01-29T15:00:00,2025-01-29,2,0,15.0,-0.7071067811865471,-0.7071067811865479,0.9749279121818236,-0.22252093395631434,1.0,19.645775715259067,1977,491.2510588113451,738.9773849160205
2025-01-29T15:15:00,2025-01-29,2,0,15.25,-0.7518398074789773,-0.6593458151000691,0.9749279121818236,-0.22252093395631434,1.0,20.273777195129583,1977,680.248393180703,922.7440216841493
2025-01-29T15:30:00,2025-01-29,2,0,15.5,-0.7933533402912349,-0.6087614290087209,0.9749279121818236,-0.22252093395631434,1.0,20.43255646595135,1977,798.991523058072,994.2023353511589
2025-01-29T15:45:00,2025-01-29,2,0,15.75,-0.8314696123025452,-0.5555702330196022,0.9749279121818236,-0.22252093395631434,1.0,22.198613906208838,1977,878.4619626408752,1056.8168984613324
2025-01-29T16:00:00,2025-01-29,2,0,16.0,-0.8660254037844384,-0.5000000000000004,0.9749279121818236,-0.22252093395631434,1.0,21.6260830611471,1977,900.1534412375842,1055.7151644753203
2025-01-29T16:15:00,2025-01-29,2,0,16.25,-0.8968727415326883,-0.44228869021900136,0.9749279121818236,-0.22252093395631434,1.0,21.648630487718343,1977,1056.569324935192,1132.6069281835235
2025-01-29T16:30:00,2025-01-29,2,0,16.5,-0.9238795325112868,-0.3826834323650895,0.9749279121818236,-0.22252093395631434,1.0,22.213970586153597,1977,1080.09621934513,1092.7335605391752
2025-01-29T16:45:00,2025-01-29,2,0,16.75,-0.9469301294951056,-0.3214394653031618,0.9749279121818236,-0.22252093395631434,1.0,22.18034308082766,1977,1141.6249712026065,1181.2899965651056
2025-01-29T17:00:00,2025-01-29,2,0,17.0,-0.9659258262890683,-0.25881904510252063,0.9749279121818236,-0.22252093395631434,1.0,21.53847658094398,1977,1108.0513540950762,1221.6890653086882
2025-01-29T17:15:00,2025-01-29,2,0,17.25,-0.9807852804032303,-0.19509032201612866,0.9749279121818236,-0.22252093395631434,1.0,22.422535357859868,1977,1136.1114257223219,1258.0635049249436
2025-01-29T17:30:00,2025-01-29,2,0,17.5,-0.9914448613738104,-0.13052619222005163,0.9749279121818236,-0.22252093395631434,1.0,22.714016381991453,1977,1161.1385793058346,1290.4752354770005
2025-01-29T17:45:00,2025-01-29,2,0,17.75,-0.9978589232386035,-0.06540312923014273,0.9749279121818236,-0.22252093395631434,1.0,24.89566126551681,1977,1148.321769782025,1305.5372655133892
2025-01-29T18:00:00,2025-01-29,2,0,18.0,-1.0,-1.8369701987210297e-16,0.9749279121818236,-0.22252093395631434,1.7,24.292177107035318,1977,1041.6858090881294,622.47653877701
2025-01-29T18:15:00,2025-01-29,2,0,18.25,-0.9978589232386036,0.06540312923014237,0.9749279121818236,-0.22252093395631434,1.7,24.14301281571176,1977,988.370878632497,586.9954099140119
2025-01-29T18:30:00,2025-01-29,2,0,18.5,-0.9914448613738105,0.13052619222005124,0.9749279121818236,-0.22252093395631434,1.7,25.204621577577875,1977,999.7215101929653,549.4586378591123
2025-01-29T18:45:00,2025-01-29,2,0,18.75,-0.9807852804032304,0.19509032201612828,0.9749279121818236,-0.22252093395631434,1.7,25.196398617902172,1977,1016.9438042845842,552.0616659246775
2025-01-29T19:00:00,2025-01-29,2,0,19.0,-0.9659258262890684,0.2588190451025203,0.9749279121818236,-0.22252093395631434,1.7,25.020388201574082,1977,1099.8776735701,558.8037652172931
2025-01-29T19:15:00,2025-01-29,2,0,19.25,-0.9469301294951057,0.3214394653031615,0.9749279121818236,-0.22252093395631434,1.7,26.67926368442253,1977,1053.4632859830488,570.4986735807639
2025-01-29T19:30:00,2025-01-29,2,0,19.5,-0.923879532511287,0.38268343236508917,0.9749279121818236,-0.22252093395631434,1.7,26.364342411501955,1977,970.6582879290072,558.8484320467502
2025-01-29T19:45:00,2025-01-29,2,0,19.75,-0.8968727415326885,0.4422886902190011,0.9749279121818236,-0.22252093395631434,1.7,25.831956967719634,1977,1004.8201117602974,541.3456510356287
2025-01-29T20:00:00,2025-01-29,2,0,20.0,-0.8660254037844386,0.5,0.9749279121818236,-0.22252093395631434,1.7,26.263685180717978,1977,1128.8217229027778,554.4779783459994
2025-01-29T20:15:00,2025-01-29,2,0,20.25,-0.8314696123025456,0.5555702330196018,0.9749279121818236,-0.22252093395631434,1.7,25.921425238182806,1977,1229.3195952691158,565.1713036800854
2025-01-29T20:30:00,2025-01-29,2,0,20.5,-0.7933533402912357,0.6087614290087199,0.9749279121818236,-0.22252093395631434,1.7,27.654131279903314,1977,1145.4080711343793,584.0610393284951
2025-01-29T20:45:00,2025-01-29,2,0,20.75,-0.7518398074789773,0.6593458151000691,0.9749279121818236,-0.22252093395631434,1.7,26.72942332592684,1977,1255.4351152916504,607.1192039476922
2025-01-29T21:00:00,2025-01-29,2,0,21.0,-0.7071067811865477,0.7071067811865475,0.9749279121818236,-0.22252093395631434,1.7,27.06810950504019,1977,1473.1376136290617,611.0357384389763
2025-01-29T21:15:00,2025-01-29,2,0,21.25,-0.6593458151000687,0.7518398074789775,0.9749279121818236,-0.22252093395631434,1.0,26.29387143380701,1977,1600.035282868035,1361.4812972952311
2025-01-29T21:30:00,2025-01-29,2,0,21.5,-0.6087614290087209,0.7933533402912349,0.9749279121818236,-0.22252093395631434,1.0,25.65497570948369,1977,1541.448847845381,1387.157124214937
2025-01-29T21:45:00,2025-01-29,2,0,21.75,-0.555570233019603,0.8314696123025447,0.9749279121818236,-0.22252093395631434,1.0,26.027090877998678,1977,1528.1683832100227,1430.7488017403111
2025-01-29T22:00:00,2025-01-29,2,0,22.0,-0.5000000000000004,0.8660254037844384,0.9749279121818236,-0.22252093395631434,1.0,26.013784365126718,1977,1575.2270824784532,1504.2075247202295
2025-01-29T22:15:00,2025-01-29,2,0,22.25,-0.4422886902190014,0.8968727415326883,0.9749279121818236,-0.22252093395631434,1.0,26.458748036433928,1977,1528.3601450294761,1440.5511547393446
2025-01-29T22:30:00,2025-01-29,2,0,22.5,-0.38268343236508956,0.9238795325112868,0.9749279121818236,-0.22252093395631434,1.0,24.756536853828113,1977,1467.81646937542,1497.5652721816266
2025-01-29T22:45:00,2025-01-29,2,0,22.75,-0.32143946530316186,0.9469301294951056,0.9749279121818236,-0.22252093395631434,1.0,25.762045177915233,1977,1466.5155504997203,1486.5480667178465
2025-01-29T23:00:00,2025-01-29,2,0,23.0,-0.2588190451025215,0.9659258262890681,0.9749279121818236,-0.22252093395631434,1.0,24.92614313558807,1977,1515.4251060552756,1527.402637977735
2025-01-29T23:15:00,2025-01-29,2,0,23.25,-0.19509032201612872,0.9807852804032303,0.9749279121818236,-0.22252093395631434,1.0,25.105053128463013,1977,1558.7867269223314,1508.8165656080757
2025-01-29T23:30:00,2025-01-29,2,0,23.5,-0.13052619222005168,0.9914448613738104,0.9749279121818236,-0.22252093395631434,1.0,25.350947904667166,1977,1536.7121220295971,1513.8246671607021
2025-01-29T23:45:00,2025-01-29,2,0,23.75,-0.0654031292301428,0.9978589232386035,0.9749279121818236,-0.22252093395631434,1.0,24.309909815476693,1977,1606.5252306108202,1599.0370920732516
2025-01-30T00:00:00,2025-01-30,3,0,0.0,0.0,1.0,0.43388373911755823,-0.900968867902419,1.0,25.11659319652254,1794,75.30138216855607,142.28525462148684
2025-01-30T00:15:00,2025-01-30,3,0,0.25,0.06540312923014306,0.9978589232386035,0.43388373911755823,-0.900968867902419,1.0,25.655683406804496,1794,177.51134923047968,196.5140379835887
2025-01-30T00:30:00,2025-01-30,3,0,0.5,0.13052619222005157,0.9914448613738104,0.43388373911755823,-0.900968867902419,1.0,23.896984756303866,1794,223.9199777532737,241.0994075730415
2025-01-30T00:45:00,2025-01-30,3,0,0.75,0.19509032201612825,0.9807852804032304,0.43388373911755823,-0.900968867902419,1.0,25.573017955714967,1794,225.59055746341866,324.6107418770202
2025-01-30T01:00:00,2025-01-30,3,0,1.0,0.25881904510252074,0.9659258262890683,0.43388373911755823,-0.900968867902419,1.0,23.919319052314798,1794,253.12142749917996,369.0724009657765
2025-01-30T01:15:00,2025-01-30,3,0,1.25,0.3214394653031616,0.9469301294951057,0.43388373911755823,-0.900968867902419,1.0,24.504849440423772,1794,313.1761933649843,402.3770313451893
2025-01-30T01:30:00,2025-01-30,3,0,1.5,0.3826834323650898,0.9238795325112867,0.43388373911755823,-0.900968867902419,1.0,22.422382303772903,1794,379.61935836718806,444.0685780820649
2025-01-30T01:45:00,2025-01-30,3,0,1.75,0.44228869021900125,0.8968727415326884,0.43388373911755823,-0.900968867902419,1.0,23.18862279649086,1794,437.8624067228179,531.7476071552809
2025-01-30T02:00:00,2025-01-30,3,0,2.0,0.49999999999999994,0.8660254037844387,0.43388373911755823,-0.900968867902419,1.0,21.658058263069467,1794,445.58581847002347,596.9845169604517
2025-01-30T02:15:00,2025-01-30,3,0,2.25,0.5555702330196022,0.8314696123025452,0.43388373911755823,-0.900968867902419,1.0,21.388041402235405,1794,495.6647902373865,656.8782367217315
2025-01-30T02:30:00,2025-01-30,3,0,2.5,0.6087614290087207,0.7933533402912352,0.43388373911755823,-0.900968867902419,1.0,21.817385141746534,1794,517.4994469192401,663.2686394032577
2025-01-30T02:45:00,2025-01-30,3,0,2.75,0.6593458151000688,0.7518398074789774,0.43388373911755823,-0.900968867902419,1.0,21.07500108028275,1794,543.5194957732591,705.3517553452867
2025-01-30T03:00:00,2025-01-30,3,0,3.0,0.7071067811865475,0.7071067811865476,0.43388373911755823,-0.900968867902419,1.0,20.54024132174368,1794,502.0833532382578,721.9323132122098
2025-01-30T03:15:00,2025-01-30,3,0,3.25,0.7518398074789774,0.659345815100069,0.43388373911755823,-0.900968867902419,1.0,20.09994811786559,1794,473.6915089955441,661.963514040367
2025-01-30T03:30:00,2025-01-30,3,0,3.5,0.793353340291235,0.6087614290087208,0.43388373911755823,-0.900968867902419,1.0,19.896149003108032,1794,451.2289244544813,632.2233737384993
2025-01-30T03:45:00,2025-01-30,3,0,3.75,0.8314696123025451,0.5555702330196024,0.43388373911755823,-0.900968867902419,1.0,20.234599816319967,1794,527.6602919361045,618.5684061276077
2025-01-30T04:00:00,2025-01-30,3,0,4.0,0.8660254037844386,0.5000000000000001,0.43388373911755823,-0.900968867902419,1.0,19.324592985237082,1794,476.9605046219692,616.0668215839112
2025-01-30T04:15:00,2025-01-30,3,0,4.25,0.8968727415326884,0.44228869021900125,0.43388373911755823,-0.900968867902419,1.0,18.90816411622753,1794,474.2143321746271,591.3581859200578
2025-01-30T04:30:00,2025-01-30,3,0,4.5,0.9238795325112867,0.38268343236508984,0.43388373911755823,-0.900968867902419,1.0,18.743016487136686,1794,439.9496565362558,570.4577801427341
2025-01-30T04:45:00,2025-01-30,3,0,4.75,0.9469301294951056,0.3214394653031617,0.43388373911755823,-0.900968867902419,1.0,19.087127701950486,1794,393.8462593101378,518.053014832719
2025-01-30T05:00:00,2025-01-30,3,0,5.0,0.9659258262890683,0.25881904510252074,0.43388373911755823,-0.900968867902419,1.0,17.65086000324185,1794,380.8359306050265,492.56355685273115
2025-01-30T05:15:00,2025-01-30,3,0,5.25,0.9807852804032304,0.1950903220161283,0.43388373911755823,-0.900968867902419,1.0,17.459785650172336,1794,357.0690568990224,461.2911966042839
2025-01-30T05:30:00,2025-01-30,3,0,5.5,0.9914448613738104,0.1305261922200517,0.43388373911755823,-0.900968867902419,1.0,17.55059628485013,1794,328.94443554850596,445.86892607288286
2025-01-30T05:45:00,2025-01-30,3,0,5.75,0.9978589232386035,0.06540312923014327,0.43388373911755823,-0.900968867902419,1.0,18.13993091174099,1794,307.4973999037789,420.299820300139
2025-01-30T06:00:00,2025-01-30,3,0,6.0,1.0,6.123233995736766e-17,0.43388373911755823,-0.900968867902419,1.0,16.297394670321065,1794,345.9809933634593,419.9731536334723
2025-01-30T06:15:00,2025-01-30,3,0,6.25,0.9978589232386035,-0.06540312923014316,0.43388373911755823,-0.900968867902419,1.0,16.62649239009803,1794,325.5390801565289,436.9091439716366
2025-01-30T06:30:00,2025-01-30,3,0,6.5,0.9914448613738104,-0.1305261922200516,0.43388373911755823,-0.900968867902419,1.0,16.115955973865784,1794,313.91473233044195,421.71992207402167
2025-01-30T06:45:00,2025-01-30,3,0,6.75,0.9807852804032304,-0.1950903220161282,0.43388373911755823,-0.900968867902419,1.0,16.635693349469168,1794,278.4990861086395,401.2548910181209
2025-01-30T07:00:00,2025-01-30,3,0,7.0,0.9659258262890683,-0.25881904510252063,0.43388373911755823,-0.900968867902419,1.2,16.40153359790848,1794,260.7960426303787,373.1500701437351
2025-01-30T07:15:00,2025-01-30,3,0,7.25,0.9469301294951057,-0.3214394653031616,0.43388373911755823,-0.900968867902419,1.2,14.785817965885736,1794,236.6948107463207,363.04137449156127
2025-01-30T07:30:00,2025-01-30,3,0,7.5,0.9238795325112868,-0.3826834323650895,0.43388373911755823,-0.900968867902419,1.2,15.188312144948021,1794,227.62382676462738,345.93575612599494
2025-01-30T07:45:00,2025-01-30,3,0,7.75,0.8968727415326884,-0.44228869021900113,0.43388373911755823,-0.900968867902419,1.2,15.257273448566412,1794,221.40855008478547,328.60287477780344
2025-01-30T08:00:00,2025-01-30,3,0,8.0,0.8660254037844388,-0.4999999999999998,0.43388373911755823,-0.900968867902419,1.2,14.402526673037773,1794,207.79612163514477,325.37139051993233
2025-01-30T08:15:00,2025-01-30,3,0,8.25,0.8314696123025451,-0.5555702330196023,0.43388373911755823,-0.900968867902419,1.2,15.152926378295417,1794,201.1929366457536,303.2233032879636
2025-01-30T08:30:00,2025-01-30,3,0,8.5,0.7933533402912352,-0.6087614290087207,0.43388373911755823,-0.900968867902419,1.2,15.092220297512497,1794,204.29067577618838,304.4600786502823
2025-01-30T08:45:00,2025-01-30,3,0,8.75,0.7518398074789774,-0.6593458151000688,0.43388373911755823,-0.900968867902419,1.2,14.819287872557945,1794,192.03741490662318,270.35759612055904
2025-01-30T09:00:00,2025-01-30,3,0,9.0,0.7071067811865476,-0.7071067811865475,0.43388373911755823,-0.900968867902419,1.2,14.641333319544813,1794,177.1294806249161,260.69530289848296
2025-01-30T09:15:00,2025-01-30,3,0,9.25,0.659345815100069,-0.7518398074789773,0.43388373911755823,-0.900968867902419,1.2,15.70952697609398,1794,159.36702243093612,237.98769420283068
2025-01-30T09:30:00,2025-01-30,3,0,9.5,0.6087614290087209,-0.7933533402912349,0.43388373911755823,-0.900968867902419,1.2,14.669092586519628,1794,154.71359433729063,233.90230306635257
2025-01-30T09:45:00,2025-01-30,3,0,9.75,0.5555702330196025,-0.831469612302545,0.43388373911755823,-0.900968867902419,1.2,15.538820317895098,1794,137.1112407257899,227.48434465425422
2025-01-30T10:00:00,2025-01-30,3,0,10.0,0.49999999999999994,-0.8660254037844387,0.43388373911755823,-0.900968867902419,1.0,15.59656792480517,1794,128.1112407257899,213.60348803541714
2025-01-30T10:15:00,2025-01-30,3,0,10.25,0.4422886902190017,-0.8968727415326881,0.43388373911755823,-0.900968867902419,1.0,14.65771037835647,1794,112.44491607218266,202.8169731975979
2025-01-30T10:30:00,2025-01-30,3,0,10.5,0.38268343236508984,-0.9238795325112867,0.43388373911755823,-0.900968867902419,1.0,15.120688268502922,1794,94.09120021798856,190.8628016347307
2025-01-30T10:45:00,2025-01-30,3,0,10.75,0.32143946530316175,-0.9469301294951056,0.43388373911755823,-0.900968867902419,1.0,15.626277354988739,1794,79.49468876087928,180.28424745943738
2025-01-30T11:00:00,2025-01-30,3,0,11.0,0.258819045102521,-0.9659258262890682,0.43388373911755823,-0.900968867902419,1.0,16.050405292803475,1794,73.37919963044449,168.39801557537942
2025-01-30T11:15:00,2025-01-30,3,0,11.25,0.19509032201612816,-0.9807852804032304,0.43388373911755823,-0.900968867902419,1.0,17.244178224052106,1794,72.37919963044449,155.9410734371295
2025-01-30T11:30:00,2025-01-30,3,0,11.5,0.130526192220052,-0.9914448613738104,0.43388373911755823,-0.900968867902419,1.0,15.304382869513367,1794,65.00574567419281,143.03842837687571
2025-01-30T11:45:00,2025-01-30,3,0,11.75,0.06540312923014312,-0.9978589232386035,0.43388373911755823,-0.900968867902419,1.0,16.302960812361167,1794,63.19768065264952,139.24792766100475
2025-01-30T12:00:00,2025-01-30,3,0,12.0,1.2246467991473532e-16,-1.0,0.43388373911755823,-0.900968867902419,1.0,16.861957070688128,1794,52.98747784581093,134.18555161226365
2025-01-30T12:15:00,2025-01-30,3,0,12.25,-0.06540312923014287,-0.9978589232386035,0.43388373911755823,-0.900968867902419,1.0,17.854313349407708,1794,55.991825671897885,138.278214655742
2025-01-30T12:30:00,2025-01-30,3,0,12.5,-0.13052619222005177,-0.9914448613738104,0.43388373911755823,-0.900968867902419,1.0,17.58232030567242,1794,54.024691497049815,158.92372190211896
2025-01-30T12:45:00,2025-01-30,3,0,12.75,-0.19509032201612794,-0.9807852804032305,0.43388373911755823,-0.900968867902419,1.0,17.927360586753537,1794,53.06039565583998,168.4964055864092
2025-01-30T13:00:00,2025-01-30,3,0,13.0,-0.2588190451025208,-0.9659258262890683,0.43388373911755823,-0.900968867902419,1.0,17.398235060023623,1794,83.3720820853525,205.87176790525012
2025-01-30T13:15:00,2025-01-30,3,0,13.25,-0.32143946530316153,-0.9469301294951057,0.43388373911755823,-0.900968867902419,1.0,18.009478351362045,1794,144.62746684257374,224.3297389197429
2025-01-30T13:30:00,2025-01-30,3,0,13.5,-0.38268343236508967,-0.9238795325112867,0.43388373911755823,-0.900968867902419,1.0,17.93916420523709,1794,190.5217025833312,247.49278239800378
2025-01-30T13:45:00,2025-01-30,3,0,13.75,-0.4422886902190015,-0.8968727415326883,0.43388373911755823,-0.900968867902419,1.0,19.953645918670464,1794,214.46308744645515,266.45824627332814
2025-01-30T14:00:00,2025-01-30,3,0,14.0,-0.4999999999999998,-0.8660254037844388,0.43388373911755823,-0.900968867902419,1.0,19.19590116569056,1794,201.8907123839864,258.1862762313442
2025-01-30T14:15:00,2025-01-30,3,0,14.25,-0.555570233019602,-0.8314696123025455,0.43388373911755823,-0.900968867902419,1.0,18.656534534910147,1794,197.66327382065936,283.8149316258691
2025-01-30T14:30:00,2025-01-30,3,0,14.5,-0.6087614290087207,-0.7933533402912352,0.43388373911755823,-0.900968867902419,1.0,21.074250080190126,1794,272.31332974938533,337.8304913821352
2025-01-30T14:45:00,2025-01-30,3,0,14.75,-0.6593458151000688,-0.7518398074789774,0.43388373911755823,-0.900968867902419,1.0,20.276540618006898,1794,329.58312847703576,454.4444270056008
2025-01-30T15:00:00,2025-01-30,3,0,15.0,-0.7071067811865471,-0.7071067811865479,0.43388373911755823,-0.900968867902419,1.0,22.07698041515468,1794,438.6864982147859,556.7416705385109
2025-01-30T15:15:00,2025-01-30,3,0,15.25,-0.7518398074789773,-0.6593458151000691,0.43388373911755823,-0.900968867902419,1.0,21.5978648568241,1794,631.4460979532488,799.9255685592065
2025-01-30T15:30:00,2025-01-30,3,0,15.5,-0.7933533402912349,-0.6087614290087209,0.43388373911755823,-0.900968867902419,1.0,21.901347565877174,1794,752.9620330929595,931.5447031366218
2025-01-30T15:45:00,2025-01-30,3,0,15.75,-0.8314696123025452,-0.5555702330196022,0.43388373911755823,-0.900968867902419,1.0,22.185107946035696,1794,886.059706656253,1086.1270462382813
2025-01-30T16:00:00,2025-01-30,3,0,16.0,-0.8660254037844384,-0.5000000000000004,0.43388373911755823,-0.900968867902419,1.0,22.669666341171585,1794,877.0597436266457,998.2824472235579
2025-01-30T16:15:00,2025-01-30,3,0,16.25,-0.8968727415326883,-0.44228869021900136,0.43388373911755823,-0.900968867902419,1.0,21.833881471892333,1794,970.7036823965661,1147.0892309906155
2025-01-30T16:30:00,2025-01-30,3,0,16.5,-0.9238795325112868,-0.3826834323650895,0.43388373911755823,-0.900968867902419,1.0,23.055762263770553,1794,946.0018771989623,1136.5757533426968
2025-01-30T16:45:00,2025-01-30,3,0,16.75,-0.9469301294951056,-0.3214394653031618,0.43388373911755823,-0.900968867902419,1.0,23.991324445910507,1794,1009.7561920689953,1111.2666835078658
2025-01-30T17:00:00,2025-01-30,3,0,17.0,-0.9659258262890683,-0.25881904510252063,0.43388373911755823,-0.900968867902419,1.0,23.47745572313232,1794,1003.4588444587795,1081.8563756201013
2025-01-30T17:15:00,2025-01-30,3,0,17.25,-0.9807852804032303,-0.19509032201612866,0.43388373911755823,-0.900968867902419,1.0,24.955754983971318,1794,1017.5838243299551,1148.7269193166474
2025-01-30T17:30:00,2025-01-30,3,0,17.5,-0.9914448613738104,-0.13052619222005163,0.43388373911755823,-0.900968867902419,1.0,24.139819598254032,1794,1006.628797407306,1190.9024277400201
2025-01-30T17:45:00,2025-01-30,3,0,17.75,-0.9978589232386035,-0.06540312923014273,0.43388373911755823,-0.900968867902419,1.0,25.118806473175013,1794,1051.7403271360315,1219.8432862703787
2025-01-30T18:00:00,2025-01-30,3,0,18.0,-1.0,-1.8369701987210297e-16,0.43388373911755823,-0.900968867902419,1.7,24.78987593972767,1794,1011.0285838913537,523.1365169112102
2025-01-30T18:15:00,2025-01-30,3,0,18.25,-0.9978589232386036,0.06540312923014237,0.43388373911755823,-0.900968867902419,1.7,25.395497448667044,1794,1074.279497524035,483.716298239549
2025-01-30T18:30:00,2025-01-30,3,0,18.5,-0.9914448613738105,0.13052619222005124,0.43388373911755823,-0.900968867902419,1.7,25.028251447688756,1794,1002.1612479844298,472.7195799306839
2025-01-30T18:45:00,2025-01-30,3,0,18.75,-0.9807852804032304,0.19509032201612828,0.43388373911755823,-0.900968867902419,1.7,26.193608594170488,1794,1034.307138066215,528.4075996002223
2025-01-30T19:00:00,2025-01-30,3,0,19.0,-0.9659258262890684,0.2588190451025203,0.43388373911755823,-0.900968867902419,1.7,25.89754270306149,1794,1177.051529665309,501.6367121221955
2025-01-30T19:15:00,2025-01-30,3,0,19.25,-0.9469301294951057,0.3214394653031615,0.43388373911755823,-0.900968867902419,1.7,25.758088710323236,1794,1167.239597567087,496.04554560866194
2025-01-30T19:30:00,2025-01-30,3,0,19.5,-0.923879532511287,0.38268343236508917,0.43388373911755823,-0.900968867902419,1.7,26.74004594607763,1794,1146.8986506896533,506.08286119766217
2025-01-30T19:45:00,2025-01-30,3,0,19.75,-0.8968727415326885,0.4422886902190011,0.43388373911755823,-0.900968867902419,1.7,26.868859644895956,1794,1080.244811374663,524.6946004191466
2025-01-30T20:00:00,2025-01-30,3,0,20.0,-0.8660254037844386,0.5,0.43388373911755823,-0.900968867902419,1.7,26.947247451384328,1794,1035.5335601534398,528.6848501603474
2025-01-30T20:15:00,2025-01-30,3,0,20.25,-0.8314696123025456,0.5555702330196018,0.43388373911755823,-0.900968867902419,1.7,26.46411048376986,1794,1152.5121017808947,567.7717976241154
2025-01-30T20:30:00,2025-01-30,3,0,20.5,-0.7933533402912357,0.6087614290087199,0.43388373911755823,-0.900968867902419,1.7,27.564194944817064,1794,1178.7053505993067,592.2833560472212
2025-01-30T20:45:00,2025-01-30,3,0,20.75,-0.7518398074789773,0.6593458151000691,0.43388373911755823,-0.900968867902419,1.7,27.232827914031606,1794,1230.9312842905088,619.0159300468223
2025-01-30T21:00:00,2025-01-30,3,0,21.0,-0.7071067811865477,0.7071067811865475,0.43388373911755823,-0.900968867902419,1.7,26.343256595767546,1794,1351.3849916449064,645.8627384088747
2025-01-30T21:15:00,2025-01-30,3,0,21.25,-0.6593458151000687,0.7518398074789775,0.43388373911755823,-0.900968867902419,1.0,26.70744906843047,1794,1372.2938252472943,1455.6742357038552
2025-01-30T21:30:00,2025-01-30,3,0,21.5,-0.6087614290087209,0.7933533402912349,0.43388373911755823,-0.900968867902419,1.0,28.14831474740947,1794,1377.046728231038,1466.0007591849612
2025-01-30T21:45:00,2025-01-30,3,0,21.75,-0.555570233019603,0.8314696123025447,0.43388373911755823,-0.900968867902419,1.0,25.942746999498457,1794,1436.1312197988323,1502.3769153381963
2025-01-30T22:00:00,2025-01-30,3,0,22.0,-0.5000000000000004,0.8660254037844384,0.43388373911755823,-0.900968867902419,1.0,27.00288450307218,1794,1431.22236966346,1463.975014297932
2025-01-30T22:15:00,2025-01-30,3,0,22.25,-0.4422886902190014,0.8968727415326883,0.43388373911755823,-0.900968867902419,1.0,27.183269060354135,1794,1342.164975736936,1464.3611839260825
2025-01-30T22:30:00,2025-01-30,3,0,22.5,-0.38268343236508956,0.9238795325112868,0.43388373911755823,-0.900968867902419,1.0,26.08126662541643,1794,1311.811567816354,1475.532608639051
2025-01-30T22:45:00,2025-01-30,3,0,22.75,-0.32143946530316186,0.9469301294951056,0.43388373911755823,-0.900968867902419,1.0,26.42661718942954,1794,1295.588575705939,1549.9417722079704
2025-01-30T23:00:00,2025-01-30,3,0,23.0,-0.2588190451025215,0.9659258262890681,0.43388373911755823,-0.900968867902419,1.0,25.535227855622455,1794,1320.396762281843,1499.41872862822
2025-01-30T23:15:00,2025-01-30,3,0,23.25,-0.19509032201612872,0.9807852804032303,0.43388373911755823,-0.900968867902419,1.0,25.738795528092485,1794,1349.5104670528822,1502.734016046613
2025-01-30T23:30:00,2025-01-30,3,0,23.5,-0.13052619222005168,0.9914448613738104,0.43388373911755823,-0.900968867902419,1.0,25.83787441292809,1794,1365.040318011103,1557.3146311555547
2025-01-30T23:45:00,2025-01-30,3,0,23.75,-0.0654031292301428,0.9978589232386035,0.43388373911755823,-0.900968867902419,1.0,25.31369955369572,1794,1452.400794753251,1591.084381767262
